id,type_code,lemma,yo,gender,paradigm,declinable,nom,gen,dat,acc,ins,pre,loc2,review,source
wd:Q649,city,Москва,,f,noun_f1,always,Москва,Москвы,Москве,Москву,Москвой,Москве,,gold,manual
wd:Q656,city,Санкт-Петербург,,m,noun_m2,always,Санкт-Петербург,Санкт-Петербурга,Санкт-Петербургу,Санкт-Петербург,Санкт-Петербургом,Санкт-Петербурге,,gold,Розенталь; Грамота.ру
wd:Q883,city,Новосибирск,,m,noun_m2,always,Новосибирск,Новосибирска,Новосибирску,Новосибирск,Новосибирском,Новосибирске,,gold,Розенталь; Грамота.ру
wd:Q887,city,Екатеринбург,,m,noun_m2,always,Екатеринбург,Екатеринбурга,Екатеринбургу,Екатеринбург,Екатеринбургом,Екатеринбурге,,gold,Розенталь; Грамота.ру
wd:Q900,city,Казань,,f,noun_f3,always,Казань,Казани,Казани,Казань,Казанью,Казани,,gold,Розенталь; Грамота.ру
wd:Q891,city,Нижний Новгород,,m,mixed_phrase,always,Нижний Новгород,Нижнего Новгорода,Нижнему Новгороду,Нижний Новгород,Нижним Новгородом,Нижнем Новгороде,,gold,manual
wd:Q906,city,Челябинск,,m,noun_m2,always,Челябинск,Челябинска,Челябинску,Челябинск,Челябинском,Челябинске,,gold,Розенталь; Грамота.ру
wd:Q894,city,Самара,,f,noun_f1,always,Самара,Самары,Самаре,Самару,Самарой,Самаре,,gold,Розенталь; Грамота.ру
wd:Q898,city,Омск,,m,noun_m2,always,Омск,Омска,Омску,Омск,Омском,Омске,,gold,Розенталь; Грамота.ру
wd:Q908,city,Ростов-на-Дону,,m,mixed_phrase,always,Ростов-на-Дону,Ростова-на-Дону,Ростову-на-Дону,Ростов-на-Дону,Ростовом-на-Дону,Ростове-на-Дону,,gold,Розенталь; Грамота.ру
wd:Q911,city,Уфа,,f,noun_f1,always,Уфа,Уфы,Уфе,Уфу,Уфой,Уфе,,gold,Розенталь; Грамота.ру
wd:Q919,city,Красноярск,,m,noun_m2,always,Красноярск,Красноярска,Красноярску,Красноярск,Красноярском,Красноярске,,gold,Розенталь; Грамота.ру
wd:Q3426,city,Воронеж,,m,noun_m2,always,Воронеж,Воронежа,Воронежу,Воронеж,Воронежем,Воронеже,,gold,Розенталь; Грамота.ру
wd:Q915,city,Пермь,,f,noun_f3,always,Пермь,Перми,Перми,Пермь,Пермью,Перми,,gold,Розенталь; Грамота.ру
wd:Q914,city,Волгоград,,m,noun_m2,always,Волгоград,Волгограда,Волгограду,Волгоград,Волгоградом,Волгограде,,gold,Розенталь; Грамота.ру
wd:Q3646,city,Краснодар,,m,noun_m2,always,Краснодар,Краснодара,Краснодару,Краснодар,Краснодаром,Краснодаре,,gold,Розенталь; Грамота.ру
wd:Q39420,city,Сочи,,m,indecl,never,Сочи,Сочи,Сочи,Сочи,Сочи,Сочи,,gold,manual
wd:Q3118,city,Орёл,Орёл,m,noun_m2,always,Орёл,Орла,Орлу,Орёл,Орлом,Орле,,gold,manual
wd:Q7947,city,Пушкин,,m,noun_m2,always,Пушкин,Пушкина,Пушкину,Пушкин,Пушкином,Пушкине,,gold,manual
wd:Q136435,city,Жуковский,,m,adj_m,always,Жуковский,Жуковского,Жуковскому,Жуковский,Жуковским,Жуковском,,gold,manual
wd:Q135410,city,Домодедово,,n,noun_n_ovo,optional,Домодедово,Домодедова,Домодедову,Домодедово,Домодедовом,Домодедове,,gold,manual
wd:Q5332,city,Саратов,,m,noun_m2,always,Саратов,Саратова,Саратову,Саратов,Саратовом,Саратове,,gold,Розенталь; Грамота.ру
wd:Q5815,city,Тюмень,,f,noun_f3,always,Тюмень,Тюмени,Тюмени,Тюмень,Тюменью,Тюмени,,gold,Розенталь; Грамота.ру
wd:Q1341,city,Тольятти,,m,indecl,never,Тольятти,Тольятти,Тольятти,Тольятти,Тольятти,Тольятти,,gold,Розенталь; Грамота.ру
wd:Q5426,city,Ижевск,,m,noun_m2,always,Ижевск,Ижевска,Ижевску,Ижевск,Ижевском,Ижевске,,needs_review,manual
wd:Q6014,city,Барнаул,,m,noun_m2,always,Барнаул,Барнаула,Барнаулу,Барнаул,Барнаулом,Барнауле,,needs_review,manual
wd:Q5627,city,Ульяновск,,m,noun_m2,always,Ульяновск,Ульяновска,Ульяновску,Ульяновск,Ульяновском,Ульяновске,,needs_review,manual
wd:Q6576,city,Иркутск,,m,noun_m2,always,Иркутск,Иркутска,Иркутску,Иркутск,Иркутском,Иркутске,,gold,Розенталь; Грамота.ру
wd:Q4454,city,Хабаровск,,m,noun_m2,always,Хабаровск,Хабаровска,Хабаровску,Хабаровск,Хабаровском,Хабаровске,,needs_review,manual
wd:Q2423,city,Ярославль,,m,noun_m2,always,Ярославль,Ярославля,Ярославлю,Ярославль,Ярославлем,Ярославле,,gold,Розенталь; Грамота.ру
wd:Q959,city,Владивосток,,m,noun_m2,always,Владивосток,Владивостока,Владивостоку,Владивосток,Владивостоком,Владивостоке,,gold,Розенталь; Грамота.ру
wd:Q5168,city,Махачкала,,f,noun_f1,always,Махачкала,Махачкалы,Махачкале,Махачкалу,Махачкалой,Махачкале,,needs_review,manual
wd:Q976,city,Томск,,m,noun_m2,always,Томск,Томска,Томску,Томск,Томском,Томске,,gold,Розенталь; Грамота.ру
wd:Q5337,city,Оренбург,,m,noun_m2,always,Оренбург,Оренбурга,Оренбургу,Оренбург,Оренбургом,Оренбурге,,needs_review,manual
wd:Q6066,city,Кемерово,,n,noun_n_ovo,optional,Кемерово,Кемерова,Кемерову,Кемерово,Кемеровом,Кемерове,,needs_review,manual
wd:Q93910,city,Новокузнецк,,m,noun_m2,always,Новокузнецк,Новокузнецка,Новокузнецку,Новокузнецк,Новокузнецком,Новокузнецке,,needs_review,manual
wd:Q2746,city,Рязань,,f,noun_f3,always,Рязань,Рязани,Рязани,Рязань,Рязанью,Рязани,,needs_review,manual
wd:Q95041,city,Набережные Челны,,pl,pl_tantum,always,Набережные Челны,Набережных Челнов,Набережным Челнам,Набережные Челны,Набережными Челнами,Набережных Челнах,,needs_review,manual
wd:Q3927,city,Астрахань,,f,noun_f3,always,Астрахань,Астрахани,Астрахани,Астрахань,Астраханью,Астрахани,,needs_review,manual
wd:Q5540,city,Пенза,,f,noun_f1,always,Пенза,Пензы,Пензе,Пензу,Пензой,Пензе,,needs_review,manual
wd:Q3490,city,Липецк,,m,noun_m2,always,Липецк,Липецка,Липецку,Липецк,Липецком,Липецке,,needs_review,manual
wd:Q5384,city,Киров,,m,noun_m2,always,Киров,Кирова,Кирову,Киров,Кировом,Кирове,,needs_review,manual
wd:Q5470,city,Чебоксары,,pl,pl_tantum,always,Чебоксары,Чебоксар,Чебоксарам,Чебоксары,Чебоксарами,Чебоксарах,,needs_review,manual
wd:Q2770,city,Тула,,f,noun_f1,always,Тула,Тулы,Туле,Тулу,Тулой,Туле,,needs_review,manual
wd:Q1829,city,Калининград,,m,noun_m2,always,Калининград,Калининграда,Калининграду,Калининград,Калининградом,Калининграде,,needs_review,manual
wd:Q3159,city,Курск,,m,noun_m2,always,Курск,Курска,Курску,Курск,Курском,Курске,,needs_review,manual
wd:Q6816,city,Улан-Удэ,,m,indecl,never,Улан-Удэ,Улан-Удэ,Улан-Удэ,Улан-Удэ,Улан-Удэ,Улан-Удэ,,gold,Розенталь; Грамота.ру
wd:Q5206,city,Ставрополь,,m,noun_m2,always,Ставрополь,Ставрополя,Ставрополю,Ставрополь,Ставрополем,Ставрополе,,needs_review,manual
wd:Q95449,city,Магнитогорск,,m,noun_m2,always,Магнитогорск,Магнитогорска,Магнитогорску,Магнитогорск,Магнитогорском,Магнитогорске,,needs_review,manual
wd:Q2288,city,Тверь,,f,noun_f3,always,Тверь,Твери,Твери,Тверь,Тверью,Твери,,needs_review,manual
wd:Q2630,city,Иваново,,n,noun_n_ovo,optional,Иваново,Иванова,Иванову,Иваново,Ивановом,Иванове,,needs_review,manual
wd:Q2801,city,Брянск,,m,noun_m2,always,Брянск,Брянска,Брянску,Брянск,Брянском,Брянске,,needs_review,manual
wd:Q3323,city,Белгород,,m,noun_m2,always,Белгород,Белгорода,Белгороду,Белгород,Белгородом,Белгороде,,needs_review,manual
wd:Q183002,city,Сургут,,m,noun_m2,always,Сургут,Сургута,Сургуту,Сургут,Сургутом,Сургуте,,needs_review,manual
wd:Q2684,city,Владимир,,m,noun_m2,always,Владимир,Владимира,Владимиру,Владимир,Владимиром,Владимире,,needs_review,manual
wd:Q98967,city,Нижний Тагил,,m,mixed_phrase,always,Нижний Тагил,Нижнего Тагила,Нижнему Тагилу,Нижний Тагил,Нижним Тагилом,Нижнем Тагиле,,needs_review,manual
wd:Q53139,city,Чита,,f,noun_f1,always,Чита,Читы,Чите,Читу,Читой,Чите,,needs_review,manual
wd:Q1851,city,Архангельск,,m,noun_m2,always,Архангельск,Архангельска,Архангельску,Архангельск,Архангельском,Архангельске,,needs_review,manual
wd:Q2837,city,Калуга,,f,noun_f1,always,Калуга,Калуги,Калуге,Калугу,Калугой,Калуге,,needs_review,manual
wd:Q2337,city,Смоленск,,m,noun_m2,always,Смоленск,Смоленска,Смоленску,Смоленск,Смоленском,Смоленске,,needs_review,manual
wd:Q98995,city,Волжский,,m,adj_m,always,Волжский,Волжского,Волжскому,Волжский,Волжским,Волжском,,needs_review,manual
wd:Q13379,city,Курган,,m,noun_m2,always,Курган,Кургана,Кургану,Курган,Курганом,Кургане,,needs_review,manual
wd:Q2144,city,Череповец,,m,noun_m2,always,Череповец,Череповца,Череповцу,Череповец,Череповцом,Череповце,,needs_review,manual
wd:Q5239,city,Владикавказ,,m,noun_m2,always,Владикавказ,Владикавказа,Владикавказу,Владикавказ,Владикавказом,Владикавказе,,needs_review,manual
wd:Q5196,city,Грозный,,m,adj_m,always,Грозный,Грозного,Грозному,Грозный,Грозным,Грозном,,needs_review,manual
wd:Q1763,city,Мурманск,,m,noun_m2,always,Мурманск,Мурманска,Мурманску,Мурманск,Мурманском,Мурманске,,needs_review,manual
wd:Q1957,city,Вологда,,f,noun_f1,always,Вологда,Вологды,Вологде,Вологду,Вологдой,Вологде,,needs_review,manual
wd:Q5343,city,Саранск,,m,noun_m2,always,Саранск,Саранска,Саранску,Саранск,Саранском,Саранске,,needs_review,manual
wd:Q3544,city,Тамбов,,m,noun_m2,always,Тамбов,Тамбова,Тамбову,Тамбов,Тамбовом,Тамбове,,needs_review,manual
wd:Q196489,city,Стерлитамак,,m,noun_m2,always,Стерлитамак,Стерлитамака,Стерлитамаку,Стерлитамак,Стерлитамаком,Стерлитамаке,,needs_review,manual
wd:Q6610,city,Якутск,,m,noun_m2,always,Якутск,Якутска,Якутску,Якутск,Якутском,Якутске,,needs_review,manual
wd:Q2592,city,Кострома,,f,noun_f1,always,Кострома,Костромы,Костроме,Кострому,Костромой,Костроме,,needs_review,manual
wd:Q154801,city,Комсомольск-на-Амуре,,m,mixed_phrase,always,Комсомольск-на-Амуре,Комсомольска-на-Амуре,Комсомольску-на-Амуре,Комсомольск-на-Амуре,Комсомольском-на-Амуре,Комсомольске-на-Амуре,,needs_review,manual
wd:Q1895,city,Петрозаводск,,m,noun_m2,always,Петрозаводск,Петрозаводска,Петрозаводску,Петрозаводск,Петрозаводском,Петрозаводске,,needs_review,manual
wd:Q170513,city,Таганрог,,m,noun_m2,always,Таганрог,Таганрога,Таганрогу,Таганрог,Таганрогом,Таганроге,,needs_review,manual
wd:Q172637,city,Нижневартовск,,m,noun_m2,always,Нижневартовск,Нижневартовска,Нижневартовску,Нижневартовск,Нижневартовском,Нижневартовске,,needs_review,manual
wd:Q5449,city,Йошкар-Ола,,f,mixed_phrase,always,Йошкар-Ола,Йошкар-Олы,Йошкар-Оле,Йошкар-Олу,Йошкар-Олой,Йошкар-Оле,,needs_review,manual
wd:Q132732,city,Братск,,m,noun_m2,always,Братск,Братска,Братску,Братск,Братском,Братске,,needs_review,manual
wd:Q15760,city,Новороссийск,,m,noun_m2,always,Новороссийск,Новороссийска,Новороссийску,Новороссийск,Новороссийском,Новороссийске,,needs_review,manual
wd:Q198206,city,Шахты,,pl,pl_tantum,always,Шахты,Шахт,Шахтам,Шахты,Шахтами,Шахтах,,needs_review,manual
wd:Q5265,city,Нальчик,,m,noun_m2,always,Нальчик,Нальчика,Нальчику,Нальчик,Нальчиком,Нальчике,,needs_review,manual
wd:Q47166,city,Орск,,m,noun_m2,always,Орск,Орска,Орску,Орск,Орском,Орске,,needs_review,manual
wd:Q2143,city,Сыктывкар,,m,noun_m2,always,Сыктывкар,Сыктывкара,Сыктывкару,Сыктывкар,Сыктывкаром,Сыктывкаре,,needs_review,manual
wd:Q172657,city,Нижнекамск,,m,noun_m2,always,Нижнекамск,Нижнекамска,Нижнекамску,Нижнекамск,Нижнекамском,Нижнекамске,,needs_review,manual
wd:Q103565,city,Ангарск,,m,noun_m2,always,Ангарск,Ангарска,Ангарску,Ангарск,Ангарском,Ангарске,,needs_review,manual
wd:Q175452,city,Новочеркасск,,m,noun_m2,always,Новочеркасск,Новочеркасска,Новочеркасску,Новочеркасск,Новочеркасском,Новочеркасске,,needs_review,manual
wd:Q196486,city,Старый Оскол,,m,mixed_phrase,always,Старый Оскол,Старого Оскола,Старому Осколу,Старый Оскол,Старым Осколом,Старом Осколе,,needs_review,manual
wd:Q2235,city,Великий Новгород,,m,mixed_phrase,always,Великий Новгород,Великого Новгорода,Великому Новгороду,Великий Новгород,Великим Новгородом,Великом Новгороде,,needs_review,manual
wd:Q104557,city,Балашиха,,f,noun_f1,always,Балашиха,Балашихи,Балашихе,Балашиху,Балашихой,Балашихе,,needs_review,manual
wd:Q6934,city,Благовещенск,,m,noun_m2,always,Благовещенск,Благовещенска,Благовещенску,Благовещенск,Благовещенском,Благовещенске,,needs_review,manual
wd:Q198748,city,Энгельс,,m,noun_m2,always,Энгельс,Энгельса,Энгельсу,Энгельс,Энгельсом,Энгельсе,,needs_review,manual
wd:Q19520,city,Подольск,,m,noun_m2,always,Подольск,Подольска,Подольску,Подольск,Подольском,Подольске,,needs_review,manual
wd:Q197582,city,Химки,,pl,pl_tantum,always,Химки,Химок,Химкам,Химки,Химками,Химках,,needs_review,manual
wd:Q2214,city,Псков,,m,noun_m2,always,Псков,Пскова,Пскову,Псков,Псковом,Пскове,,needs_review,manual
wd:Q7859,city,Южно-Сахалинск,,m,noun_m2,always,Южно-Сахалинск,Южно-Сахалинска,Южно-Сахалинску,Южно-Сахалинск,Южно-Сахалинском,Южно-Сахалинске,,needs_review,manual
wd:Q102667,city,Бийск,,m,noun_m2,always,Бийск,Бийска,Бийску,Бийск,Бийском,Бийске,,needs_review,manual
wd:Q184147,city,Прокопьевск,,m,noun_m2,always,Прокопьевск,Прокопьевска,Прокопьевску,Прокопьевск,Прокопьевском,Прокопьевске,,needs_review,manual
wd:Q193413,city,Рыбинск,,m,noun_m2,always,Рыбинск,Рыбинска,Рыбинску,Рыбинск,Рыбинском,Рыбинске,,needs_review,manual
wd:Q104560,city,Балаково,,n,noun_n_ovo,optional,Балаково,Балакова,Балакову,Балаково,Балаковом,Балакове,,needs_review,manual
wd:Q15767,city,Армавир,,m,noun_m2,always,Армавир,Армавира,Армавиру,Армавир,Армавиром,Армавире,,needs_review,manual
wd:Q141358,city,Люберцы,,pl,pl_tantum,always,Люберцы,Люберец,Люберцам,Люберцы,Люберцами,Люберцах,,needs_review,manual
wd:Q875,city,Абакан,,m,noun_m2,always,Абакан,Абакана,Абакану,Абакан,Абаканом,Абакане,,needs_review,manual
wd:Q175517,city,Норильск,,m,noun_m2,always,Норильск,Норильска,Норильску,Норильск,Норильском,Норильске,,needs_review,manual
wd:Q2219,city,Сызрань,,f,noun_f3,always,Сызрань,Сызрани,Сызрани,Сызрань,Сызранью,Сызрани,,needs_review,manual
wd:Q133175,city,Волгодонск,,m,noun_m2,always,Волгодонск,Волгодонска,Волгодонску,Волгодонск,Волгодонском,Волгодонске,,needs_review,manual
wd:Q7951,city,Петропавловск-Камчатский,,m,mixed_phrase,always,Петропавловск-Камчатский,Петропавловска-Камчатского,Петропавловску-Камчатскому,Петропавловск-Камчатский,Петропавловском-Камчатским,Петропавловске-Камчатском,,needs_review,manual
wd:Q196934,city,Уссурийск,,m,noun_m2,always,Уссурийск,Уссурийска,Уссурийску,Уссурийск,Уссурийском,Уссурийске,,needs_review,manual
wd:Q105444,city,Каменск-Уральский,,m,mixed_phrase,always,Каменск-Уральский,Каменска-Уральского,Каменску-Уральскому,Каменск-Уральский,Каменском-Уральским,Каменске-Уральском,,needs_review,manual
wd:Q23185,city,Мытищи,,pl,pl_tantum,always,Мытищи,Мытищ,Мытищам,Мытищи,Мытищами,Мытищах,,needs_review,manual
wd:Q140087,city,Златоуст,,m,noun_m2,always,Златоуст,Златоуста,Златоусту,Златоуст,Златоустом,Златоусте,,needs_review,manual
wd:Q198419,city,Электросталь,,f,noun_f3,always,Электросталь,Электростали,Электростали,Электросталь,Электросталью,Электростали,,needs_review,manual
wd:Q103483,city,Альметьевск,,m,noun_m2,always,Альметьевск,Альметьевска,Альметьевску,Альметьевск,Альметьевском,Альметьевске,,needs_review,manual
wd:Q193443,city,Салават,,m,noun_m2,always,Салават,Салавата,Салавату,Салават,Салаватом,Салавате,,needs_review,manual
wd:Q105455,city,Миасс,,m,noun_m2,always,Миасс,Миасса,Миассу,Миасс,Миассом,Миассе,,needs_review,manual
wd:Q156658,city,Находка,,f,noun_f1,always,Находка,Находки,Находке,Находку,Находкой,Находке,,needs_review,manual
wd:Q155148,city,Копейск,,m,noun_m2,always,Копейск,Копейска,Копейску,Копейск,Копейском,Копейске,,needs_review,manual
wd:Q41970,city,Пятигорск,,m,noun_m2,always,Пятигорск,Пятигорска,Пятигорску,Пятигорск,Пятигорском,Пятигорске,,needs_review,manual
wd:Q193380,city,Рубцовск,,m,noun_m2,always,Рубцовск,Рубцовска,Рубцовску,Рубцовск,Рубцовском,Рубцовске,,needs_review,manual
wd:Q133026,city,Коломна,,f,noun_f1,always,Коломна,Коломны,Коломне,Коломну,Коломной,Коломне,,needs_review,manual
wd:Q3752,city,Майкоп,,m,noun_m2,always,Майкоп,Майкопа,Майкопу,Майкоп,Майкопом,Майкопе,,needs_review,manual
wd:Q102445,city,Ковров,,m,noun_m2,always,Ковров,Коврова,Коврову,Ковров,Ковровом,Коврове,,needs_review,manual
wd:Q147756,city,Хасавюрт,,m,noun_m2,always,Хасавюрт,Хасавюрта,Хасавюрту,Хасавюрт,Хасавюртом,Хасавюрте,,needs_review,manual
wd:Q153676,city,Кисловодск,,m,noun_m2,always,Кисловодск,Кисловодска,Кисловодску,Кисловодск,Кисловодском,Кисловодске,,needs_review,manual
wd:Q135787,city,Ессентуки,,pl,pl_tantum,always,Ессентуки,Ессентуков,Ессентукам,Ессентуки,Ессентуками,Ессентуках,,needs_review,manual
wd:Q175161,city,Новомосковск,,m,noun_m2,always,Новомосковск,Новомосковска,Новомосковску,Новомосковск,Новомосковском,Новомосковске,,needs_review,manual
wd:Q172601,city,Нефтекамск,,m,noun_m2,always,Нефтекамск,Нефтекамска,Нефтекамску,Нефтекамск,Нефтекамском,Нефтекамске,,needs_review,manual
wd:Q172616,city,Нефтеюганск,,m,noun_m2,always,Нефтеюганск,Нефтеюганска,Нефтеюганску,Нефтеюганск,Нефтеюганском,Нефтеюганске,,needs_review,manual
wd:Q19157,city,Первоуральск,,m,noun_m2,always,Первоуральск,Первоуральска,Первоуральску,Первоуральск,Первоуральском,Первоуральске,,needs_review,manual
wd:Q131416,city,Дербент,,m,noun_m2,always,Дербент,Дербента,Дербенту,Дербент,Дербентом,Дербенте,,needs_review,manual
wd:Q5326,city,Черкесск,,m,noun_m2,always,Черкесск,Черкесска,Черкесску,Черкесск,Черкесском,Черкесске,,needs_review,manual
wd:Q176636,city,Орехово-Зуево,,n,noun_n_ovo,optional,Орехово-Зуево,Орехова-Зуева,Орехову-Зуеву,Орехово-Зуево,Ореховом-Зуевом,Орехове-Зуеве,,needs_review,manual
wd:Q165806,city,Невинномысск,,m,noun_m2,always,Невинномысск,Невинномысска,Невинномысску,Невинномысск,Невинномысском,Невинномысске,,needs_review,manual
wd:Q104649,city,Батайск,,m,noun_m2,always,Батайск,Батайска,Батайску,Батайск,Батайском,Батайске,,needs_review,manual
wd:Q175433,city,Новочебоксарск,,m,noun_m2,always,Новочебоксарск,Новочебоксарска,Новочебоксарску,Новочебоксарск,Новочебоксарском,Новочебоксарске,,needs_review,manual
wd:Q163935,city,Назрань,,f,noun_f3,always,Назрань,Назрани,Назрани,Назрань,Назранью,Назрани,,needs_review,manual
wd:Q194067,city,Серпухов,,m,noun_m2,always,Серпухов,Серпухова,Серпухову,Серпухов,Серпуховом,Серпухове,,needs_review,manual
wd:Q198369,city,Щёлково,Щёлково,n,noun_n_ovo,optional,Щёлково,Щёлкова,Щёлкову,Щёлково,Щёлковом,Щёлкове,,needs_review,manual
wd:Q155809,city,Новошахтинск,,m,noun_m2,always,Новошахтинск,Новошахтинска,Новошахтинску,Новошахтинск,Новошахтинском,Новошахтинске,,needs_review,manual
wd:Q6049,city,Кызыл,,m,noun_m2,always,Кызыл,Кызыла,Кызылу,Кызыл,Кызылом,Кызыле,,needs_review,manual
wd:Q135285,city,Димитровград,,m,noun_m2,always,Димитровград,Димитровграда,Димитровграду,Димитровград,Димитровградом,Димитровграде,,needs_review,manual
wd:Q175651,city,Обнинск,,m,noun_m2,always,Обнинск,Обнинска,Обнинску,Обнинск,Обнинском,Обнинске,,needs_review,manual
wd:Q145507,city,Каспийск,,m,noun_m2,always,Каспийск,Каспийска,Каспийску,Каспийск,Каспийском,Каспийске,,needs_review,manual
wd:Q163643,city,Раменское,,n,mixed_phrase,always,Раменское,Раменского,Раменскому,Раменское,Раменским,Раменском,,needs_review,manual
wd:Q184322,city,Пушкино,,n,noun_n_ovo,optional,Пушкино,Пушкина,Пушкину,Пушкино,Пушкином,Пушкине,,needs_review,manual
wd:Q103993,city,Артём,Артём,m,noun_m2,always,Артём,Артёма,Артёму,Артём,Артёмом,Артёме,,needs_review,manual
wd:Q102346,city,Елец,,m,noun_m2,always,Елец,Ельца,Ельцу,Елец,Ельцом,Ельце,,needs_review,manual
wd:Q175124,city,Новокуйбышевск,,m,noun_m2,always,Новокуйбышевск,Новокуйбышевска,Новокуйбышевску,Новокуйбышевск,Новокуйбышевском,Новокуйбышевске,,needs_review,manual
wd:Q193293,city,Реутов,,m,noun_m2,always,Реутов,Реутова,Реутову,Реутов,Реутовом,Реутове,,needs_review,manual
wd:Q193909,city,Северск,,m,noun_m2,always,Северск,Северска,Северску,Северск,Северском,Северске,,needs_review,manual
wd:Q175480,city,Ногинск,,m,noun_m2,always,Ногинск,Ногинска,Ногинску,Ногинск,Ногинском,Ногинске,,needs_review,manual
wd:Q162677,city,Муром,,m,noun_m2,always,Муром,Мурома,Мурому,Муром,Муромом,Муроме,,needs_review,manual
wd:Q157482,city,Ленинск-Кузнецкий,,m,mixed_phrase,always,Ленинск-Кузнецкий,Ленинска-Кузнецкого,Ленинску-Кузнецкому,Ленинск-Кузнецкий,Ленинском-Кузнецким,Ленинске-Кузнецком,,needs_review,manual
wd:Q158751,city,Междуреченск,,m,noun_m2,always,Междуреченск,Междуреченска,Междуреченску,Междуреченск,Междуреченском,Междуреченске,,needs_review,manual
wd:Q135869,city,Железногорск,,m,noun_m2,always,Железногорск,Железногорска,Железногорску,Железногорск,Железногорском,Железногорске,,needs_review,manual
wd:Q7968,city,Магадан,,m,noun_m2,always,Магадан,Магадана,Магадану,Магадан,Магаданом,Магадане,,needs_review,manual
wd:Q193505,city,Сарапул,,m,noun_m2,always,Сарапул,Сарапула,Сарапулу,Сарапул,Сарапулом,Сарапуле,,needs_review,manual
wd:Q135572,city,Егорьевск,,m,noun_m2,always,Егорьевск,Егорьевска,Егорьевску,Егорьевск,Егорьевском,Егорьевске,,needs_review,manual
wd:Q104991,city,Бердск,,m,noun_m2,always,Бердск,Бердска,Бердску,Бердск,Бердском,Бердске,,needs_review,manual
wd:Q3977,city,Элиста,,f,noun_f1,always,Элиста,Элисты,Элисте,Элисту,Элистой,Элисте,,needs_review,manual
wd:Q175524,city,Ноябрьск,,m,noun_m2,always,Ноябрьск,Ноябрьска,Ноябрьску,Ноябрьск,Ноябрьском,Ноябрьске,,needs_review,manual
wd:Q175470,city,Новый Уренгой,,m,mixed_phrase,always,Новый Уренгой,Нового Уренгоя,Новому Уренгою,Новый Уренгой,Новым Уренгоем,Новом Уренгое,,needs_review,manual
wd:Q144170,city,Камышин,,m,noun_m2,always,Камышин,Камышина,Камышину,Камышин,Камышином,Камышине,,needs_review,manual
wd:Q155569,city,Красногорск,,m,noun_m2,always,Красногорск,Красногорска,Красногорску,Красногорск,Красногорском,Красногорске,,needs_review,manual
wd:Q175742,city,Одинцово,,n,noun_n_ovo,optional,Одинцово,Одинцова,Одинцову,Одинцово,Одинцовом,Одинцове,,needs_review,manual
wd:Q155309,city,Королёв,Королёв,m,noun_m2,always,Королёв,Королёва,Королёву,Королёв,Королёвом,Королёве,,needs_review,manual
wd:Q6025,city,Горно-Алтайск,,m,noun_m2,always,Горно-Алтайск,Горно-Алтайска,Горно-Алтайску,Горно-Алтайск,Горно-Алтайском,Горно-Алтайске,,needs_review,manual
wd:Q2174,city,Нарьян-Мар,,m,mixed_phrase,always,Нарьян-Мар,Нарьян-Мара,Нарьян-Мару,Нарьян-Мар,Нарьян-Маром,Нарьян-Маре,,needs_review,manual
wd:Q7978,city,Анадырь,,m,noun_m2,always,Анадырь,Анадыря,Анадырю,Анадырь,Анадырем,Анадыре,,needs_review,manual
wd:Q5222,city,Магас,,m,noun_m2,always,Магас,Магаса,Магасу,Магас,Магасом,Магасе,,needs_review,manual
wd:Q6494,city,Салехард,,m,noun_m2,always,Салехард,Салехарда,Салехарду,Салехард,Салехардом,Салехарде,,needs_review,manual
wd:Q6329,city,Ханты-Мансийск,,m,noun_m2,always,Ханты-Мансийск,Ханты-Мансийска,Ханты-Мансийску,Ханты-Мансийск,Ханты-Мансийском,Ханты-Мансийске,,needs_review,manual
wd:Q7769,city,Биробиджан,,m,noun_m2,always,Биробиджан,Биробиджана,Биробиджану,Биробиджан,Биробиджаном,Биробиджане,,needs_review,manual
wd:Q7436,city,Гатчина,,f,noun_f1,always,Гатчина,Гатчины,Гатчине,Гатчину,Гатчиной,Гатчине,,needs_review,manual
wd:Q190499,city,Северодвинск,,m,noun_m2,always,Северодвинск,Северодвинска,Северодвинску,Северодвинск,Северодвинском,Северодвинске,,needs_review,manual
wd:Q197018,city,Ухта,,f,noun_f1,always,Ухта,Ухты,Ухте,Ухту,Ухтой,Ухте,,needs_review,manual
wd:Q153663,city,Киселёвск,Киселёвск,m,noun_m2,always,Киселёвск,Киселёвска,Киселёвску,Киселёвск,Киселёвском,Киселёвске,,needs_review,manual
wd:Q104232,city,Ачинск,,m,noun_m2,always,Ачинск,Ачинска,Ачинску,Ачинск,Ачинском,Ачинске,,needs_review,manual
wd:Q144345,city,Канск,,m,noun_m2,always,Канск,Канска,Канску,Канск,Канском,Канске,,needs_review,manual
wd:Q133838,city,Воткинск,,m,noun_m2,always,Воткинск,Воткинска,Воткинску,Воткинск,Воткинском,Воткинске,,needs_review,manual
wd:Q134433,city,Глазов,,m,noun_m2,always,Глазов,Глазова,Глазову,Глазов,Глазовом,Глазове,,needs_review,manual
wd:Q139743,city,Зеленодольск,,m,noun_m2,always,Зеленодольск,Зеленодольска,Зеленодольску,Зеленодольск,Зеленодольском,Зеленодольске,,needs_review,manual
wd:Q103789,city,Арзамас,,m,noun_m2,always,Арзамас,Арзамаса,Арзамасу,Арзамас,Арзамасом,Арзамасе,,needs_review,manual
wd:Q14657,city,Выборг,,m,noun_m2,always,Выборг,Выборга,Выборгу,Выборг,Выборгом,Выборге,,needs_review,manual
wd:Q133529,city,Воркута,,f,noun_f1,always,Воркута,Воркуты,Воркуте,Воркуту,Воркутой,Воркуте,,needs_review,manual
wd:Q193522,city,Саров,,m,noun_m2,always,Саров,Сарова,Сарову,Саров,Саровом,Сарове,,needs_review,manual
wd:Q15248,city,Всеволожск,,m,noun_m2,always,Всеволожск,Всеволожска,Всеволожску,Всеволожск,Всеволожском,Всеволожске,,needs_review,manual
wd:Q175393,city,Новоуральск,,m,noun_m2,always,Новоуральск,Новоуральска,Новоуральску,Новоуральск,Новоуральском,Новоуральске,,needs_review,manual
wd:Q105002,city,Березники,,pl,pl_tantum,always,Березники,Березников,Березникам,Березники,Березниками,Березниках,,needs_review,manual
wd:Q105477,city,Мирный,,m,adj_m,always,Мирный,Мирного,Мирному,Мирный,Мирным,Мирном,,needs_review,manual
wd:Q134679,city,Губкин,,m,noun_m2,always,Губкин,Губкина,Губкину,Губкин,Губкином,Губкине,,needs_review,manual
wd:Q197654,city,Чайковский,,m,adj_m,always,Чайковский,Чайковского,Чайковскому,Чайковский,Чайковским,Чайковском,,needs_review,manual
wd:Q16973,city,Кропоткин,,m,noun_m2,always,Кропоткин,Кропоткина,Кропоткину,Кропоткин,Кропоткином,Кропоткине,,needs_review,manual
wd:Q196384,city,Соликамск,,m,noun_m2,always,Соликамск,Соликамска,Соликамску,Соликамск,Соликамском,Соликамске,,needs_review,manual
wd:Q168782,city,Тобольск,,m,noun_m2,always,Тобольск,Тобольска,Тобольску,Тобольск,Тобольском,Тобольске,,needs_review,manual
wd:Q102762,city,Азов,,m,noun_m2,always,Азов,Азова,Азову,Азов,Азовом,Азове,,needs_review,manual
wd:Q101825,city,Великие Луки,,pl,pl_tantum,always,Великие Луки,Великих Лук,Великим Лукам,Великие Луки,Великими Луками,Великих Луках,,needs_review,manual
wd:Q72536,city,Железногорск,,m,noun_m2,always,Железногорск,Железногорска,Железногорску,Железногорск,Железногорском,Железногорске,,needs_review,manual
wd:Q2477836,city,Хаджи-Тархан,,,mixed_phrase,always,Хаджи-Тархан,,,,,,,needs_review,wikidata
wd:Q15335,city,Сосновый Бор,,,mixed_phrase,always,Сосновый Бор,,,,,,,needs_review,wikidata
wd:Q55658728,city,Ожск,,,mixed_phrase,always,Ожск,,,,,,,needs_review,wikidata
wd:Q155936,city,Кудымкар,,,mixed_phrase,always,Кудымкар,,,,,,,needs_review,wikidata
wd:Q155974,city,Кунгур,,,mixed_phrase,always,Кунгур,,,,,,,needs_review,wikidata
wd:Q145799,city,Кизилюрт,,,mixed_phrase,always,Кизилюрт,,,,,,,needs_review,wikidata
wd:Q196481,city,Старица,,,mixed_phrase,always,Старица,,,,,,,needs_review,wikidata
wd:Q193557,city,Сасово,,,mixed_phrase,always,Сасово,,,,,,,needs_review,wikidata
wd:Q191465,city,Ржев,,,mixed_phrase,always,Ржев,,,,,,,needs_review,wikidata
wd:Q145457,city,Касимов,,,mixed_phrase,always,Касимов,,,,,,,needs_review,wikidata
wd:Q103255,city,Алатырь,,,mixed_phrase,always,Алатырь,,,,,,,needs_review,wikidata
wd:Q196678,city,городской округ Торжок,,,mixed_phrase,always,городской округ Торжок,,,,,,,needs_review,wikidata
wd:Q125172,city,Дагестанские Огни,,,mixed_phrase,always,Дагестанские Огни,,,,,,,needs_review,wikidata
wd:Q157790,city,Льгов,,,mixed_phrase,always,Льгов,,,,,,,needs_review,wikidata
wd:Q145717,city,Кемь,,,mixed_phrase,always,Кемь,,,,,,,needs_review,wikidata
wd:Q146435,city,Кимры,,,mixed_phrase,always,Кимры,,,,,,,needs_review,wikidata
wd:Q102746,city,Агрыз,,,mixed_phrase,always,Агрыз,,,,,,,needs_review,wikidata
wd:Q145073,city,Карачаевск,,,mixed_phrase,always,Карачаевск,,,,,,,needs_review,wikidata
wd:Q146013,city,Щигры,,,mixed_phrase,always,Щигры,,,,,,,needs_review,wikidata
wd:Q143274,city,городской округ Искитим,,,mixed_phrase,always,городской округ Искитим,,,,,,,needs_review,wikidata
wd:Q184361,city,Пыталово,,,mixed_phrase,always,Пыталово,,,,,,,needs_review,wikidata
wd:Q72380,city,Курчатов,,,mixed_phrase,always,Курчатов,,,,,,,needs_review,wikidata
wd:Q103390,city,Александровск,,,mixed_phrase,always,Александровск,,,,,,,needs_review,wikidata
wd:Q105235,city,Богородицк,,,mixed_phrase,always,Богородицк,,,,,,,needs_review,wikidata
wd:Q153684,city,Климовск,,,mixed_phrase,always,Климовск,,,,,,,needs_review,wikidata
wd:Q189295,city,Серов,,,mixed_phrase,always,Серов,,,,,,,needs_review,wikidata
wd:Q182871,city,Полевской,,,mixed_phrase,always,Полевской,,,,,,,needs_review,wikidata
wd:Q15757,city,Суздаль,,,mixed_phrase,always,Суздаль,,,,,,,needs_review,wikidata
wd:Q156284,city,Кушва,,,mixed_phrase,always,Кушва,,,,,,,needs_review,wikidata
wd:Q193277,city,Ревда,,,mixed_phrase,always,Ревда,,,,,,,needs_review,wikidata
wd:Q153549,city,Кировград,,,mixed_phrase,always,Кировград,,,,,,,needs_review,wikidata
wd:Q196953,city,Усть-Катав,,,mixed_phrase,always,Усть-Катав,,,,,,,needs_review,wikidata
wd:Q133045,city,Верхняя Салда,,,mixed_phrase,always,Верхняя Салда,,,,,,,needs_review,wikidata
wd:Q182935,city,Полярный,,,mixed_phrase,always,Полярный,,,,,,,needs_review,wikidata
wd:Q178870,city,Петровск-Забайкальский,,,mixed_phrase,always,Петровск-Забайкальский,,,,,,,needs_review,wikidata
wd:Q133033,city,Верхний Уфалей,,,mixed_phrase,always,Верхний Уфалей,,,,,,,needs_review,wikidata
wd:Q144209,city,Камышлов,,,mixed_phrase,always,Камышлов,,,,,,,needs_review,wikidata
wd:Q145735,city,Кизел,,,mixed_phrase,always,Кизел,,,,,,,needs_review,wikidata
wd:Q193898,city,Североморск,,,mixed_phrase,always,Североморск,,,,,,,needs_review,wikidata
wd:Q196528,city,Сухой Лог,,,mixed_phrase,always,Сухой Лог,,,,,,,needs_review,wikidata
wd:Q176364,city,Оленегорск,,,mixed_phrase,always,Оленегорск,,,,,,,needs_review,wikidata
wd:Q144264,city,Кандалакша,,,mixed_phrase,always,Кандалакша,,,,,,,needs_review,wikidata
wd:Q196537,city,Тавда,,,mixed_phrase,always,Тавда,,,,,,,needs_review,wikidata
wd:Q157395,city,городской округ Лангепас,,,mixed_phrase,always,городской округ Лангепас,,,,,,,needs_review,wikidata
wd:Q105223,city,Богданович,,,mixed_phrase,always,Богданович,,,,,,,needs_review,wikidata
wd:Q136629,city,Заозерск,Заозёрск,,mixed_phrase,always,Заозерск,,,,,,,needs_review,wikidata
wd:Q198776,city,Югорск,,,mixed_phrase,always,Югорск,,,,,,,needs_review,wikidata
wd:Q156320,city,Кыштым,,,mixed_phrase,always,Кыштым,,,,,,,needs_review,wikidata
wd:Q181531,city,Покров,,,mixed_phrase,always,Покров,,,,,,,needs_review,wikidata
wd:Q179476,city,Пласт,,,mixed_phrase,always,Пласт,,,,,,,needs_review,wikidata
wd:Q175576,city,Нягань,,,mixed_phrase,always,Нягань,,,,,,,needs_review,wikidata
wd:Q153749,city,Ковдор,,,mixed_phrase,always,Ковдор,,,,,,,needs_review,wikidata
wd:Q133037,city,Верхняя Пышма,,,mixed_phrase,always,Верхняя Пышма,,,,,,,needs_review,wikidata
wd:Q156056,city,Курлово,,,mixed_phrase,always,Курлово,,,,,,,needs_review,wikidata
wd:Q143079,city,Ирбит,,,mixed_phrase,always,Ирбит,,,,,,,needs_review,wikidata
wd:Q157771,city,Лысьва,,,mixed_phrase,always,Лысьва,,,,,,,needs_review,wikidata
wd:Q155767,city,Краснотурьинск,,,mixed_phrase,always,Краснотурьинск,,,,,,,needs_review,wikidata
wd:Q179525,city,Покачи,,,mixed_phrase,always,Покачи,,,,,,,needs_review,wikidata
wd:Q172685,city,Нижние Серги,,,mixed_phrase,always,Нижние Серги,,,,,,,needs_review,wikidata
wd:Q196507,city,Судогда,,,mixed_phrase,always,Судогда,,,,,,,needs_review,wikidata
wd:Q155632,city,Краснокамск,,,mixed_phrase,always,Краснокамск,,,,,,,needs_review,wikidata
wd:Q155276,city,Коркино,,,mixed_phrase,always,Коркино,,,,,,,needs_review,wikidata
wd:Q104262,city,Аша,,,mixed_phrase,always,Аша,,,,,,,needs_review,wikidata
wd:Q184391,city,Пыть-Ях,,,mixed_phrase,always,Пыть-Ях,,,,,,,needs_review,wikidata
wd:Q195662,city,Славянск-на-Кубани,,,mixed_phrase,always,Славянск-на-Кубани,,,,,,,needs_review,wikidata
wd:Q159230,city,городской округ Моршанск,,,mixed_phrase,always,городской округ Моршанск,,,,,,,needs_review,wikidata
wd:Q144017,city,Каменск-Шахтинский,,,mixed_phrase,always,Каменск-Шахтинский,,,,,,,needs_review,wikidata
wd:Q196702,city,Туапсе,,,mixed_phrase,always,Туапсе,,,,,,,needs_review,wikidata
wd:Q155489,city,Котовск,,,mixed_phrase,always,Котовск,,,,,,,needs_review,wikidata
wd:Q134699,city,Гуково,,,mixed_phrase,always,Гуково,,,,,,,needs_review,wikidata
wd:Q196658,city,Тихорецк,,,mixed_phrase,always,Тихорецк,,,,,,,needs_review,wikidata
wd:Q196757,city,Уварово,,,mixed_phrase,always,Уварово,,,,,,,needs_review,wikidata
wd:Q153655,city,Кирсанов,,,mixed_phrase,always,Кирсанов,,,,,,,needs_review,wikidata
wd:Q133310,city,Володарск,,,mixed_phrase,always,Володарск,,,,,,,needs_review,wikidata
wd:Q155963,city,Кулебаки,,,mixed_phrase,always,Кулебаки,,,,,,,needs_review,wikidata
wd:Q197385,city,Фролово,,,mixed_phrase,always,Фролово,,,,,,,needs_review,wikidata
wd:Q198332,city,Шиханы,,,mixed_phrase,always,Шиханы,,,,,,,needs_review,wikidata
wd:Q143813,city,Камбарка,,,mixed_phrase,always,Камбарка,,,,,,,needs_review,wikidata
wd:Q154682,city,Козьмодемьянск,,,mixed_phrase,always,Козьмодемьянск,,,,,,,needs_review,wikidata
wd:Q155437,city,Котельнич,,,mixed_phrase,always,Котельнич,,,,,,,needs_review,wikidata
wd:Q184200,city,Прохладный,,,mixed_phrase,always,Прохладный,,,,,,,needs_review,wikidata
wd:Q132829,city,Бугуруслан,,,mixed_phrase,always,Бугуруслан,,,,,,,needs_review,wikidata
wd:Q194048,city,Сердобск,,,mixed_phrase,always,Сердобск,,,,,,,needs_review,wikidata
wd:Q133416,city,Вольск,,,mixed_phrase,always,Вольск,,,,,,,needs_review,wikidata
wd:Q153565,city,Кирово-Чепецк,,,mixed_phrase,always,Кирово-Чепецк,,,,,,,needs_review,wikidata
wd:Q42234,city,городской округ Бузулук,,,mixed_phrase,always,городской округ Бузулук,,,,,,,needs_review,wikidata
wd:Q196732,city,Тырныауз,,,mixed_phrase,always,Тырныауз,,,,,,,needs_review,wikidata
wd:Q168088,city,Орлов,,,mixed_phrase,always,Орлов,,,,,,,needs_review,wikidata
wd:Q133293,city,Волжск,,,mixed_phrase,always,Волжск,,,,,,,needs_review,wikidata
wd:Q134302,city,Вятские Поляны,,,mixed_phrase,always,Вятские Поляны,,,,,,,needs_review,wikidata
wd:Q134318,city,Гагарин,,,mixed_phrase,always,Гагарин,,,,,,,needs_review,wikidata
wd:Q135161,city,Десногорск,,,mixed_phrase,always,Десногорск,,,,,,,needs_review,wikidata
wd:Q158990,city,Минусинск,,,mixed_phrase,always,Минусинск,,,,,,,needs_review,wikidata
wd:Q162698,city,Мценск,,,mixed_phrase,always,Мценск,,,,,,,needs_review,wikidata
wd:Q157576,city,Ливны,,,mixed_phrase,always,Ливны,,,,,,,needs_review,wikidata
wd:Q142996,city,Инта,,,mixed_phrase,always,Инта,,,,,,,needs_review,wikidata
wd:Q196724,city,Тутаев,,,mixed_phrase,always,Тутаев,,,,,,,needs_review,wikidata
wd:Q196786,city,Углич,,,mixed_phrase,always,Углич,,,,,,,needs_review,wikidata
wd:Q134651,city,Грайворон,,,mixed_phrase,always,Грайворон,,,,,,,needs_review,wikidata
wd:Q157622,city,Лиски,,,mixed_phrase,always,Лиски,,,,,,,needs_review,wikidata
wd:Q196675,city,Топки,,,mixed_phrase,always,Топки,,,,,,,needs_review,wikidata
wd:Q198824,city,Юрга,,,mixed_phrase,always,Юрга,,,,,,,needs_review,wikidata
wd:Q136792,city,Заринск,,,mixed_phrase,always,Заринск,,,,,,,needs_review,wikidata
wd:Q49771,city,Мариинск,,,mixed_phrase,always,Мариинск,,,,,,,needs_review,wikidata
wd:Q155947,city,Кузнецк,,,mixed_phrase,always,Кузнецк,,,,,,,needs_review,wikidata
wd:Q173064,city,Никольск,,,mixed_phrase,always,Никольск,,,,,,,needs_review,wikidata
wd:Q136715,city,Заречный,,,mixed_phrase,always,Заречный,,,,,,,needs_review,wikidata
wd:Q158114,city,Мантурово,,,mixed_phrase,always,Мантурово,,,,,,,needs_review,wikidata
wd:Q193580,city,Саяногорск,,,mixed_phrase,always,Саяногорск,,,,,,,needs_review,wikidata
wd:Q126758,city,Черногорск,,,mixed_phrase,always,Черногорск,,,,,,,needs_review,wikidata
wd:Q196394,city,Сорск,,,mixed_phrase,always,Сорск,,,,,,,needs_review,wikidata
wd:Q135427,city,городской округ Донской,,,mixed_phrase,always,городской округ Донской,,,,,,,needs_review,wikidata
wd:Q184617,city,Райчихинск,,,mixed_phrase,always,Райчихинск,,,,,,,needs_review,wikidata
wd:Q104654,city,Бежецк,,,mixed_phrase,always,Бежецк,,,,,,,needs_review,wikidata
wd:Q103406,city,Александровск-Сахалинский,,,mixed_phrase,always,Александровск-Сахалинский,,,,,,,needs_review,wikidata
wd:Q103115,city,Ак-Довурак,,,mixed_phrase,always,Ак-Довурак,,,,,,,needs_review,wikidata
wd:Q103826,city,Аркадак,,,mixed_phrase,always,Аркадак,,,,,,,needs_review,wikidata
wd:Q104059,city,Асбест,,,mixed_phrase,always,Асбест,,,,,,,needs_review,wikidata
wd:Q105010,city,Березовский,Берёзовский,,mixed_phrase,always,Березовский,,,,,,,needs_review,wikidata
wd:Q104713,city,Белинский,,,mixed_phrase,always,Белинский,,,,,,,needs_review,wikidata
wd:Q104984,city,Белый,,,mixed_phrase,always,Белый,,,,,,,needs_review,wikidata
wd:Q103694,city,Арамиль,,,mixed_phrase,always,Арамиль,,,,,,,needs_review,wikidata
wd:Q103703,city,Аргун,,,mixed_phrase,always,Аргун,,,,,,,needs_review,wikidata
wd:Q103985,city,Арск,,,mixed_phrase,always,Арск,,,,,,,needs_review,wikidata
wd:Q104646,city,Барыш,,,mixed_phrase,always,Барыш,,,,,,,needs_review,wikidata
wd:Q103439,city,Алексин,,,mixed_phrase,always,Алексин,,,,,,,needs_review,wikidata
wd:Q104201,city,Ахтубинск,,,mixed_phrase,always,Ахтубинск,,,,,,,needs_review,wikidata
wd:Q104764,city,Белозерск,,,mixed_phrase,always,Белозерск,,,,,,,needs_review,wikidata
wd:Q104559,city,Балахна,,,mixed_phrase,always,Балахна,,,,,,,needs_review,wikidata
wd:Q103466,city,Алзамай,,,mixed_phrase,always,Алзамай,,,,,,,needs_review,wikidata
wd:Q103652,city,Анива,,,mixed_phrase,always,Анива,,,,,,,needs_review,wikidata
wd:Q103747,city,Ардатов,,,mixed_phrase,always,Ардатов,,,,,,,needs_review,wikidata
wd:Q102755,city,Азнакаево,,,mixed_phrase,always,Азнакаево,,,,,,,needs_review,wikidata
wd:Q102659,city,городской округ Белокуриха,,,mixed_phrase,always,городской округ Белокуриха,,,,,,,needs_review,wikidata
wd:Q104717,city,Белово,,,mixed_phrase,always,Белово,,,,,,,needs_review,wikidata
wd:Q103427,city,Алексеевка,,,mixed_phrase,always,Алексеевка,,,,,,,needs_review,wikidata
wd:Q102603,city,Алейск,,,mixed_phrase,always,Алейск,,,,,,,needs_review,wikidata
wd:Q103676,city,Апрелевка,,,mixed_phrase,always,Апрелевка,,,,,,,needs_review,wikidata
wd:Q104530,city,Бакал,,,mixed_phrase,always,Бакал,,,,,,,needs_review,wikidata
wd:Q104609,city,Барабинск,,,mixed_phrase,always,Барабинск,,,,,,,needs_review,wikidata
wd:Q104010,city,Артемовск,Артёмовск,,mixed_phrase,always,Артемовск,,,,,,,needs_review,wikidata
wd:Q103620,city,Анжеро-Судженск,,,mixed_phrase,always,Анжеро-Судженск,,,,,,,needs_review,wikidata
wd:Q104569,city,Балей,,,mixed_phrase,always,Балей,,,,,,,needs_review,wikidata
wd:Q103273,city,Алдан,,,mixed_phrase,always,Алдан,,,,,,,needs_review,wikidata
wd:Q103661,city,Апатиты,,,mixed_phrase,always,Апатиты,,,,,,,needs_review,wikidata
wd:Q104957,city,Белоярский,,,mixed_phrase,always,Белоярский,,,,,,,needs_review,wikidata
wd:Q103493,city,Амурск,,,mixed_phrase,always,Амурск,,,,,,,needs_review,wikidata
wd:Q103377,city,Александров,,,mixed_phrase,always,Александров,,,,,,,needs_review,wikidata
wd:Q104735,city,Белогорск,,,mixed_phrase,always,Белогорск,,,,,,,needs_review,wikidata
wd:Q104354,city,Багратионовск,,,mixed_phrase,always,Багратионовск,,,,,,,needs_review,wikidata
wd:Q104278,city,Бабаево,,,mixed_phrase,always,Бабаево,,,,,,,needs_review,wikidata
wd:Q104545,city,Балабаново,,,mixed_phrase,always,Балабаново,,,,,,,needs_review,wikidata
wd:Q104801,city,Белоусово,,,mixed_phrase,always,Белоусово,,,,,,,needs_review,wikidata
wd:Q102435,city,Калач-на-Дону,,,mixed_phrase,always,Калач-на-Дону,,,,,,,needs_review,wikidata
wd:Q104660,city,Белая Холуница,,,mixed_phrase,always,Белая Холуница,,,,,,,needs_review,wikidata
wd:Q103604,city,Андреаполь,,,mixed_phrase,always,Андреаполь,,,,,,,needs_review,wikidata
wd:Q103196,city,Алагир,,,mixed_phrase,always,Алагир,,,,,,,needs_review,wikidata
wd:Q103850,city,Арсеньев,,,mixed_phrase,always,Арсеньев,,,,,,,needs_review,wikidata
wd:Q104143,city,Аткарск,,,mixed_phrase,always,Аткарск,,,,,,,needs_review,wikidata
wd:Q104345,city,Бавлы,,,mixed_phrase,always,Бавлы,,,,,,,needs_review,wikidata
wd:Q104030,city,Артемовский,Артёмовский,,mixed_phrase,always,Артемовский,,,,,,,needs_review,wikidata
wd:Q104538,city,Баксан,,,mixed_phrase,always,Баксан,,,,,,,needs_review,wikidata
wd:Q105035,city,Беслан,,,mixed_phrase,always,Беслан,,,,,,,needs_review,wikidata
wd:Q104773,city,Беломорск,,,mixed_phrase,always,Беломорск,,,,,,,needs_review,wikidata
wd:Q104299,city,Бабушкин,,,mixed_phrase,always,Бабушкин,,,,,,,needs_review,wikidata
wd:Q104564,city,Балашов,,,mixed_phrase,always,Балашов,,,,,,,needs_review,wikidata
wd:Q104658,city,Белая Калитва,,,mixed_phrase,always,Белая Калитва,,,,,,,needs_review,wikidata
wd:Q102521,city,Адыгейск,,,mixed_phrase,always,Адыгейск,,,,,,,needs_review,wikidata
wd:Q104703,city,городское поселение Белебей,,,mixed_phrase,always,городское поселение Белебей,,,,,,,needs_review,wikidata
wd:Q104707,city,Белев,Белёв,,mixed_phrase,always,Белев,,,,,,,needs_review,wikidata
wd:Q104367,city,Байкальск,,,mixed_phrase,always,Байкальск,,,,,,,needs_review,wikidata
wd:Q103176,city,Аксай,,,mixed_phrase,always,Аксай,,,,,,,needs_review,wikidata
wd:Q103212,city,Алапаевск,,,mixed_phrase,always,Алапаевск,,,,,,,needs_review,wikidata
wd:Q104111,city,Асино,,,mixed_phrase,always,Асино,,,,,,,needs_review,wikidata
wd:Q104374,city,Баймак,,,mixed_phrase,always,Баймак,,,,,,,needs_review,wikidata
wd:Q105023,city,Березовский,Берёзовский,,mixed_phrase,always,Березовский,,,,,,,needs_review,wikidata
wd:Q133816,city,Ворсма,,,mixed_phrase,always,Ворсма,,,,,,,needs_review,wikidata
wd:Q134181,city,Вышний Волочек,Вышний Волочёк,,mixed_phrase,always,Вышний Волочек,,,,,,,needs_review,wikidata
wd:Q133093,city,Вилючинск,,,mixed_phrase,always,Вилючинск,,,,,,,needs_review,wikidata
wd:Q133010,city,Верхнеуральск,,,mixed_phrase,always,Верхнеуральск,,,,,,,needs_review,wikidata
wd:Q132739,city,Бронницы,,,mixed_phrase,always,Бронницы,,,,,,,needs_review,wikidata
wd:Q132855,city,Буй,,,mixed_phrase,always,Буй,,,,,,,needs_review,wikidata
wd:Q132974,city,Венев,Венёв,,mixed_phrase,always,Венев,,,,,,,needs_review,wikidata
wd:Q134306,city,Гаврилов Посад,,,mixed_phrase,always,Гаврилов Посад,,,,,,,needs_review,wikidata
wd:Q133291,city,Волгореченск,,,mixed_phrase,always,Волгореченск,,,,,,,needs_review,wikidata
wd:Q134375,city,Галич,,,mixed_phrase,always,Галич,,,,,,,needs_review,wikidata
wd:Q133057,city,Верхоянск,,,mixed_phrase,always,Верхоянск,,,,,,,needs_review,wikidata
wd:Q141606,city,Игарка,,,mixed_phrase,always,Игарка,,,,,,,needs_review,wikidata
wd:Q141666,city,Избербаш,,,mixed_phrase,always,Избербаш,,,,,,,needs_review,wikidata
wd:Q133819,city,Карабаново,,,mixed_phrase,always,Карабаново,,,,,,,needs_review,wikidata
wd:Q132981,city,Верея,,,mixed_phrase,always,Верея,,,,,,,needs_review,wikidata
wd:Q132972,city,Вельск,,,mixed_phrase,always,Вельск,,,,,,,needs_review,wikidata
wd:Q133049,city,Верхняя Тура,,,mixed_phrase,always,Верхняя Тура,,,,,,,needs_review,wikidata
wd:Q132957,city,Валуйки,,,mixed_phrase,always,Валуйки,,,,,,,needs_review,wikidata
wd:Q141814,city,Инза,,,mixed_phrase,always,Инза,,,,,,,needs_review,wikidata
wd:Q132718,city,Боровск,,,mixed_phrase,always,Боровск,,,,,,,needs_review,wikidata
wd:Q134169,city,Высоковск,,,mixed_phrase,always,Высоковск,,,,,,,needs_review,wikidata
wd:Q132724,city,Бородино,,,mixed_phrase,always,Бородино,,,,,,,needs_review,wikidata
wd:Q132939,city,Бутурлиновка,,,mixed_phrase,always,Бутурлиновка,,,,,,,needs_review,wikidata
wd:Q132931,city,Буйнакск,,,mixed_phrase,always,Буйнакск,,,,,,,needs_review,wikidata
wd:Q132806,city,Бугульма,,,mixed_phrase,always,Бугульма,,,,,,,needs_review,wikidata
wd:Q134163,city,Выкса,,,mixed_phrase,always,Выкса,,,,,,,needs_review,wikidata
wd:Q134366,city,Гаджиево,,,mixed_phrase,always,Гаджиево,,,,,,,needs_review,wikidata
wd:Q132832,city,Буденновск,Будённовск,,mixed_phrase,always,Буденновск,,,,,,,needs_review,wikidata
wd:Q132698,city,Борисоглебск,,,mixed_phrase,always,Борисоглебск,,,,,,,needs_review,wikidata
wd:Q133299,city,Вуктыл,,,mixed_phrase,always,Вуктыл,,,,,,,needs_review,wikidata
wd:Q133061,city,Весьегонск,,,mixed_phrase,always,Весьегонск,,,,,,,needs_review,wikidata
wd:Q133089,city,Вилюйск,,,mixed_phrase,always,Вилюйск,,,,,,,needs_review,wikidata
wd:Q132977,city,Верещагино,,,mixed_phrase,always,Верещагино,,,,,,,needs_review,wikidata
wd:Q133825,city,Воскресенск,,,mixed_phrase,always,Воскресенск,,,,,,,needs_review,wikidata
wd:Q132960,city,Велиж,,,mixed_phrase,always,Велиж,,,,,,,needs_review,wikidata
wd:Q133075,city,Видное,,,mixed_phrase,always,Видное,,,,,,,needs_review,wikidata
wd:Q132846,city,Буинск,,,mixed_phrase,always,Буинск,,,,,,,needs_review,wikidata
wd:Q134206,city,Вяземский,,,mixed_phrase,always,Вяземский,,,,,,,needs_review,wikidata
wd:Q133071,city,Ветлуга,,,mixed_phrase,always,Ветлуга,,,,,,,needs_review,wikidata
wd:Q134296,city,Вязники,,,mixed_phrase,always,Вязники,,,,,,,needs_review,wikidata
wd:Q133029,city,Верхний Тагил,,,mixed_phrase,always,Верхний Тагил,,,,,,,needs_review,wikidata
wd:Q133102,city,Вичуга,,,mixed_phrase,always,Вичуга,,,,,,,needs_review,wikidata
wd:Q141697,city,Изобильный,,,mixed_phrase,always,Изобильный,,,,,,,needs_review,wikidata
wd:Q133052,city,Верхотурье,,,mixed_phrase,always,Верхотурье,,,,,,,needs_review,wikidata
wd:Q132947,city,Валдай,,,mixed_phrase,always,Валдай,,,,,,,needs_review,wikidata
wd:Q133099,city,Вихоревка,,,mixed_phrase,always,Вихоревка,,,,,,,needs_review,wikidata
wd:Q132714,city,Боровичи,,,mixed_phrase,always,Боровичи,,,,,,,needs_review,wikidata
wd:Q173883,city,Новоалександровск,,,mixed_phrase,always,Новоалександровск,,,,,,,needs_review,wikidata
wd:Q163845,city,Навашино,,,mixed_phrase,always,Навашино,,,,,,,needs_review,wikidata
wd:Q172470,city,Нерюнгри,,,mixed_phrase,always,Нерюнгри,,,,,,,needs_review,wikidata
wd:Q175505,city,Нолинск,,,mixed_phrase,always,Нолинск,,,,,,,needs_review,wikidata
wd:Q175141,city,Новомичуринск,,,mixed_phrase,always,Новомичуринск,,,,,,,needs_review,wikidata
wd:Q165773,city,Невель,,,mixed_phrase,always,Невель,,,,,,,needs_review,wikidata
wd:Q175541,city,Нытва,,,mixed_phrase,always,Нытва,,,,,,,needs_review,wikidata
wd:Q175209,city,Новоржев,,,mixed_phrase,always,Новоржев,,,,,,,needs_review,wikidata
wd:Q175258,city,Новосиль,,,mixed_phrase,always,Новосиль,,,,,,,needs_review,wikidata
wd:Q174185,city,Ряжск,,,mixed_phrase,always,Ряжск,,,,,,,needs_review,wikidata
wd:Q165790,city,Невельск,,,mixed_phrase,always,Невельск,,,,,,,needs_review,wikidata
wd:Q172575,city,Нефтегорск,,,mixed_phrase,always,Нефтегорск,,,,,,,needs_review,wikidata
wd:Q162079,city,Похвистнево,,,mixed_phrase,always,Похвистнево,,,,,,,needs_review,wikidata
wd:Q175371,city,Новоузенск,,,mixed_phrase,always,Новоузенск,,,,,,,needs_review,wikidata
wd:Q175360,city,Новотроицк,,,mixed_phrase,always,Новотроицк,,,,,,,needs_review,wikidata
wd:Q174155,city,Новокубанск,,,mixed_phrase,always,Новокубанск,,,,,,,needs_review,wikidata
wd:Q159222,city,Морозовск,,,mixed_phrase,always,Морозовск,,,,,,,needs_review,wikidata
wd:Q165844,city,Невьянск,,,mixed_phrase,always,Невьянск,,,,,,,needs_review,wikidata
wd:Q163907,city,Назарово,,,mixed_phrase,always,Назарово,,,,,,,needs_review,wikidata
wd:Q162761,city,Мышкин,,,mixed_phrase,always,Мышкин,,,,,,,needs_review,wikidata
wd:Q175552,city,Нюрба,,,mixed_phrase,always,Нюрба,,,,,,,needs_review,wikidata
wd:Q173943,city,Нововоронеж,,,mixed_phrase,always,Нововоронеж,,,,,,,needs_review,wikidata
wd:Q159261,city,Московский,,,mixed_phrase,always,Московский,,,,,,,needs_review,wikidata
wd:Q172484,city,Нестеров,,,mixed_phrase,always,Нестеров,,,,,,,needs_review,wikidata
wd:Q159217,city,Мончегорск,,,mixed_phrase,always,Мончегорск,,,,,,,needs_review,wikidata
wd:Q175380,city,Новоульяновск,,,mixed_phrase,always,Новоульяновск,,,,,,,needs_review,wikidata
wd:Q163864,city,Наволоки,,,mixed_phrase,always,Наволоки,,,,,,,needs_review,wikidata
wd:Q162640,city,Мураши,,,mixed_phrase,always,Мураши,,,,,,,needs_review,wikidata
wd:Q175407,city,Новохоперск,Новохопёрск,,mixed_phrase,always,Новохоперск,,,,,,,needs_review,wikidata
wd:Q159240,city,Мосальск,,,mixed_phrase,always,Мосальск,,,,,,,needs_review,wikidata
wd:Q173925,city,Новоаннинский,,,mixed_phrase,always,Новоаннинский,,,,,,,needs_review,wikidata
wd:Q174124,city,Новодвинск,,,mixed_phrase,always,Новодвинск,,,,,,,needs_review,wikidata
wd:Q175533,city,Нурлат,,,mixed_phrase,always,Нурлат,,,,,,,needs_review,wikidata
wd:Q163954,city,Называевск,,,mixed_phrase,always,Называевск,,,,,,,needs_review,wikidata
wd:Q163986,city,Нариманов,,,mixed_phrase,always,Нариманов,,,,,,,needs_review,wikidata
wd:Q172671,city,Нижнеудинск,,,mixed_phrase,always,Нижнеудинск,,,,,,,needs_review,wikidata
wd:Q174138,city,Новозыбков,,,mixed_phrase,always,Новозыбков,,,,,,,needs_review,wikidata
wd:Q173858,city,Новая Ляля,,,mixed_phrase,always,Новая Ляля,,,,,,,needs_review,wikidata
wd:Q159501,city,Муравленко,,,mixed_phrase,always,Муравленко,,,,,,,needs_review,wikidata
wd:Q173047,city,Никольск,,,mixed_phrase,always,Никольск,,,,,,,needs_review,wikidata
wd:Q173008,city,Нижняя Салда,,,mixed_phrase,always,Нижняя Салда,,,,,,,needs_review,wikidata
wd:Q173015,city,Нижняя Тура,,,mixed_phrase,always,Нижняя Тура,,,,,,,needs_review,wikidata
wd:Q172448,city,Нерехта,,,mixed_phrase,always,Нерехта,,,,,,,needs_review,wikidata
wd:Q172366,city,Нелидово,,,mixed_phrase,always,Нелидово,,,,,,,needs_review,wikidata
wd:Q165682,city,Нарткала,,,mixed_phrase,always,Нарткала,,,,,,,needs_review,wikidata
wd:Q173026,city,Николаевск,,,mixed_phrase,always,Николаевск,,,,,,,needs_review,wikidata
wd:Q173903,city,Новоалтайск,,,mixed_phrase,always,Новоалтайск,,,,,,,needs_review,wikidata
wd:Q172608,city,Нефтекумск,,,mixed_phrase,always,Нефтекумск,,,,,,,needs_review,wikidata
wd:Q175353,city,Новосокольники,,,mixed_phrase,always,Новосокольники,,,,,,,needs_review,wikidata
wd:Q177805,city,Оханск,,,mixed_phrase,always,Оханск,,,,,,,needs_review,wikidata
wd:Q183093,city,Поронайск,,,mixed_phrase,always,Поронайск,,,,,,,needs_review,wikidata
wd:Q178152,city,Перевоз,,,mixed_phrase,always,Перевоз,,,,,,,needs_review,wikidata
wd:Q180082,city,Стрежевой,,,mixed_phrase,always,Стрежевой,,,,,,,needs_review,wikidata
wd:Q177829,city,Очер,Очёр,,mixed_phrase,always,Очер,,,,,,,needs_review,wikidata
wd:Q183183,city,Пошехонье,,,mixed_phrase,always,Пошехонье,,,,,,,needs_review,wikidata
wd:Q177867,city,Павловск,,,mixed_phrase,always,Павловск,,,,,,,needs_review,wikidata
wd:Q179387,city,Печора,,,mixed_phrase,always,Печора,,,,,,,needs_review,wikidata
wd:Q176264,city,Озеры,Озёры,,mixed_phrase,always,Озеры,,,,,,,needs_review,wikidata
wd:Q179439,city,Пионерский,,,mixed_phrase,always,Пионерский,,,,,,,needs_review,wikidata
wd:Q176773,city,Остров,,,mixed_phrase,always,Остров,,,,,,,needs_review,wikidata
wd:Q176738,city,Оса,,,mixed_phrase,always,Оса,,,,,,,needs_review,wikidata
wd:Q176753,city,Осинники,,,mixed_phrase,always,Осинники,,,,,,,needs_review,wikidata
wd:Q184185,city,Пролетарск,,,mixed_phrase,always,Пролетарск,,,,,,,needs_review,wikidata
wd:Q182918,city,Полярные Зори,,,mixed_phrase,always,Полярные Зори,,,,,,,needs_review,wikidata
wd:Q178132,city,Первомайск,,,mixed_phrase,always,Первомайск,,,,,,,needs_review,wikidata
wd:Q177737,city,Острогожск,,,mixed_phrase,always,Острогожск,,,,,,,needs_review,wikidata
wd:Q178238,city,Пестово,,,mixed_phrase,always,Пестово,,,,,,,needs_review,wikidata
wd:Q183106,city,Порхов,,,mixed_phrase,always,Порхов,,,,,,,needs_review,wikidata
wd:Q178175,city,Пересвет,,,mixed_phrase,always,Пересвет,,,,,,,needs_review,wikidata
wd:Q178857,city,Петровск,,,mixed_phrase,always,Петровск,,,,,,,needs_review,wikidata
wd:Q177770,city,Отрадный,,,mixed_phrase,always,Отрадный,,,,,,,needs_review,wikidata
wd:Q178188,city,Переславль-Залесский,,,mixed_phrase,always,Переславль-Залесский,,,,,,,needs_review,wikidata
wd:Q182906,city,Полысаево,,,mixed_phrase,always,Полысаево,,,,,,,needs_review,wikidata
wd:Q175795,city,Озерск,Озёрск,,mixed_phrase,always,Озерск,,,,,,,needs_review,wikidata
wd:Q179407,city,Печоры,,,mixed_phrase,always,Печоры,,,,,,,needs_review,wikidata
wd:Q176395,city,Омутнинск,,,mixed_phrase,always,Омутнинск,,,,,,,needs_review,wikidata
wd:Q181548,city,Покровск,,,mixed_phrase,always,Покровск,,,,,,,needs_review,wikidata
wd:Q177839,city,Павлово,,,mixed_phrase,always,Павлово,,,,,,,needs_review,wikidata
wd:Q178322,city,Петров Вал,,,mixed_phrase,always,Петров Вал,,,,,,,needs_review,wikidata
wd:Q179464,city,Плавск,,,mixed_phrase,always,Плавск,,,,,,,needs_review,wikidata
wd:Q176761,city,Осташков,,,mixed_phrase,always,Осташков,,,,,,,needs_review,wikidata
wd:Q177782,city,Оха,,,mixed_phrase,always,Оха,,,,,,,needs_review,wikidata
wd:Q176592,city,Онега,,,mixed_phrase,always,Онега,,,,,,,needs_review,wikidata
wd:Q183145,city,Почеп,,,mixed_phrase,always,Почеп,,,,,,,needs_review,wikidata
wd:Q179495,city,Поворино,,,mixed_phrase,always,Поворино,,,,,,,needs_review,wikidata
wd:Q176348,city,Олекминск,Олёкминск,,mixed_phrase,always,Олекминск,,,,,,,needs_review,wikidata
wd:Q177723,city,Островной,,,mixed_phrase,always,Островной,,,,,,,needs_review,wikidata
wd:Q183208,city,Приволжск,,,mixed_phrase,always,Приволжск,,,,,,,needs_review,wikidata
wd:Q177920,city,Палласовка,,,mixed_phrase,always,Палласовка,,,,,,,needs_review,wikidata
wd:Q175601,city,Няндома,,,mixed_phrase,always,Няндома,,,,,,,needs_review,wikidata
wd:Q177908,city,Павловский Посад,,,mixed_phrase,always,Павловский Посад,,,,,,,needs_review,wikidata
wd:Q184095,city,Приморско-Ахтарск,,,mixed_phrase,always,Приморско-Ахтарск,,,,,,,needs_review,wikidata
wd:Q183162,city,Починок,,,mixed_phrase,always,Починок,,,,,,,needs_review,wikidata
wd:Q183193,city,Правдинск,,,mixed_phrase,always,Правдинск,,,,,,,needs_review,wikidata
wd:Q175727,city,Обь,,,mixed_phrase,always,Обь,,,,,,,needs_review,wikidata
wd:Q176325,city,Октябрьский,,,mixed_phrase,always,Октябрьский,,,,,,,needs_review,wikidata
wd:Q179486,city,Плес,Плёс,,mixed_phrase,always,Плес,,,,,,,needs_review,wikidata
wd:Q179372,city,Петушки,,,mixed_phrase,always,Петушки,,,,,,,needs_review,wikidata
wd:Q183223,city,Приморск,,,mixed_phrase,always,Приморск,,,,,,,needs_review,wikidata
wd:Q179361,city,Петухово,,,mixed_phrase,always,Петухово,,,,,,,needs_review,wikidata
wd:Q181550,city,Слюдянка,,,mixed_phrase,always,Слюдянка,,,,,,,needs_review,wikidata
wd:Q178105,city,Певек,,,mixed_phrase,always,Певек,,,,,,,needs_review,wikidata
wd:Q178090,city,Партизанск,,,mixed_phrase,always,Партизанск,,,,,,,needs_review,wikidata
wd:Q179454,city,Питкяранта,,,mixed_phrase,always,Питкяранта,,,,,,,needs_review,wikidata
wd:Q154630,city,Когалым,,,mixed_phrase,always,Когалым,,,,,,,needs_review,wikidata
wd:Q154711,city,Кологрив,,,mixed_phrase,always,Кологрив,,,,,,,needs_review,wikidata
wd:Q159124,city,Мичуринск,,,mixed_phrase,always,Мичуринск,,,,,,,needs_review,wikidata
wd:Q145810,city,Кизляр,,,mixed_phrase,always,Кизляр,,,,,,,needs_review,wikidata
wd:Q159081,city,Михайловка,,,mixed_phrase,always,Михайловка,,,,,,,needs_review,wikidata
wd:Q154669,city,Козловка,,,mixed_phrase,always,Козловка,,,,,,,needs_review,wikidata
wd:Q158848,city,Мещовск,,,mixed_phrase,always,Мещовск,,,,,,,needs_review,wikidata
wd:Q153698,city,Клин,,,mixed_phrase,always,Клин,,,,,,,needs_review,wikidata
wd:Q154785,city,Комсомольск,,,mixed_phrase,always,Комсомольск,,,,,,,needs_review,wikidata
wd:Q153734,city,Княгинино,,,mixed_phrase,always,Княгинино,,,,,,,needs_review,wikidata
wd:Q176337,city,Окуловка,,,mixed_phrase,always,Окуловка,,,,,,,needs_review,wikidata
wd:Q159112,city,Михайловск,,,mixed_phrase,always,Михайловск,,,,,,,needs_review,wikidata
wd:Q153787,city,Ковылкино,,,mixed_phrase,always,Ковылкино,,,,,,,needs_review,wikidata
wd:Q145993,city,Шумиха,,,mixed_phrase,always,Шумиха,,,,,,,needs_review,wikidata
wd:Q158798,city,Мелеуз,,,mixed_phrase,always,Мелеуз,,,,,,,needs_review,wikidata
wd:Q155229,city,Кораблино,,,mixed_phrase,always,Кораблино,,,,,,,needs_review,wikidata
wd:Q154661,city,Козельск,,,mixed_phrase,always,Козельск,,,,,,,needs_review,wikidata
wd:Q158864,city,Микунь,,,mixed_phrase,always,Микунь,,,,,,,needs_review,wikidata
wd:Q155095,city,Конаково,,,mixed_phrase,always,Конаково,,,,,,,needs_review,wikidata
wd:Q154704,city,Кола,,,mixed_phrase,always,Кола,,,,,,,needs_review,wikidata
wd:Q159071,city,Михайлов,,,mixed_phrase,always,Михайлов,,,,,,,needs_review,wikidata
wd:Q152906,city,Лакинск,,,mixed_phrase,always,Лакинск,,,,,,,needs_review,wikidata
wd:Q159139,city,Можайск,,,mixed_phrase,always,Можайск,,,,,,,needs_review,wikidata
wd:Q155122,city,Кондрово,,,mixed_phrase,always,Кондрово,,,,,,,needs_review,wikidata
wd:Q154725,city,Колпашево,,,mixed_phrase,always,Колпашево,,,,,,,needs_review,wikidata
wd:Q158788,city,Меленки,,,mixed_phrase,always,Меленки,,,,,,,needs_review,wikidata
wd:Q150346,city,Ялуторовск,,,mixed_phrase,always,Ялуторовск,,,,,,,needs_review,wikidata
wd:Q159134,city,Могоча,,,mixed_phrase,always,Могоча,,,,,,,needs_review,wikidata
wd:Q159097,city,Михайловск,,,mixed_phrase,always,Михайловск,,,,,,,needs_review,wikidata
wd:Q158775,city,Мезень,,,mixed_phrase,always,Мезень,,,,,,,needs_review,wikidata
wd:Q146372,city,Лукоянов,,,mixed_phrase,always,Лукоянов,,,,,,,needs_review,wikidata
wd:Q146468,city,Кинель,,,mixed_phrase,always,Кинель,,,,,,,needs_review,wikidata
wd:Q153715,city,Клинцы,,,mixed_phrase,always,Клинцы,,,,,,,needs_review,wikidata
wd:Q145906,city,Опочка,,,mixed_phrase,always,Опочка,,,,,,,needs_review,wikidata
wd:Q146043,city,Нерчинск,,,mixed_phrase,always,Нерчинск,,,,,,,needs_review,wikidata
wd:Q153380,city,Кинешма,,,mixed_phrase,always,Кинешма,,,,,,,needs_review,wikidata
wd:Q153490,city,Киров,,,mixed_phrase,always,Киров,,,,,,,needs_review,wikidata
wd:Q153392,city,Киреевск,,,mixed_phrase,always,Киреевск,,,,,,,needs_review,wikidata
wd:Q146334,city,Луза,,,mixed_phrase,always,Луза,,,,,,,needs_review,wikidata
wd:Q154648,city,Кодинск,,,mixed_phrase,always,Кодинск,,,,,,,needs_review,wikidata
wd:Q158872,city,Миллерово,,,mixed_phrase,always,Миллерово,,,,,,,needs_review,wikidata
wd:Q154747,city,Кольчугино,,,mixed_phrase,always,Кольчугино,,,,,,,needs_review,wikidata
wd:Q153453,city,Кириллов,,,mixed_phrase,always,Кириллов,,,,,,,needs_review,wikidata
wd:Q159149,city,Можга,,,mixed_phrase,always,Можга,,,,,,,needs_review,wikidata
wd:Q155133,city,Константиновск,,,mixed_phrase,always,Константиновск,,,,,,,needs_review,wikidata
wd:Q158816,city,Менделеевск,,,mixed_phrase,always,Менделеевск,,,,,,,needs_review,wikidata
wd:Q159041,city,Миньяр,,,mixed_phrase,always,Миньяр,,,,,,,needs_review,wikidata
wd:Q158936,city,Минеральные Воды,,,mixed_phrase,always,Минеральные Воды,,,,,,,needs_review,wikidata
wd:Q153412,city,Киренск,,,mixed_phrase,always,Киренск,,,,,,,needs_review,wikidata
wd:Q158830,city,Мензелинск,,,mixed_phrase,always,Мензелинск,,,,,,,needs_review,wikidata
wd:Q153636,city,Кирс,,,mixed_phrase,always,Кирс,,,,,,,needs_review,wikidata
wd:Q153609,city,Кировск,,,mixed_phrase,always,Кировск,,,,,,,needs_review,wikidata
wd:Q146419,city,Кимовск,,,mixed_phrase,always,Кимовск,,,,,,,needs_review,wikidata
wd:Q143247,city,Исилькуль,,,mixed_phrase,always,Исилькуль,,,,,,,needs_review,wikidata
wd:Q143052,city,Ипатово,,,mixed_phrase,always,Ипатово,,,,,,,needs_review,wikidata
wd:Q72360,city,Дмитриев,,,mixed_phrase,always,Дмитриев,,,,,,,needs_review,wikidata
wd:Q145476,city,Касли,,,mixed_phrase,always,Касли,,,,,,,needs_review,wikidata
wd:Q145426,city,Карталы,,,mixed_phrase,always,Карталы,,,,,,,needs_review,wikidata
wd:Q144123,city,Камызяк,,,mixed_phrase,always,Камызяк,,,,,,,needs_review,wikidata
wd:Q83621,city,Иланский,,,mixed_phrase,always,Иланский,,,,,,,needs_review,wikidata
wd:Q102307,city,Вязьма,,,mixed_phrase,always,Вязьма,,,,,,,needs_review,wikidata
wd:Q145115,city,Карачев,,,mixed_phrase,always,Карачев,,,,,,,needs_review,wikidata
wd:Q143775,city,Калязин,,,mixed_phrase,always,Калязин,,,,,,,needs_review,wikidata
wd:Q72656,city,Обоянь,,,mixed_phrase,always,Обоянь,,,,,,,needs_review,wikidata
wd:Q145621,city,Кашин,,,mixed_phrase,always,Кашин,,,,,,,needs_review,wikidata
wd:Q145552,city,Катав-Ивановск,,,mixed_phrase,always,Катав-Ивановск,,,,,,,needs_review,wikidata
wd:Q145261,city,Каргополь,,,mixed_phrase,always,Каргополь,,,,,,,needs_review,wikidata
wd:Q143839,city,Каменка,,,mixed_phrase,always,Каменка,,,,,,,needs_review,wikidata
wd:Q83339,city,Волчанск,,,mixed_phrase,always,Волчанск,,,,,,,needs_review,wikidata
wd:Q143481,city,Кадников,,,mixed_phrase,always,Кадников,,,,,,,needs_review,wikidata
wd:Q143697,city,Калининск,,,mixed_phrase,always,Калининск,,,,,,,needs_review,wikidata
wd:Q143614,city,Калачинск,,,mixed_phrase,always,Калачинск,,,,,,,needs_review,wikidata
wd:Q142009,city,Инсар,,,mixed_phrase,always,Инсар,,,,,,,needs_review,wikidata
wd:Q144844,city,Карабаш,,,mixed_phrase,always,Карабаш,,,,,,,needs_review,wikidata
wd:Q145187,city,Каргат,,,mixed_phrase,always,Каргат,,,,,,,needs_review,wikidata
wd:Q102152,city,Волоколамск,,,mixed_phrase,always,Волоколамск,,,,,,,needs_review,wikidata
wd:Q143297,city,Истра,,,mixed_phrase,always,Истра,,,,,,,needs_review,wikidata
wd:Q145012,city,Карасук,,,mixed_phrase,always,Карасук,,,,,,,needs_review,wikidata
wd:Q72373,city,Заозерный,Заозёрный,,mixed_phrase,always,Заозерный,,,,,,,needs_review,wikidata
wd:Q145669,city,Кедровый,,,mixed_phrase,always,Кедровый,,,,,,,needs_review,wikidata
wd:Q72704,city,Суджа,,,mixed_phrase,always,Суджа,,,,,,,needs_review,wikidata
wd:Q145583,city,Качканар,,,mixed_phrase,always,Качканар,,,,,,,needs_review,wikidata
wd:Q145406,city,Карпинск,,,mixed_phrase,always,Карпинск,,,,,,,needs_review,wikidata
wd:Q102364,city,Ельня,,,mixed_phrase,always,Ельня,,,,,,,needs_review,wikidata
wd:Q143557,city,Калач,,,mixed_phrase,always,Калач,,,,,,,needs_review,wikidata
wd:Q144057,city,Камень-на-Оби,,,mixed_phrase,always,Камень-на-Оби,,,,,,,needs_review,wikidata
wd:Q76493,city,Дзержинск,,,mixed_phrase,always,Дзержинск,,,,,,,needs_review,wikidata
wd:Q145567,city,Катайск,,,mixed_phrase,always,Катайск,,,,,,,needs_review,wikidata
wd:Q102334,city,Дмитров,,,mixed_phrase,always,Дмитров,,,,,,,needs_review,wikidata
wd:Q144969,city,Карабулак,,,mixed_phrase,always,Карабулак,,,,,,,needs_review,wikidata
wd:Q145638,city,Кашира,,,mixed_phrase,always,Кашира,,,,,,,needs_review,wikidata
wd:Q143722,city,Калтан,,,mixed_phrase,always,Калтан,,,,,,,needs_review,wikidata
wd:Q144097,city,Камешково,,,mixed_phrase,always,Камешково,,,,,,,needs_review,wikidata
wd:Q143376,city,Ишимбай,,,mixed_phrase,always,Ишимбай,,,,,,,needs_review,wikidata
wd:Q143334,city,Ишим,,,mixed_phrase,always,Ишим,,,,,,,needs_review,wikidata
wd:Q155515,city,Кохма,,,mixed_phrase,always,Кохма,,,,,,,needs_review,wikidata
wd:Q156046,city,Курильск,,,mixed_phrase,always,Курильск,,,,,,,needs_review,wikidata
wd:Q134707,city,Гурьевск,,,mixed_phrase,always,Гурьевск,,,,,,,needs_review,wikidata
wd:Q155818,city,городской округ Октябрьск,,,mixed_phrase,always,городской округ Октябрьск,,,,,,,needs_review,wikidata
wd:Q156209,city,Куртамыш,,,mixed_phrase,always,Куртамыш,,,,,,,needs_review,wikidata
wd:Q134667,city,Грязовец,,,mixed_phrase,always,Грязовец,,,,,,,needs_review,wikidata
wd:Q155615,city,Краснознаменск,,,mixed_phrase,always,Краснознаменск,,,,,,,needs_review,wikidata
wd:Q134732,city,Гусиноозерск,Гусиноозёрск,,mixed_phrase,always,Гусиноозерск,,,,,,,needs_review,wikidata
wd:Q155774,city,Красноуральск,,,mixed_phrase,always,Красноуральск,,,,,,,needs_review,wikidata
wd:Q155853,city,Кременки,Кремёнки,,mixed_phrase,always,Кременки,,,,,,,needs_review,wikidata
wd:Q134760,city,Дальнереченск,,,mixed_phrase,always,Дальнереченск,,,,,,,needs_review,wikidata
wd:Q134528,city,Гороховец,,,mixed_phrase,always,Гороховец,,,,,,,needs_review,wikidata
wd:Q155893,city,Кстово,,,mixed_phrase,always,Кстово,,,,,,,needs_review,wikidata
wd:Q134670,city,Губаха,,,mixed_phrase,always,Губаха,,,,,,,needs_review,wikidata
wd:Q155912,city,Кувандык,,,mixed_phrase,always,Кувандык,,,,,,,needs_review,wikidata
wd:Q134717,city,Гурьевск,,,mixed_phrase,always,Гурьевск,,,,,,,needs_review,wikidata
wd:Q155560,city,Красновишерск,,,mixed_phrase,always,Красновишерск,,,,,,,needs_review,wikidata
wd:Q134686,city,Губкинский,,,mixed_phrase,always,Губкинский,,,,,,,needs_review,wikidata
wd:Q155836,city,Красный Холм,,,mixed_phrase,always,Красный Холм,,,,,,,needs_review,wikidata
wd:Q134770,city,Данилов,,,mixed_phrase,always,Данилов,,,,,,,needs_review,wikidata
wd:Q155553,city,Красноармейск,,,mixed_phrase,always,Красноармейск,,,,,,,needs_review,wikidata
wd:Q155732,city,Краснослободск,,,mixed_phrase,always,Краснослободск,,,,,,,needs_review,wikidata
wd:Q155923,city,Кувшиново,,,mixed_phrase,always,Кувшиново,,,,,,,needs_review,wikidata
wd:Q155902,city,Кубинка,,,mixed_phrase,always,Кубинка,,,,,,,needs_review,wikidata
wd:Q134512,city,Городище,,,mixed_phrase,always,Городище,,,,,,,needs_review,wikidata
wd:Q134473,city,Горбатов,,,mixed_phrase,always,Горбатов,,,,,,,needs_review,wikidata
wd:Q155968,city,Кумертау,,,mixed_phrase,always,Кумертау,,,,,,,needs_review,wikidata
wd:Q155745,city,Краснослободск,,,mixed_phrase,always,Краснослободск,,,,,,,needs_review,wikidata
wd:Q155624,city,Краснокаменск,,,mixed_phrase,always,Краснокаменск,,,,,,,needs_review,wikidata
wd:Q134519,city,Городовиковск,,,mixed_phrase,always,Городовиковск,,,,,,,needs_review,wikidata
wd:Q155797,city,Красный Кут,,,mixed_phrase,always,Красный Кут,,,,,,,needs_review,wikidata
wd:Q155606,city,Краснознаменск,,,mixed_phrase,always,Краснознаменск,,,,,,,needs_review,wikidata
wd:Q134735,city,Гусь-Хрустальный,,,mixed_phrase,always,Гусь-Хрустальный,,,,,,,needs_review,wikidata
wd:Q134506,city,Городец,,,mixed_phrase,always,Городец,,,,,,,needs_review,wikidata
wd:Q134663,city,Грязи,,,mixed_phrase,always,Грязи,,,,,,,needs_review,wikidata
wd:Q134693,city,Гудермес,,,mixed_phrase,always,Гудермес,,,,,,,needs_review,wikidata
wd:Q155990,city,Купино,,,mixed_phrase,always,Купино,,,,,,,needs_review,wikidata
wd:Q156066,city,Куровское,,,mixed_phrase,always,Куровское,,,,,,,needs_review,wikidata
wd:Q134493,city,Горняк,,,mixed_phrase,always,Горняк,,,,,,,needs_review,wikidata
wd:Q134776,city,Данков,,,mixed_phrase,always,Данков,,,,,,,needs_review,wikidata
wd:Q134752,city,Далматово,,,mixed_phrase,always,Далматово,,,,,,,needs_review,wikidata
wd:Q155541,city,Красноармейск,,,mixed_phrase,always,Красноармейск,,,,,,,needs_review,wikidata
wd:Q134656,city,Гремячинск,,,mixed_phrase,always,Гремячинск,,,,,,,needs_review,wikidata
wd:Q155829,city,Красный Сулин,,,mixed_phrase,always,Красный Сулин,,,,,,,needs_review,wikidata
wd:Q156261,city,Куса,,,mixed_phrase,always,Куса,,,,,,,needs_review,wikidata
wd:Q134396,city,Гдов,,,mixed_phrase,always,Гдов,,,,,,,needs_review,wikidata
wd:Q134483,city,Горнозаводск,,,mixed_phrase,always,Горнозаводск,,,,,,,needs_review,wikidata
wd:Q155532,city,Красавино,,,mixed_phrase,always,Красавино,,,,,,,needs_review,wikidata
wd:Q134531,city,Горячий Ключ,,,mixed_phrase,always,Горячий Ключ,,,,,,,needs_review,wikidata
wd:Q134446,city,Голицыно,,,mixed_phrase,always,Голицыно,,,,,,,needs_review,wikidata
wd:Q155597,city,Краснозаводск,,,mixed_phrase,always,Краснозаводск,,,,,,,needs_review,wikidata
wd:Q155785,city,Красноуфимск,,,mixed_phrase,always,Красноуфимск,,,,,,,needs_review,wikidata
wd:Q155955,city,Куйбышев,,,mixed_phrase,always,Куйбышев,,,,,,,needs_review,wikidata
wd:Q196592,city,Тайга,,,mixed_phrase,always,Тайга,,,,,,,needs_review,wikidata
wd:Q194648,city,Сковородино,,,mixed_phrase,always,Сковородино,,,,,,,needs_review,wikidata
wd:Q196594,city,Тайшет,,,mixed_phrase,always,Тайшет,,,,,,,needs_review,wikidata
wd:Q194438,city,Сибай,,,mixed_phrase,always,Сибай,,,,,,,needs_review,wikidata
wd:Q196531,city,Сысерть,,,mixed_phrase,always,Сысерть,,,,,,,needs_review,wikidata
wd:Q196520,city,Суровикино,,,mixed_phrase,always,Суровикино,,,,,,,needs_review,wikidata
wd:Q196498,city,Ступино,,,mixed_phrase,always,Ступино,,,,,,,needs_review,wikidata
wd:Q194708,city,Славск,,,mixed_phrase,always,Славск,,,,,,,needs_review,wikidata
wd:Q196387,city,Соль-Илецк,,,mixed_phrase,always,Соль-Илецк,,,,,,,needs_review,wikidata
wd:Q196464,city,Среднеколымск,,,mixed_phrase,always,Среднеколымск,,,,,,,needs_review,wikidata
wd:Q196402,city,Сосновоборск,,,mixed_phrase,always,Сосновоборск,,,,,,,needs_review,wikidata
wd:Q194030,city,Сергач,,,mixed_phrase,always,Сергач,,,,,,,needs_review,wikidata
wd:Q196388,city,Сольвычегодск,,,mixed_phrase,always,Сольвычегодск,,,,,,,needs_review,wikidata
wd:Q196469,city,Сретенск,,,mixed_phrase,always,Сретенск,,,,,,,needs_review,wikidata
wd:Q196516,city,Сураж,,,mixed_phrase,always,Сураж,,,,,,,needs_review,wikidata
wd:Q196599,city,Талдом,,,mixed_phrase,always,Талдом,,,,,,,needs_review,wikidata
wd:Q196399,city,Сосенский,,,mixed_phrase,always,Сосенский,,,,,,,needs_review,wikidata
wd:Q196446,city,Спасск-Дальний,,,mixed_phrase,always,Спасск-Дальний,,,,,,,needs_review,wikidata
wd:Q195683,city,Слободской,,,mixed_phrase,always,Слободской,,,,,,,needs_review,wikidata
wd:Q196392,city,Сорочинск,,,mixed_phrase,always,Сорочинск,,,,,,,needs_review,wikidata
wd:Q196358,city,Снежногорск,,,mixed_phrase,always,Снежногорск,,,,,,,needs_review,wikidata
wd:Q196497,city,Струнино,,,mixed_phrase,always,Струнино,,,,,,,needs_review,wikidata
wd:Q196435,city,Спас-Деменск,,,mixed_phrase,always,Спас-Деменск,,,,,,,needs_review,wikidata
wd:Q196373,city,Советск,,,mixed_phrase,always,Советск,,,,,,,needs_review,wikidata
wd:Q196526,city,Сухиничи,,,mixed_phrase,always,Сухиничи,,,,,,,needs_review,wikidata
wd:Q196458,city,Спасск-Рязанский,,,mixed_phrase,always,Спасск-Рязанский,,,,,,,needs_review,wikidata
wd:Q194623,city,Сим,,,mixed_phrase,always,Сим,,,,,,,needs_review,wikidata
wd:Q196476,city,Старая Купавна,,,mixed_phrase,always,Старая Купавна,,,,,,,needs_review,wikidata
wd:Q196501,city,Суворов,,,mixed_phrase,always,Суворов,,,,,,,needs_review,wikidata
wd:Q194020,city,Серафимович,,,mixed_phrase,always,Серафимович,,,,,,,needs_review,wikidata
wd:Q194693,city,Славгород,,,mixed_phrase,always,Славгород,,,,,,,needs_review,wikidata
wd:Q196400,city,Сосновка,,,mixed_phrase,always,Сосновка,,,,,,,needs_review,wikidata
wd:Q196380,city,Солигалич,,,mixed_phrase,always,Солигалич,,,,,,,needs_review,wikidata
wd:Q196386,city,Солнечногорск,,,mixed_phrase,always,Солнечногорск,,,,,,,needs_review,wikidata
wd:Q196415,city,Сосногорск,,,mixed_phrase,always,Сосногорск,,,,,,,needs_review,wikidata
wd:Q196514,city,Суоярви,,,mixed_phrase,always,Суоярви,,,,,,,needs_review,wikidata
wd:Q196525,city,Сусуман,,,mixed_phrase,always,Сусуман,,,,,,,needs_review,wikidata
wd:Q196369,city,Советск,,,mixed_phrase,always,Советск,,,,,,,needs_review,wikidata
wd:Q196359,city,Собинка,,,mixed_phrase,always,Собинка,,,,,,,needs_review,wikidata
wd:Q196357,city,Снежинск,,,mixed_phrase,always,Снежинск,,,,,,,needs_review,wikidata
wd:Q196443,city,Спасск,,,mixed_phrase,always,Спасск,,,,,,,needs_review,wikidata
wd:Q196522,city,Сурск,,,mixed_phrase,always,Сурск,,,,,,,needs_review,wikidata
wd:Q194001,city,Сенгилей,,,mixed_phrase,always,Сенгилей,,,,,,,needs_review,wikidata
wd:Q196397,city,Сортавала,,,mixed_phrase,always,Сортавала,,,,,,,needs_review,wikidata
wd:Q196533,city,Сычевка,Сычёвка,,mixed_phrase,always,Сычевка,,,,,,,needs_review,wikidata
wd:Q196377,city,Советский,,,mixed_phrase,always,Советский,,,,,,,needs_review,wikidata
wd:Q196466,city,Среднеуральск,,,mixed_phrase,always,Среднеуральск,,,,,,,needs_review,wikidata
wd:Q196479,city,Старая Русса,,,mixed_phrase,always,Старая Русса,,,,,,,needs_review,wikidata
wd:Q196374,city,Советская Гавань,,,mixed_phrase,always,Советская Гавань,,,,,,,needs_review,wikidata
wd:Q196378,city,Сокол,,,mixed_phrase,always,Сокол,,,,,,,needs_review,wikidata
wd:Q196439,city,Спас-Клепики,,,mixed_phrase,always,Спас-Клепики,,,,,,,needs_review,wikidata
wd:Q196390,city,Сольцы,,,mixed_phrase,always,Сольцы,,,,,,,needs_review,wikidata
wd:Q196483,city,Стародуб,,,mixed_phrase,always,Стародуб,,,,,,,needs_review,wikidata
wd:Q196964,city,Усть-Кут,,,mixed_phrase,always,Усть-Кут,,,,,,,needs_review,wikidata
wd:Q197410,city,Харабали,,,mixed_phrase,always,Харабали,,,,,,,needs_review,wikidata
wd:Q196938,city,Усть-Джегута,,,mixed_phrase,always,Усть-Джегута,,,,,,,needs_review,wikidata
wd:Q196792,city,Удачный,,,mixed_phrase,always,Удачный,,,,,,,needs_review,wikidata
wd:Q197393,city,Фурманов,,,mixed_phrase,always,Фурманов,,,,,,,needs_review,wikidata
wd:Q196649,city,Терек,,,mixed_phrase,always,Терек,,,,,,,needs_review,wikidata
wd:Q196975,city,Усть-Лабинск,,,mixed_phrase,always,Усть-Лабинск,,,,,,,needs_review,wikidata
wd:Q196654,city,Тимашевск,Тимашёвск,,mixed_phrase,always,Тимашевск,,,,,,,needs_review,wikidata
wd:Q196637,city,Теберда,,,mixed_phrase,always,Теберда,,,,,,,needs_review,wikidata
wd:Q196833,city,Урай,,,mixed_phrase,always,Урай,,,,,,,needs_review,wikidata
wd:Q196925,city,Усолье-Сибирское,,,mixed_phrase,always,Усолье-Сибирское,,,,,,,needs_review,wikidata
wd:Q197356,city,Фатеж,,,mixed_phrase,always,Фатеж,,,,,,,needs_review,wikidata
wd:Q196710,city,Туран,,,mixed_phrase,always,Туран,,,,,,,needs_review,wikidata
wd:Q197345,city,Учалы,,,mixed_phrase,always,Учалы,,,,,,,needs_review,wikidata
wd:Q196603,city,Талица,,,mixed_phrase,always,Талица,,,,,,,needs_review,wikidata
wd:Q197560,city,Хвалынск,,,mixed_phrase,always,Хвалынск,,,,,,,needs_review,wikidata
wd:Q197382,city,Фокино,,,mixed_phrase,always,Фокино,,,,,,,needs_review,wikidata
wd:Q197006,city,Устюжна,,,mixed_phrase,always,Устюжна,,,,,,,needs_review,wikidata
wd:Q196747,city,Тюкалинск,,,mixed_phrase,always,Тюкалинск,,,,,,,needs_review,wikidata
wd:Q197386,city,Фрязино,,,mixed_phrase,always,Фрязино,,,,,,,needs_review,wikidata
wd:Q196815,city,Узловая,,,mixed_phrase,always,Узловая,,,,,,,needs_review,wikidata
wd:Q196845,city,Урус-Мартан,,,mixed_phrase,always,Урус-Мартан,,,,,,,needs_review,wikidata
wd:Q197473,city,Харовск,,,mixed_phrase,always,Харовск,,,,,,,needs_review,wikidata
wd:Q196645,city,Темников,,,mixed_phrase,always,Темников,,,,,,,needs_review,wikidata
wd:Q196705,city,Туймазы,,,mixed_phrase,always,Туймазы,,,,,,,needs_review,wikidata
wd:Q197351,city,Уяр,,,mixed_phrase,always,Уяр,,,,,,,needs_review,wikidata
wd:Q196651,city,Тетюши,,,mixed_phrase,always,Тетюши,,,,,,,needs_review,wikidata
wd:Q196616,city,Таруса,,,mixed_phrase,always,Таруса,,,,,,,needs_review,wikidata
wd:Q196611,city,Тарко-Сале,,,mixed_phrase,always,Тарко-Сале,,,,,,,needs_review,wikidata
wd:Q196622,city,Татарск,,,mixed_phrase,always,Татарск,,,,,,,needs_review,wikidata
wd:Q196904,city,Усинск,,,mixed_phrase,always,Усинск,,,,,,,needs_review,wikidata
wd:Q196839,city,Уржум,,,mixed_phrase,always,Уржум,,,,,,,needs_review,wikidata
wd:Q196669,city,Томмот,,,mixed_phrase,always,Томмот,,,,,,,needs_review,wikidata
wd:Q196729,city,Тында,,,mixed_phrase,always,Тында,,,,,,,needs_review,wikidata
wd:Q196711,city,Туринск,,,mixed_phrase,always,Туринск,,,,,,,needs_review,wikidata
wd:Q196700,city,Трубчевск,,,mixed_phrase,always,Трубчевск,,,,,,,needs_review,wikidata
wd:Q196686,city,Трехгорный,Трёхгорный,,mixed_phrase,always,Трехгорный,,,,,,,needs_review,wikidata
wd:Q196660,city,Тогучин,,,mixed_phrase,always,Тогучин,,,,,,,needs_review,wikidata
wd:Q197383,city,Фокино,,,mixed_phrase,always,Фокино,,,,,,,needs_review,wikidata
wd:Q196798,city,Удомля,,,mixed_phrase,always,Удомля,,,,,,,needs_review,wikidata
wd:Q196922,city,Усолье,,,mixed_phrase,always,Усолье,,,,,,,needs_review,wikidata
wd:Q196643,city,Тейково,,,mixed_phrase,always,Тейково,,,,,,,needs_review,wikidata
wd:Q196827,city,Унеча,,,mixed_phrase,always,Унеча,,,,,,,needs_review,wikidata
wd:Q196778,city,Углегорск,,,mixed_phrase,always,Углегорск,,,,,,,needs_review,wikidata
wd:Q196694,city,Троицк,,,mixed_phrase,always,Троицк,,,,,,,needs_review,wikidata
wd:Q196835,city,Урень,,,mixed_phrase,always,Урень,,,,,,,needs_review,wikidata
wd:Q196709,city,Тулун,,,mixed_phrase,always,Тулун,,,,,,,needs_review,wikidata
wd:Q196803,city,Ужур,,,mixed_phrase,always,Ужур,,,,,,,needs_review,wikidata
wd:Q196907,city,Усмань,,,mixed_phrase,always,Усмань,,,,,,,needs_review,wikidata
wd:Q196629,city,Таштагол,,,mixed_phrase,always,Таштагол,,,,,,,needs_review,wikidata
wd:Q196607,city,Тара,,,mixed_phrase,always,Тара,,,,,,,needs_review,wikidata
wd:Q196666,city,Томари,,,mixed_phrase,always,Томари,,,,,,,needs_review,wikidata
wd:Q196946,city,Усть-Илимск,,,mixed_phrase,always,Усть-Илимск,,,,,,,needs_review,wikidata
wd:Q135829,city,Железноводск,,,mixed_phrase,always,Железноводск,,,,,,,needs_review,wikidata
wd:Q157510,city,Лермонтов,,,mixed_phrase,always,Лермонтов,,,,,,,needs_review,wikidata
wd:Q134786,city,Дедовск,,,mixed_phrase,always,Дедовск,,,,,,,needs_review,wikidata
wd:Q135446,city,Дорогобуж,,,mixed_phrase,always,Дорогобуж,,,,,,,needs_review,wikidata
wd:Q157523,city,Лесной,,,mixed_phrase,always,Лесной,,,,,,,needs_review,wikidata
wd:Q135675,city,Емва,,,mixed_phrase,always,Емва,,,,,,,needs_review,wikidata
wd:Q135358,city,Дмитровск,,,mixed_phrase,always,Дмитровск,,,,,,,needs_review,wikidata
wd:Q135473,city,Дубовка,,,mixed_phrase,always,Дубовка,,,,,,,needs_review,wikidata
wd:Q157439,city,Лахденпохья,,,mixed_phrase,always,Лахденпохья,,,,,,,needs_review,wikidata
wd:Q156337,city,Кяхта,,,mixed_phrase,always,Кяхта,,,,,,,needs_review,wikidata
wd:Q135275,city,Дигора,,,mixed_phrase,always,Дигора,,,,,,,needs_review,wikidata
wd:Q136361,city,Жирновск,,,mixed_phrase,always,Жирновск,,,,,,,needs_review,wikidata
wd:Q134790,city,Демидов,,,mixed_phrase,always,Демидов,,,,,,,needs_review,wikidata
wd:Q135456,city,Дрезна,,,mixed_phrase,always,Дрезна,,,,,,,needs_review,wikidata
wd:Q135386,city,Добрянка,,,mixed_phrase,always,Добрянка,,,,,,,needs_review,wikidata
wd:Q136383,city,Жуков,,,mixed_phrase,always,Жуков,,,,,,,needs_review,wikidata
wd:Q136669,city,Заполярный,,,mixed_phrase,always,Заполярный,,,,,,,needs_review,wikidata
wd:Q135657,city,Елизово,,,mixed_phrase,always,Елизово,,,,,,,needs_review,wikidata
wd:Q135665,city,Еманжелинск,,,mixed_phrase,always,Еманжелинск,,,,,,,needs_review,wikidata
wd:Q136411,city,Жуковка,,,mixed_phrase,always,Жуковка,,,,,,,needs_review,wikidata
wd:Q157666,city,Лобня,,,mixed_phrase,always,Лобня,,,,,,,needs_review,wikidata
wd:Q135968,city,Железногорск-Илимский,,,mixed_phrase,always,Железногорск-Илимский,,,,,,,needs_review,wikidata
wd:Q135559,city,Дятьково,,,mixed_phrase,always,Дятьково,,,,,,,needs_review,wikidata
wd:Q135394,city,Долгопрудный,,,mixed_phrase,always,Долгопрудный,,,,,,,needs_review,wikidata
wd:Q135809,city,Ефремов,,,mixed_phrase,always,Ефремов,,,,,,,needs_review,wikidata
wd:Q136340,city,Жиздра,,,mixed_phrase,always,Жиздра,,,,,,,needs_review,wikidata
wd:Q157660,city,Лихославль,,,mixed_phrase,always,Лихославль,,,,,,,needs_review,wikidata
wd:Q136528,city,Заволжье,,,mixed_phrase,always,Заволжье,,,,,,,needs_review,wikidata
wd:Q135754,city,Ершов,,,mixed_phrase,always,Ершов,,,,,,,needs_review,wikidata
wd:Q136456,city,Завитинск,,,mixed_phrase,always,Завитинск,,,,,,,needs_review,wikidata
wd:Q135549,city,Дюртюли,,,mixed_phrase,always,Дюртюли,,,,,,,needs_review,wikidata
wd:Q135686,city,Енисейск,,,mixed_phrase,always,Енисейск,,,,,,,needs_review,wikidata
wd:Q135466,city,Дубна,,,mixed_phrase,always,Дубна,,,,,,,needs_review,wikidata
wd:Q135696,city,Ермолино,,,mixed_phrase,always,Ермолино,,,,,,,needs_review,wikidata
wd:Q157447,city,Лебедянь,,,mixed_phrase,always,Лебедянь,,,,,,,needs_review,wikidata
wd:Q135406,city,Долинск,,,mixed_phrase,always,Долинск,,,,,,,needs_review,wikidata
wd:Q157723,city,Лосино-Петровский,,,mixed_phrase,always,Лосино-Петровский,,,,,,,needs_review,wikidata
wd:Q157590,city,Ликино-Дулево,Ликино-Дулёво,,mixed_phrase,always,Ликино-Дулево,,,,,,,needs_review,wikidata
wd:Q136551,city,Задонск,,,mixed_phrase,always,Задонск,,,,,,,needs_review,wikidata
wd:Q157764,city,Лысково,,,mixed_phrase,always,Лысково,,,,,,,needs_review,wikidata
wd:Q136490,city,Заволжск,,,mixed_phrase,always,Заволжск,,,,,,,needs_review,wikidata
wd:Q157478,city,Лесозаводск,,,mixed_phrase,always,Лесозаводск,,,,,,,needs_review,wikidata
wd:Q135616,city,Ейск,,,mixed_phrase,always,Ейск,,,,,,,needs_review,wikidata
wd:Q136656,city,Западная Двина,,,mixed_phrase,always,Западная Двина,,,,,,,needs_review,wikidata
wd:Q135543,city,Духовщина,,,mixed_phrase,always,Духовщина,,,,,,,needs_review,wikidata
wd:Q136758,city,Заречный,,,mixed_phrase,always,Заречный,,,,,,,needs_review,wikidata
wd:Q136223,city,Жердевка,,,mixed_phrase,always,Жердевка,,,,,,,needs_review,wikidata
wd:Q136585,city,Закаменск,,,mixed_phrase,always,Закаменск,,,,,,,needs_review,wikidata
wd:Q135482,city,Дудинка,,,mixed_phrase,always,Дудинка,,,,,,,needs_review,wikidata
wd:Q136576,city,Заинск,,,mixed_phrase,always,Заинск,,,,,,,needs_review,wikidata
wd:Q135189,city,Дзержинский,,,mixed_phrase,always,Дзержинский,,,,,,,needs_review,wikidata
wd:Q156614,city,Лагань,,,mixed_phrase,always,Лагань,,,,,,,needs_review,wikidata
wd:Q157458,city,городское поселение Лениногорск,,,mixed_phrase,always,городское поселение Лениногорск,,,,,,,needs_review,wikidata
wd:Q136692,city,Зарайск,,,mixed_phrase,always,Зарайск,,,,,,,needs_review,wikidata
wd:Q157566,city,Лесосибирск,,,mixed_phrase,always,Лесосибирск,,,,,,,needs_review,wikidata
wd:Q135370,city,Дно,,,mixed_phrase,always,Дно,,,,,,,needs_review,wikidata
wd:Q136310,city,Жигулевск,Жигулёвск,,mixed_phrase,always,Жигулевск,,,,,,,needs_review,wikidata
wd:Q156648,city,Лаишево,,,mixed_phrase,always,Лаишево,,,,,,,needs_review,wikidata
wd:Q157493,city,Ленск,,,mixed_phrase,always,Ленск,,,,,,,needs_review,wikidata
wd:Q157613,city,Липки,,,mixed_phrase,always,Липки,,,,,,,needs_review,wikidata
wd:Q136471,city,Заводоуковск,,,mixed_phrase,always,Заводоуковск,,,,,,,needs_review,wikidata
wd:Q156602,city,Лабытнанги,,,mixed_phrase,always,Лабытнанги,,,,,,,needs_review,wikidata
wd:Q157469,city,Ленинск,,,mixed_phrase,always,Ленинск,,,,,,,needs_review,wikidata
wd:Q157757,city,Луховицы,,,mixed_phrase,always,Луховицы,,,,,,,needs_review,wikidata
wd:Q135650,city,Елабуга,,,mixed_phrase,always,Елабуга,,,,,,,needs_review,wikidata
wd:Q135213,city,Дивногорск,,,mixed_phrase,always,Дивногорск,,,,,,,needs_review,wikidata
wd:Q105056,city,Бикин,,,mixed_phrase,always,Бикин,,,,,,,needs_review,wikidata
wd:Q105253,city,Боготол,,,mixed_phrase,always,Боготол,,,,,,,needs_review,wikidata
wd:Q105360,city,Бор,,,mixed_phrase,always,Бор,,,,,,,needs_review,wikidata
wd:Q136834,city,Звенигород,,,mixed_phrase,always,Звенигород,,,,,,,needs_review,wikidata
wd:Q158405,city,Мегион,,,mixed_phrase,always,Мегион,,,,,,,needs_review,wikidata
wd:Q157955,city,Малгобек,,,mixed_phrase,always,Малгобек,,,,,,,needs_review,wikidata
wd:Q157961,city,Малмыж,,,mixed_phrase,always,Малмыж,,,,,,,needs_review,wikidata
wd:Q139794,city,Зеленокумск,,,mixed_phrase,always,Зеленокумск,,,,,,,needs_review,wikidata
wd:Q105150,city,Бирюч,,,mixed_phrase,always,Бирюч,,,,,,,needs_review,wikidata
wd:Q120299,city,Хадыженск,,,mixed_phrase,always,Хадыженск,,,,,,,needs_review,wikidata
wd:Q105272,city,Бодайбо,,,mixed_phrase,always,Бодайбо,,,,,,,needs_review,wikidata
wd:Q157841,city,Людиново,,,mixed_phrase,always,Людиново,,,,,,,needs_review,wikidata
wd:Q158357,city,Маркс,,,mixed_phrase,always,Маркс,,,,,,,needs_review,wikidata
wd:Q158437,city,Медынь,,,mixed_phrase,always,Медынь,,,,,,,needs_review,wikidata
wd:Q105392,city,Вытегра,,,mixed_phrase,always,Вытегра,,,,,,,needs_review,wikidata
wd:Q158393,city,Мглин,,,mixed_phrase,always,Мглин,,,,,,,needs_review,wikidata
wd:Q141290,city,Знаменск,,,mixed_phrase,always,Знаменск,,,,,,,needs_review,wikidata
wd:Q140012,city,Зима,,,mixed_phrase,always,Зима,,,,,,,needs_review,wikidata
wd:Q105284,city,Болгар,,,mixed_phrase,always,Болгар,,,,,,,needs_review,wikidata
wd:Q105264,city,Богучар,,,mixed_phrase,always,Богучар,,,,,,,needs_review,wikidata
wd:Q140117,city,Злынка,,,mixed_phrase,always,Злынка,,,,,,,needs_review,wikidata
wd:Q105548,city,Чернушка,,,mixed_phrase,always,Чернушка,,,,,,,needs_review,wikidata
wd:Q111048,city,Великий Устюг,,,mixed_phrase,always,Великий Устюг,,,,,,,needs_review,wikidata
wd:Q105298,city,Бологое,,,mixed_phrase,always,Бологое,,,,,,,needs_review,wikidata
wd:Q158005,city,Малоярославец,,,mixed_phrase,always,Малоярославец,,,,,,,needs_review,wikidata
wd:Q105208,city,Благодарный,,,mixed_phrase,always,Благодарный,,,,,,,needs_review,wikidata
wd:Q158010,city,Мамадыш,,,mixed_phrase,always,Мамадыш,,,,,,,needs_review,wikidata
wd:Q105433,city,Донецк,,,mixed_phrase,always,Донецк,,,,,,,needs_review,wikidata
wd:Q105413,city,Георгиевск,,,mixed_phrase,always,Георгиевск,,,,,,,needs_review,wikidata
wd:Q141260,city,Змеиногорск,,,mixed_phrase,always,Змеиногорск,,,,,,,needs_review,wikidata
wd:Q136848,city,Зверево,,,mixed_phrase,always,Зверево,,,,,,,needs_review,wikidata
wd:Q158411,city,Медвежьегорск,,,mixed_phrase,always,Медвежьегорск,,,,,,,needs_review,wikidata
wd:Q105141,city,Бирюсинск,,,mixed_phrase,always,Бирюсинск,,,,,,,needs_review,wikidata
wd:Q105503,city,Мыски,,,mixed_phrase,always,Мыски,,,,,,,needs_review,wikidata
wd:Q158424,city,Медногорск,,,mixed_phrase,always,Медногорск,,,,,,,needs_review,wikidata
wd:Q105372,city,Борзя,,,mixed_phrase,always,Борзя,,,,,,,needs_review,wikidata
wd:Q139840,city,Зерноград,,,mixed_phrase,always,Зерноград,,,,,,,needs_review,wikidata
wd:Q157832,city,Любим,,,mixed_phrase,always,Любим,,,,,,,needs_review,wikidata
wd:Q105554,city,Яхрома,,,mixed_phrase,always,Яхрома,,,,,,,needs_review,wikidata
wd:Q105342,city,Большой Камень,,,mixed_phrase,always,Большой Камень,,,,,,,needs_review,wikidata
wd:Q157990,city,Малоархангельск,,,mixed_phrase,always,Малоархангельск,,,,,,,needs_review,wikidata
wd:Q105306,city,Болотное,,,mixed_phrase,always,Болотное,,,,,,,needs_review,wikidata
wd:Q105538,city,Урюпинск,,,mixed_phrase,always,Урюпинск,,,,,,,needs_review,wikidata
wd:Q105465,city,Мирный,,,mixed_phrase,always,Мирный,,,,,,,needs_review,wikidata
wd:Q139867,city,Зея,,,mixed_phrase,always,Зея,,,,,,,needs_review,wikidata
wd:Q105425,city,Дегтярск,,,mixed_phrase,always,Дегтярск,,,,,,,needs_review,wikidata
wd:Q141342,city,Зубцов,,,mixed_phrase,always,Зубцов,,,,,,,needs_review,wikidata
wd:Q157945,city,Малая Вишера,,,mixed_phrase,always,Малая Вишера,,,,,,,needs_review,wikidata
wd:Q157850,city,Лянтор,,,mixed_phrase,always,Лянтор,,,,,,,needs_review,wikidata
wd:Q157930,city,Макаров,,,mixed_phrase,always,Макаров,,,,,,,needs_review,wikidata
wd:Q105243,city,Богородск,,,mixed_phrase,always,Богородск,,,,,,,needs_review,wikidata
wd:Q157936,city,Макарьев,,,mixed_phrase,always,Макарьев,,,,,,,needs_review,wikidata
wd:Q158101,city,Мамоново,,,mixed_phrase,always,Мамоново,,,,,,,needs_review,wikidata
wd:Q105215,city,Бобров,,,mixed_phrase,always,Бобров,,,,,,,needs_review,wikidata
wd:Q105179,city,Благовещенск,,,mixed_phrase,always,Благовещенск,,,,,,,needs_review,wikidata
wd:Q105116,city,Билибино,,,mixed_phrase,always,Билибино,,,,,,,needs_review,wikidata
wd:Q105315,city,Болохово,,,mixed_phrase,always,Болохово,,,,,,,needs_review,wikidata
wd:Q136813,city,Звенигово,,,mixed_phrase,always,Звенигово,,,,,,,needs_review,wikidata
wd:Q105520,city,Семилуки,,,mixed_phrase,always,Семилуки,,,,,,,needs_review,wikidata
wd:Q105133,city,Бирск,,,mixed_phrase,always,Бирск,,,,,,,needs_review,wikidata
wd:Q157779,city,Лыткарино,,,mixed_phrase,always,Лыткарино,,,,,,,needs_review,wikidata
wd:Q157938,city,Макушино,,,mixed_phrase,always,Макушино,,,,,,,needs_review,wikidata
wd:Q105323,city,Болхов,,,mixed_phrase,always,Болхов,,,,,,,needs_review,wikidata
wd:Q184220,city,Пугачев,Пугачёв,,mixed_phrase,always,Пугачев,,,,,,,needs_review,wikidata
wd:Q187032,city,Шацк,,,mixed_phrase,always,Шацк,,,,,,,needs_review,wikidata
wd:Q184193,city,Протвино,,,mixed_phrase,always,Протвино,,,,,,,needs_review,wikidata
wd:Q193425,city,Рыльск,,,mixed_phrase,always,Рыльск,,,,,,,needs_review,wikidata
wd:Q193363,city,Рошаль,,,mixed_phrase,always,Рошаль,,,,,,,needs_review,wikidata
wd:Q193269,city,Рассказово,,,mixed_phrase,always,Рассказово,,,,,,,needs_review,wikidata
wd:Q155331,city,Корсаков,,,mixed_phrase,always,Корсаков,,,,,,,needs_review,wikidata
wd:Q193906,city,Североуральск,,,mixed_phrase,always,Североуральск,,,,,,,needs_review,wikidata
wd:Q193722,city,Сергиев Посад,,,mixed_phrase,always,Сергиев Посад,,,,,,,needs_review,wikidata
wd:Q141538,city,Ивантеевка,,,mixed_phrase,always,Ивантеевка,,,,,,,needs_review,wikidata
wd:Q193473,city,Сальск,,,mixed_phrase,always,Сальск,,,,,,,needs_review,wikidata
wd:Q193936,city,Семенов,Семёнов,,mixed_phrase,always,Семенов,,,,,,,needs_review,wikidata
wd:Q155470,city,городское поселение Котово,,,mixed_phrase,always,городское поселение Котово,,,,,,,needs_review,wikidata
wd:Q193930,city,Сельцо,,,mixed_phrase,always,Сельцо,,,,,,,needs_review,wikidata
wd:Q184562,city,Радужный,,,mixed_phrase,always,Радужный,,,,,,,needs_review,wikidata
wd:Q193575,city,Сафоново,,,mixed_phrase,always,Сафоново,,,,,,,needs_review,wikidata
wd:Q193288,city,Реж,,,mixed_phrase,always,Реж,,,,,,,needs_review,wikidata
wd:Q193396,city,Руза,,,mixed_phrase,always,Руза,,,,,,,needs_review,wikidata
wd:Q193318,city,Родники,,,mixed_phrase,always,Родники,,,,,,,needs_review,wikidata
wd:Q184258,city,Пучеж,,,mixed_phrase,always,Пучеж,,,,,,,needs_review,wikidata
wd:Q193662,city,Северобайкальск,,,mixed_phrase,always,Северобайкальск,,,,,,,needs_review,wikidata
wd:Q193922,city,Сегежа,,,mixed_phrase,always,Сегежа,,,,,,,needs_review,wikidata
wd:Q193328,city,Рославль,,,mixed_phrase,always,Рославль,,,,,,,needs_review,wikidata
wd:Q141578,city,Ивдель,,,mixed_phrase,always,Ивдель,,,,,,,needs_review,wikidata
wd:Q141373,city,Зуевка,,,mixed_phrase,always,Зуевка,,,,,,,needs_review,wikidata
wd:Q155405,city,Котельники,,,mixed_phrase,always,Котельники,,,,,,,needs_review,wikidata
wd:Q193388,city,Рудня,,,mixed_phrase,always,Рудня,,,,,,,needs_review,wikidata
wd:Q193403,city,Рузаевка,,,mixed_phrase,always,Рузаевка,,,,,,,needs_review,wikidata
wd:Q193941,city,Семикаракорск,,,mixed_phrase,always,Семикаракорск,,,,,,,needs_review,wikidata
wd:Q184225,city,Пудож,,,mixed_phrase,always,Пудож,,,,,,,needs_review,wikidata
wd:Q193631,city,Свирск,,,mixed_phrase,always,Свирск,,,,,,,needs_review,wikidata
wd:Q193371,city,Ртищево,,,mixed_phrase,always,Ртищево,,,,,,,needs_review,wikidata
wd:Q193455,city,Салаир,,,mixed_phrase,always,Салаир,,,,,,,needs_review,wikidata
wd:Q193636,city,Свободный,,,mixed_phrase,always,Свободный,,,,,,,needs_review,wikidata
wd:Q193641,city,Себеж,,,mixed_phrase,always,Себеж,,,,,,,needs_review,wikidata
wd:Q193419,city,Рыбное,,,mixed_phrase,always,Рыбное,,,,,,,needs_review,wikidata
wd:Q184242,city,Пустошка,,,mixed_phrase,always,Пустошка,,,,,,,needs_review,wikidata
wd:Q193333,city,Россошь,,,mixed_phrase,always,Россошь,,,,,,,needs_review,wikidata
wd:Q155349,city,Коряжма,,,mixed_phrase,always,Коряжма,,,,,,,needs_review,wikidata
wd:Q193595,city,Светлогорск,,,mixed_phrase,always,Светлогорск,,,,,,,needs_review,wikidata
wd:Q193652,city,Северо-Курильск,,,mixed_phrase,always,Северо-Курильск,,,,,,,needs_review,wikidata
wd:Q184537,city,Радужный,,,mixed_phrase,always,Радужный,,,,,,,needs_review,wikidata
wd:Q193569,city,Сатка,,,mixed_phrase,always,Сатка,,,,,,,needs_review,wikidata
wd:Q193342,city,Ростов Великий,,,mixed_phrase,always,Ростов Великий,,,,,,,needs_review,wikidata
wd:Q155426,city,Котельниково,,,mixed_phrase,always,Котельниково,,,,,,,needs_review,wikidata
wd:Q155365,city,Костерево,Костерёво,,mixed_phrase,always,Костерево,,,,,,,needs_review,wikidata
wd:Q193604,city,Светлоград,,,mixed_phrase,always,Светлоград,,,,,,,needs_review,wikidata
wd:Q158731,city,Межгорье,,,mixed_phrase,always,Межгорье,,,,,,,needs_review,wikidata
wd:Q155455,city,Котлас,,,mixed_phrase,always,Котлас,,,,,,,needs_review,wikidata
wd:Q193586,city,Саянск,,,mixed_phrase,always,Саянск,,,,,,,needs_review,wikidata
wd:Q193917,city,Севск,,,mixed_phrase,always,Севск,,,,,,,needs_review,wikidata
wd:Q184346,city,Пущино,,,mixed_phrase,always,Пущино,,,,,,,needs_review,wikidata
wd:Q198155,city,Шадринск,,,mixed_phrase,always,Шадринск,,,,,,,needs_review,wikidata
wd:Q198364,city,Щекино,Щёкино,,mixed_phrase,always,Щекино,,,,,,,needs_review,wikidata
wd:Q198173,city,Шарыпово,,,mixed_phrase,always,Шарыпово,,,,,,,needs_review,wikidata
wd:Q198412,city,Электрогорск,,,mixed_phrase,always,Электрогорск,,,,,,,needs_review,wikidata
wd:Q197902,city,Чекалин,,,mixed_phrase,always,Чекалин,,,,,,,needs_review,wikidata
wd:Q198033,city,Чермоз,Чёрмоз,,mixed_phrase,always,Чермоз,,,,,,,needs_review,wikidata
wd:Q197643,city,Чадан,,,mixed_phrase,always,Чадан,,,,,,,needs_review,wikidata
wd:Q198358,city,Шуя,,,mixed_phrase,always,Шуя,,,,,,,needs_review,wikidata
wd:Q197934,city,Чердынь,,,mixed_phrase,always,Чердынь,,,,,,,needs_review,wikidata
wd:Q198143,city,Чусовой,,,mixed_phrase,always,Чусовой,,,,,,,needs_review,wikidata
wd:Q198427,city,Электроугли,,,mixed_phrase,always,Электроугли,,,,,,,needs_review,wikidata
wd:Q198140,city,Чулым,,,mixed_phrase,always,Чулым,,,,,,,needs_review,wikidata
wd:Q198182,city,Шарья,,,mixed_phrase,always,Шарья,,,,,,,needs_review,wikidata
wd:Q197691,city,Чаплыгин,,,mixed_phrase,always,Чаплыгин,,,,,,,needs_review,wikidata
wd:Q198125,city,Чкаловск,,,mixed_phrase,always,Чкаловск,,,,,,,needs_review,wikidata
wd:Q198210,city,Шахунья,,,mixed_phrase,always,Шахунья,,,,,,,needs_review,wikidata
wd:Q198306,city,Шилка,,,mixed_phrase,always,Шилка,,,,,,,needs_review,wikidata
wd:Q197954,city,Черепаново,,,mixed_phrase,always,Черепаново,,,,,,,needs_review,wikidata
wd:Q197573,city,Хилок,,,mixed_phrase,always,Хилок,,,,,,,needs_review,wikidata
wd:Q198400,city,Щучье,,,mixed_phrase,always,Щучье,,,,,,,needs_review,wikidata
wd:Q198152,city,Шагонар,,,mixed_phrase,always,Шагонар,,,,,,,needs_review,wikidata
wd:Q198311,city,Шимановск,,,mixed_phrase,always,Шимановск,,,,,,,needs_review,wikidata
wd:Q198753,city,Эртиль,,,mixed_phrase,always,Эртиль,,,,,,,needs_review,wikidata
wd:Q198102,city,Чистополь,,,mixed_phrase,always,Чистополь,,,,,,,needs_review,wikidata
wd:Q198047,city,Черноголовка,,,mixed_phrase,always,Черноголовка,,,,,,,needs_review,wikidata
wd:Q198163,city,Шали,,,mixed_phrase,always,Шали,,,,,,,needs_review,wikidata
wd:Q197625,city,Цивильск,,,mixed_phrase,always,Цивильск,,,,,,,needs_review,wikidata
wd:Q198299,city,Шенкурск,,,mixed_phrase,always,Шенкурск,,,,,,,needs_review,wikidata
wd:Q197620,city,Хотьково,,,mixed_phrase,always,Хотьково,,,,,,,needs_review,wikidata
wd:Q198135,city,Чудово,,,mixed_phrase,always,Чудово,,,,,,,needs_review,wikidata
wd:Q198190,city,Шатура,,,mixed_phrase,always,Шатура,,,,,,,needs_review,wikidata
wd:Q198145,city,Чухлома,,,mixed_phrase,always,Чухлома,,,,,,,needs_review,wikidata
wd:Q197942,city,Черемхово,,,mixed_phrase,always,Черемхово,,,,,,,needs_review,wikidata
wd:Q197595,city,Холм,,,mixed_phrase,always,Холм,,,,,,,needs_review,wikidata
wd:Q198087,city,Чехов,,,mixed_phrase,always,Чехов,,,,,,,needs_review,wikidata
wd:Q197609,city,Холмск,,,mixed_phrase,always,Холмск,,,,,,,needs_review,wikidata
wd:Q2137,city,Тотьма,,,mixed_phrase,always,Тотьма,,,,,,,needs_review,wikidata
wd:Q197890,city,Чегем,,,mixed_phrase,always,Чегем,,,,,,,needs_review,wikidata
wd:Q197677,city,Чапаевск,,,mixed_phrase,always,Чапаевск,,,,,,,needs_review,wikidata
wd:Q197860,city,Чебаркуль,,,mixed_phrase,always,Чебаркуль,,,,,,,needs_review,wikidata
wd:Q197637,city,Цимлянск,,,mixed_phrase,always,Цимлянск,,,,,,,needs_review,wikidata
wd:Q15250,city,Высоцк,,,mixed_phrase,always,Высоцк,,,,,,,needs_review,wikidata
wd:Q1274263,city,Кукмор,,,mixed_phrase,always,Кукмор,,,,,,,needs_review,wikidata
wd:Q15287,city,Новая Ладога,,,mixed_phrase,always,Новая Ладога,,,,,,,needs_review,wikidata
wd:Q199016,city,Ясногорск,,,mixed_phrase,always,Ясногорск,,,,,,,needs_review,wikidata
wd:Q198820,city,Южноуральск,,,mixed_phrase,always,Южноуральск,,,,,,,needs_review,wikidata
wd:Q15275,city,Лодейное Поле,,,mixed_phrase,always,Лодейное Поле,,,,,,,needs_review,wikidata
wd:Q198816,city,Южно-Сухокумск,,,mixed_phrase,always,Южно-Сухокумск,,,,,,,needs_review,wikidata
wd:Q15245,city,Волхов,,,mixed_phrase,always,Волхов,,,,,,,needs_review,wikidata
wd:Q633664,city,Белоозерский,Белоозёрский,,mixed_phrase,always,Белоозерский,,,,,,,needs_review,wikidata
wd:Q15238,city,Волосово,,,mixed_phrase,always,Волосово,,,,,,,needs_review,wikidata
wd:Q5668,city,Гвардейск,,,mixed_phrase,always,Гвардейск,,,,,,,needs_review,wikidata
wd:Q199022,city,Ясный,,,mixed_phrase,always,Ясный,,,,,,,needs_review,wikidata
wd:Q198842,city,Юрюзань,,,mixed_phrase,always,Юрюзань,,,,,,,needs_review,wikidata
wd:Q5584,city,Зеленоградск,,,mixed_phrase,always,Зеленоградск,,,,,,,needs_review,wikidata
wd:Q2029443,city,Сунжа,,,mixed_phrase,always,Сунжа,,,,,,,needs_review,wikidata
wd:Q5655,city,Черняховск,,,mixed_phrase,always,Черняховск,,,,,,,needs_review,wikidata
wd:Q7977,city,Приозерск,,,mixed_phrase,always,Приозерск,,,,,,,needs_review,wikidata
wd:Q15235,city,Пикалево,Пикалёво,,mixed_phrase,always,Пикалево,,,,,,,needs_review,wikidata
wd:Q198973,city,Янаул,,,mixed_phrase,always,Янаул,,,,,,,needs_review,wikidata
wd:Q15236,city,Бокситогорск,,,mixed_phrase,always,Бокситогорск,,,,,,,needs_review,wikidata
wd:Q2096486,city,Циолковский,,,mixed_phrase,always,Циолковский,,,,,,,needs_review,wikidata
wd:Q199004,city,Ярцево,,,mixed_phrase,always,Ярцево,,,,,,,needs_review,wikidata
wd:Q1794350,city,Курчалой,,,mixed_phrase,always,Курчалой,,,,,,,needs_review,wikidata
wd:Q198977,city,Яранск,,,mixed_phrase,always,Яранск,,,,,,,needs_review,wikidata
wd:Q5665,city,Светлый,,,mixed_phrase,always,Светлый,,,,,,,needs_review,wikidata
wd:Q15270,city,Кингисеппское городское поселение,,,mixed_phrase,always,Кингисеппское городское поселение,,,,,,,needs_review,wikidata
wd:Q15307,city,Приморск,,,mixed_phrase,always,Приморск,,,,,,,needs_review,wikidata
wd:Q5099,city,Надым,,,mixed_phrase,always,Надым,,,,,,,needs_review,wikidata
wd:Q7938,city,Киришское городское поселение,,,mixed_phrase,always,Киришское городское поселение,,,,,,,needs_review,wikidata
wd:Q15279,city,Любань,,,mixed_phrase,always,Любань,,,,,,,needs_review,wikidata
wd:Q7705,city,Коммунар,,,mixed_phrase,always,Коммунар,,,,,,,needs_review,wikidata
wd:Q15281,city,Никольское,,,mixed_phrase,always,Никольское,,,,,,,needs_review,wikidata
wd:Q4201239,city,Иннополис,,,mixed_phrase,always,Иннополис,,,,,,,needs_review,wikidata
wd:Q7054,city,Дальнегорск,,,mixed_phrase,always,Дальнегорск,,,,,,,needs_review,wikidata
wd:Q15301,city,Подпорожье,,,mixed_phrase,always,Подпорожье,,,,,,,needs_review,wikidata
wd:Q5660,city,Балтийск,,,mixed_phrase,always,Балтийск,,,,,,,needs_review,wikidata
wd:Q198852,city,Юхнов,,,mixed_phrase,always,Юхнов,,,,,,,needs_review,wikidata
wd:Q15256,city,Ивангород,,,mixed_phrase,always,Ивангород,,,,,,,needs_review,wikidata
wd:Q5663,city,Гусев,,,mixed_phrase,always,Гусев,,,,,,,needs_review,wikidata
wd:Q198826,city,Юрьев-Польский,,,mixed_phrase,always,Юрьев-Польский,,,,,,,needs_review,wikidata
wd:Q198834,city,Юрьевецкое городское поселение,,,mixed_phrase,always,Юрьевецкое городское поселение,,,,,,,needs_review,wikidata
wd:Q5671,city,Неман,,,mixed_phrase,always,Неман,,,,,,,needs_review,wikidata
wd:Q198802,city,Южа,,,mixed_phrase,always,Южа,,,,,,,needs_review,wikidata
wd:Q15306,city,Светогорск,,,mixed_phrase,always,Светогорск,,,,,,,needs_review,wikidata
wd:Q15273,city,Кировск,,,mixed_phrase,always,Кировск,,,,,,,needs_review,wikidata
wd:Q4244555,city,Кудрово,,,mixed_phrase,always,Кудрово,,,,,,,needs_review,wikidata
wd:Q15264,city,Каменногорск,,,mixed_phrase,always,Каменногорск,,,,,,,needs_review,wikidata
wd:Q198990,city,Яровое,,,mixed_phrase,always,Яровое,,,,,,,needs_review,wikidata
wd:Q16978,city,Крымск,,,mixed_phrase,always,Крымск,,,,,,,needs_review,wikidata
wd:Q15309,city,Сертолово,,,mixed_phrase,always,Сертолово,,,,,,,needs_review,wikidata
wd:Q16969,city,Гулькевичи,,,mixed_phrase,always,Гулькевичи,,,,,,,needs_review,wikidata
wd:Q15775,city,Геленджик,,,mixed_phrase,always,Геленджик,,,,,,,needs_review,wikidata
wd:Q15339,city,Шлиссельбург,,,mixed_phrase,always,Шлиссельбург,,,,,,,needs_review,wikidata
wd:Q15311,city,Сланцы,,,mixed_phrase,always,Сланцы,,,,,,,needs_review,wikidata
wd:Q46736,city,Ардон,,,mixed_phrase,always,Ардон,,,,,,,needs_review,wikidata
wd:Q108405443,city,Спутник,,,mixed_phrase,always,Спутник,,,,,,,needs_review,wikidata
wd:Q46639,city,Моздок,,,mixed_phrase,always,Моздок,,,,,,,needs_review,wikidata
wd:Q4412457,city,Северо-Задонск,,,mixed_phrase,always,Северо-Задонск,,,,,,,needs_review,wikidata
wd:Q4249235,city,Кусково,,,mixed_phrase,always,Кусково,,,,,,,needs_review,wikidata
wd:Q23116,city,Ладушкин,,,mixed_phrase,always,Ладушкин,,,,,,,needs_review,wikidata
wd:Q15320,city,Сясьстрой,,,mixed_phrase,always,Сясьстрой,,,,,,,needs_review,wikidata
wd:Q4323399,city,Нововятский район,,,mixed_phrase,always,Нововятский район,,,,,,,needs_review,wikidata
wd:Q15323,city,Отрадное,,,mixed_phrase,always,Отрадное,,,,,,,needs_review,wikidata
wd:Q59246,city,Нязепетровск,,,mixed_phrase,always,Нязепетровск,,,,,,,needs_review,wikidata
wd:Q48562,city,Торопец,,,mixed_phrase,always,Торопец,,,,,,,needs_review,wikidata
wd:Q49583,city,Олонец,,,mixed_phrase,always,Олонец,,,,,,,needs_review,wikidata
wd:Q16982,city,Курганинск,,,mixed_phrase,always,Курганинск,,,,,,,needs_review,wikidata
wd:Q15337,city,Тосно,,,mixed_phrase,always,Тосно,,,,,,,needs_review,wikidata
wd:Q16971,city,Кореновск,,,mixed_phrase,always,Кореновск,,,,,,,needs_review,wikidata
wd:Q15764,city,Апшеронск,,,mixed_phrase,always,Апшеронск,,,,,,,needs_review,wikidata
wd:Q59704,city,Зеленогорск,,,mixed_phrase,always,Зеленогорск,,,,,,,needs_review,wikidata
wd:Q15774,city,Белореченск,,,mixed_phrase,always,Белореченск,,,,,,,needs_review,wikidata
wd:Q15758,city,Анапа,,,mixed_phrase,always,Анапа,,,,,,,needs_review,wikidata
wd:Q60013,city,Короча,,,mixed_phrase,always,Короча,,,,,,,needs_review,wikidata
wd:Q16985,city,Лабинск,,,mixed_phrase,always,Лабинск,,,,,,,needs_review,wikidata
wd:Q59831,city,Строитель,,,mixed_phrase,always,Строитель,,,,,,,needs_review,wikidata
wd:Q41993,city,Шелехов,,,mixed_phrase,always,Шелехов,,,,,,,needs_review,wikidata
wd:Q59828,city,Шебекино,,,mixed_phrase,always,Шебекино,,,,,,,needs_review,wikidata
wd:Q60005,city,Новый Оскол,,,mixed_phrase,always,Новый Оскол,,,,,,,needs_review,wikidata
wd:Q15759,city,Темрюк,,,mixed_phrase,always,Темрюк,,,,,,,needs_review,wikidata
wd:Q25952,city,Майский,,,mixed_phrase,always,Майский,,,,,,,needs_review,wikidata
wd:Q15322,city,Луга,,,mixed_phrase,always,Луга,,,,,,,needs_review,wikidata
wd:Q15336,city,Тихвин,,,mixed_phrase,always,Тихвин,,,,,,,needs_review,wikidata
