id,type_code,lemma,yo,gender,paradigm,declinable,nom,gen,dat,acc,ins,pre,loc2,review,source
wd:Q4420279,microtoponym,Синий камень,,,mixed_phrase,always,Синий камень,,,,,,,needs_review,manual
local:micro:sinie-kamni,microtoponym,урочище Синие камни,,,mixed_phrase,always,урочище Синие камни,,,,,,,needs_review,manual
wd:Q3896098,microtoponym,Серебряный Бор,,,mixed_phrase,always,Серебряный Бор,,,,,,,needs_review,manual
wd:Q3162344,microtoponym,Нескучный сад,,,mixed_phrase,always,Нескучный сад,,,,,,,needs_review,manual
wd:Q99296,microtoponym,Битцевский лес,,,mixed_phrase,always,Битцевский лес,,,,,,,needs_review,manual
wd:Q3363844,microtoponym,Кузьминский лесопарк,,,mixed_phrase,always,Кузьминский лесопарк,,,,,,,needs_review,manual
wd:Q1643788,microtoponym,Капова пещера,,,mixed_phrase,always,Капова пещера,,,,,,,needs_review,manual
wd:Q2607150,microtoponym,Кунгурская ледяная пещера,,,mixed_phrase,always,Кунгурская ледяная пещера,,,,,,,needs_review,manual
wd:Q4362259,microtoponym,Ординская пещера,,,mixed_phrase,always,Ординская пещера,,,,,,,needs_review,manual
wd:Q1029322,microtoponym,Денисова пещера,,,mixed_phrase,always,Денисова пещера,,,,,,,needs_review,manual
wd:Q4073271,microtoponym,Ахштырская пещера,,,mixed_phrase,always,Ахштырская пещера,,,,,,,needs_review,manual
wd:Q4125821,microtoponym,Воронцовская пещера,,,mixed_phrase,always,Воронцовская пещера,,,,,,,needs_review,manual
wd:Q4449381,microtoponym,Тавдинские пещеры,,,mixed_phrase,always,Тавдинские пещеры,,,,,,,needs_review,manual
wd:Q4332103,microtoponym,Провал,,,mixed_phrase,always,Провал,,,,,,,needs_review,manual
wd:Q81395061,microtoponym,Сарыкум,,,mixed_phrase,always,Сарыкум,,,,,,,needs_review,manual
wd:Q186369,microtoponym,Дивногорье,,,mixed_phrase,always,Дивногорье,,,,,,,needs_review,manual
wd:Q4518960,microtoponym,Чертово городище,Чёртово городище,,mixed_phrase,always,Чертово городище,,,,,,,needs_review,manual
wd:Q4249149,microtoponym,Кусярьюрт,,,mixed_phrase,always,Кусярьюрт,,,,,,,needs_review,wikidata
wd:Q19917049,microtoponym,Троицкое поле,,,mixed_phrase,always,Троицкое поле,,,,,,,needs_review,wikidata
wd:Q123905114,microtoponym,Матрешкин буерак,Матрёшкин буерак,,mixed_phrase,always,Матрешкин буерак,,,,,,,needs_review,wikidata
wd:Q4193216,microtoponym,Золотая долина (Новосибирск),,,mixed_phrase,always,Золотая долина (Новосибирск),,,,,,,needs_review,wikidata
wd:Q12108920,microtoponym,Карши-Даг,,,mixed_phrase,always,Карши-Даг,,,,,,,needs_review,wikidata
wd:Q130264784,microtoponym,Раменье,,,mixed_phrase,always,Раменье,,,,,,,needs_review,wikidata
wd:Q4250623,microtoponym,Кызлар-Караул (урочище),,,mixed_phrase,always,Кызлар-Караул (урочище),,,,,,,needs_review,wikidata
wd:Q131411926,microtoponym,Новосибирское,,,mixed_phrase,always,Новосибирское,,,,,,,needs_review,wikidata
wd:Q65131016,microtoponym,Урочище Орешник,,,mixed_phrase,always,Урочище Орешник,,,,,,,needs_review,wikidata
wd:Q109539736,microtoponym,Большие Дубовицы,,,mixed_phrase,always,Большие Дубовицы,,,,,,,needs_review,wikidata
wd:Q4175094,microtoponym,Еловый мыс,,,mixed_phrase,always,Еловый мыс,,,,,,,needs_review,wikidata
wd:Q131411877,microtoponym,Новосибирское,,,mixed_phrase,always,Новосибирское,,,,,,,needs_review,wikidata
wd:Q128210537,microtoponym,Русско-Немецкая Швейцария,,,mixed_phrase,always,Русско-Немецкая Швейцария,,,,,,,needs_review,wikidata
wd:Q13667712,microtoponym,Лысая гора,,,mixed_phrase,always,Лысая гора,,,,,,,needs_review,wikidata
wd:Q134371435,microtoponym,Урочище Сакма,,,mixed_phrase,always,Урочище Сакма,,,,,,,needs_review,wikidata
wd:Q124357825,microtoponym,Спасовка,,,mixed_phrase,always,Спасовка,,,,,,,needs_review,wikidata
wd:Q136088625,microtoponym,Борисовка,,,mixed_phrase,always,Борисовка,,,,,,,needs_review,wikidata
wd:Q13208131,microtoponym,Вихляевка,,,mixed_phrase,always,Вихляевка,,,,,,,needs_review,wikidata
wd:Q55657344,microtoponym,Бреховский овраг,Брёховский овраг,,mixed_phrase,always,Бреховский овраг,,,,,,,needs_review,wikidata
wd:Q13208154,microtoponym,река в Орловском овраге,,,mixed_phrase,always,река в Орловском овраге,,,,,,,needs_review,wikidata
wd:Q13208177,microtoponym,Солдатский,,,mixed_phrase,always,Солдатский,,,,,,,needs_review,wikidata
wd:Q13208174,microtoponym,Река в овраге Чиганак,,,mixed_phrase,always,Река в овраге Чиганак,,,,,,,needs_review,wikidata
wd:Q21043417,microtoponym,Никольский овраг,,,mixed_phrase,always,Никольский овраг,,,,,,,needs_review,wikidata
wd:Q137840581,microtoponym,Рузин,,,mixed_phrase,always,Рузин,,,,,,,needs_review,wikidata
wd:Q13208143,microtoponym,Река в овраге Елховка,,,mixed_phrase,always,Река в овраге Елховка,,,,,,,needs_review,wikidata
wd:Q55657232,microtoponym,Беляевский овраг,,,mixed_phrase,always,Беляевский овраг,,,,,,,needs_review,wikidata
wd:Q108430709,microtoponym,Овраг Дуванный,,,mixed_phrase,always,Овраг Дуванный,,,,,,,needs_review,wikidata
wd:Q133457099,microtoponym,Песковатка,,,mixed_phrase,always,Песковатка,,,,,,,needs_review,wikidata
wd:Q13208171,microtoponym,Соленый Яр (балка),Солёный Яр (балка),,mixed_phrase,always,Соленый Яр (балка),,,,,,,needs_review,wikidata
wd:Q13208165,microtoponym,Река в овраге Сафин,,,mixed_phrase,always,Река в овраге Сафин,,,,,,,needs_review,wikidata
wd:Q13208170,microtoponym,Сидорка,,,mixed_phrase,always,Сидорка,,,,,,,needs_review,wikidata
wd:Q20618839,microtoponym,Лосенный овраг,,,mixed_phrase,always,Лосенный овраг,,,,,,,needs_review,wikidata
wd:Q13208140,microtoponym,Волчанский,,,mixed_phrase,always,Волчанский,,,,,,,needs_review,wikidata
wd:Q136373437,microtoponym,Амринская балка,,,mixed_phrase,always,Амринская балка,,,,,,,needs_review,wikidata
wd:Q13208134,microtoponym,Березовая,Берёзовая,,mixed_phrase,always,Березовая,,,,,,,needs_review,wikidata
wd:Q13208164,microtoponym,Разживин,,,mixed_phrase,always,Разживин,,,,,,,needs_review,wikidata
wd:Q13208157,microtoponym,Орешников овраг,,,mixed_phrase,always,Орешников овраг,,,,,,,needs_review,wikidata
wd:Q20614394,microtoponym,Голиков овраг,,,mixed_phrase,always,Голиков овраг,,,,,,,needs_review,wikidata
wd:Q13208172,microtoponym,Река в овраге Суходол,,,mixed_phrase,always,Река в овраге Суходол,,,,,,,needs_review,wikidata
wd:Q20587302,microtoponym,Река в овраге Мокрый,,,mixed_phrase,always,Река в овраге Мокрый,,,,,,,needs_review,wikidata
wd:Q13208139,microtoponym,Дубовый овраг,,,mixed_phrase,always,Дубовый овраг,,,,,,,needs_review,wikidata
wd:Q133462510,microtoponym,Вязовый овраг,,,mixed_phrase,always,Вязовый овраг,,,,,,,needs_review,wikidata
wd:Q13208137,microtoponym,Ганеич Яр,,,mixed_phrase,always,Ганеич Яр,,,,,,,needs_review,wikidata
wd:Q20598534,microtoponym,Урень,,,mixed_phrase,always,Урень,,,,,,,needs_review,wikidata
wd:Q13208142,microtoponym,Река в овраге Елшанка,,,mixed_phrase,always,Река в овраге Елшанка,,,,,,,needs_review,wikidata
wd:Q20622094,microtoponym,Сухая Лебедка,Сухая Лебёдка,,mixed_phrase,always,Сухая Лебедка,,,,,,,needs_review,wikidata
wd:Q21043428,microtoponym,Пушкин овраг,,,mixed_phrase,always,Пушкин овраг,,,,,,,needs_review,wikidata
wd:Q34911970,microtoponym,Балка Гаврильский Лог,,,mixed_phrase,always,Балка Гаврильский Лог,,,,,,,needs_review,wikidata
wd:Q13056160,microtoponym,Большая балка,,,mixed_phrase,always,Большая балка,,,,,,,needs_review,wikidata
wd:Q13056161,microtoponym,Овраг Широкий,,,mixed_phrase,always,Овраг Широкий,,,,,,,needs_review,wikidata
wd:Q4740503,microtoponym,Адовский овраг,,,mixed_phrase,always,Адовский овраг,,,,,,,needs_review,wikidata
wd:Q3730611,microtoponym,Крутец,,,mixed_phrase,always,Крутец,,,,,,,needs_review,wikidata
wd:Q6581020,microtoponym,Мокрый Ржавец,,,mixed_phrase,always,Мокрый Ржавец,,,,,,,needs_review,wikidata
wd:Q4392811,microtoponym,Река в овраге Лысая Гора,,,mixed_phrase,always,Река в овраге Лысая Гора,,,,,,,needs_review,wikidata
wd:Q3721791,microtoponym,Осиновый овраг,,,mixed_phrase,always,Осиновый овраг,,,,,,,needs_review,wikidata
wd:Q4392793,microtoponym,Аргынбай,,,mixed_phrase,always,Аргынбай,,,,,,,needs_review,wikidata
wd:Q757128,microtoponym,Забудьков Яр,,,mixed_phrase,always,Забудьков Яр,,,,,,,needs_review,wikidata
wd:Q3721954,microtoponym,Каменка,,,mixed_phrase,always,Каменка,,,,,,,needs_review,wikidata
wd:Q4348913,microtoponym,Первая балка,,,mixed_phrase,always,Первая балка,,,,,,,needs_review,wikidata
wd:Q3721319,microtoponym,Река в овраге Котоврас,,,mixed_phrase,always,Река в овраге Котоврас,,,,,,,needs_review,wikidata
wd:Q3731040,microtoponym,Журавский ручей,,,mixed_phrase,always,Журавский ручей,,,,,,,needs_review,wikidata
wd:Q4085542,microtoponym,Березовый Овраг,Берёзовый Овраг,,mixed_phrase,always,Березовый Овраг,,,,,,,needs_review,wikidata
wd:Q85196,microtoponym,Воловский овраг,,,mixed_phrase,always,Воловский овраг,,,,,,,needs_review,wikidata
wd:Q4392815,microtoponym,Река в овраге Прямой,,,mixed_phrase,always,Река в овраге Прямой,,,,,,,needs_review,wikidata
wd:Q4378308,microtoponym,Ближний Зеленной,,,mixed_phrase,always,Ближний Зеленной,,,,,,,needs_review,wikidata
wd:Q3721109,microtoponym,Карачева река,,,mixed_phrase,always,Карачева река,,,,,,,needs_review,wikidata
wd:Q112114468,microtoponym,Ногайский овраг,,,mixed_phrase,always,Ногайский овраг,,,,,,,needs_review,wikidata
wd:Q85588,microtoponym,Овраг Жданкин,,,mixed_phrase,always,Овраг Жданкин,,,,,,,needs_review,wikidata
wd:Q4392800,microtoponym,Глинный овраг,,,mixed_phrase,always,Глинный овраг,,,,,,,needs_review,wikidata
wd:Q756109,microtoponym,Голый (приток Богучарки),,,mixed_phrase,always,Голый (приток Богучарки),,,,,,,needs_review,wikidata
wd:Q85269,microtoponym,Река в овраге Мужичий,,,mixed_phrase,always,Река в овраге Мужичий,,,,,,,needs_review,wikidata
wd:Q4383496,microtoponym,Грачев,Грачёв,,mixed_phrase,always,Грачев,,,,,,,needs_review,wikidata
wd:Q47492559,microtoponym,Барбала,,,mixed_phrase,always,Барбала,,,,,,,needs_review,wikidata
wd:Q2393545,microtoponym,Чертов овраг,Чёртов овраг,,mixed_phrase,always,Чертов овраг,,,,,,,needs_review,wikidata
wd:Q61716612,microtoponym,Лекаревское поле,,,mixed_phrase,always,Лекаревское поле,,,,,,,needs_review,wikidata
wd:Q121809371,microtoponym,Парадное поле,,,mixed_phrase,always,Парадное поле,,,,,,,needs_review,wikidata
wd:Q21635337,microtoponym,Айдашинская пещера,,,mixed_phrase,always,Айдашинская пещера,,,,,,,needs_review,wikidata
wd:Q20091289,microtoponym,Ялтинская пещера,,,mixed_phrase,always,Ялтинская пещера,,,,,,,needs_review,wikidata
wd:Q48940510,microtoponym,Балаганская пещера,,,mixed_phrase,always,Балаганская пещера,,,,,,,needs_review,wikidata
wd:Q20091280,microtoponym,Пещера Вдовиченко,,,mixed_phrase,always,Пещера Вдовиченко,,,,,,,needs_review,wikidata
wd:Q20091281,microtoponym,Пещера Гебы,,,mixed_phrase,always,Пещера Гебы,,,,,,,needs_review,wikidata
wd:Q20091287,microtoponym,Пещера Сююрю-Кая,,,mixed_phrase,always,Пещера Сююрю-Кая,,,,,,,needs_review,wikidata
wd:Q4403156,microtoponym,СОАНтехническая,,,mixed_phrase,always,СОАНтехническая,,,,,,,needs_review,wikidata
wd:Q41792526,microtoponym,Куэшта,,,mixed_phrase,always,Куэшта,,,,,,,needs_review,wikidata
wd:Q18409658,microtoponym,Тут-Куш,,,mixed_phrase,always,Тут-Куш,,,,,,,needs_review,wikidata
wd:Q16273970,microtoponym,Безродненские пещеры,,,mixed_phrase,always,Безродненские пещеры,,,,,,,needs_review,wikidata
wd:Q12074902,microtoponym,Иограф (пещера),,,mixed_phrase,always,Иограф (пещера),,,,,,,needs_review,wikidata
wd:Q4362260,microtoponym,Пещера ПКБ (Новая),,,mixed_phrase,always,Пещера ПКБ (Новая),,,,,,,needs_review,wikidata
wd:Q21044939,microtoponym,"Олимпия (пещера, Ишимбайский район)",,,mixed_phrase,always,"Олимпия (пещера, Ишимбайский район)",,,,,,,needs_review,wikidata
wd:Q18409439,microtoponym,Темниковская пещера,,,mixed_phrase,always,Темниковская пещера,,,,,,,needs_review,wikidata
wd:Q4337017,microtoponym,Ороктойская пещера,,,mixed_phrase,always,Ороктойская пещера,,,,,,,needs_review,wikidata
wd:Q4198989,microtoponym,Икеньская пещера,,,mixed_phrase,always,Икеньская пещера,,,,,,,needs_review,wikidata
wd:Q4258113,microtoponym,Ленинградская пещера,,,mixed_phrase,always,Ленинградская пещера,,,,,,,needs_review,wikidata
wd:Q19909021,microtoponym,Лаклинская пещера,,,mixed_phrase,always,Лаклинская пещера,,,,,,,needs_review,wikidata
wd:Q4362252,microtoponym,Пещера Крест,,,mixed_phrase,always,Пещера Крест,,,,,,,needs_review,wikidata
wd:Q4152199,microtoponym,Гунькина пещера,,,mixed_phrase,always,Гунькина пещера,,,,,,,needs_review,wikidata
wd:Q4247322,microtoponym,Кунцевская пещера,,,mixed_phrase,always,Кунцевская пещера,,,,,,,needs_review,wikidata
wd:Q4362242,microtoponym,Пещера Большой приз,,,mixed_phrase,always,Пещера Большой приз,,,,,,,needs_review,wikidata
wd:Q4362246,microtoponym,Пещера Геофизическая (Алтайский край),,,mixed_phrase,always,Пещера Геофизическая (Алтайский край),,,,,,,needs_review,wikidata
wd:Q120473744,microtoponym,Азис-Коба,,,mixed_phrase,always,Азис-Коба,,,,,,,needs_review,wikidata
wd:Q109853857,microtoponym,Шахта Мира,,,mixed_phrase,always,Шахта Мира,,,,,,,needs_review,wikidata
wd:Q111843880,microtoponym,Салаватская,,,mixed_phrase,always,Салаватская,,,,,,,needs_review,wikidata
wd:Q127420573,microtoponym,Треугольная пещера,,,mixed_phrase,always,Треугольная пещера,,,,,,,needs_review,wikidata
wd:Q106223935,microtoponym,Бишкаинская пещера,,,mixed_phrase,always,Бишкаинская пещера,,,,,,,needs_review,wikidata
wd:Q48950763,microtoponym,Сказка,,,mixed_phrase,always,Сказка,,,,,,,needs_review,wikidata
wd:Q106017006,microtoponym,Ашинская яма,,,mixed_phrase,always,Ашинская яма,,,,,,,needs_review,wikidata
wd:Q106026415,microtoponym,Пещера Плутония,,,mixed_phrase,always,Пещера Плутония,,,,,,,needs_review,wikidata
wd:Q40181575,microtoponym,Заповедная пещера,,,mixed_phrase,always,Заповедная пещера,,,,,,,needs_review,wikidata
wd:Q37969474,microtoponym,Шуби-Ныхасская пещера,,,mixed_phrase,always,Шуби-Ныхасская пещера,,,,,,,needs_review,wikidata
wd:Q63139819,microtoponym,Сухая Атя (пещера),,,mixed_phrase,always,Сухая Атя (пещера),,,,,,,needs_review,wikidata
wd:Q48945108,microtoponym,Вертолетная пещера,Вертолётная пещера,,mixed_phrase,always,Вертолетная пещера,,,,,,,needs_review,wikidata
wd:Q97380725,microtoponym,Арка-Юрт,,,mixed_phrase,always,Арка-Юрт,,,,,,,needs_review,wikidata
wd:Q114453762,microtoponym,Пещера Старая Брянь,,,mixed_phrase,always,Пещера Старая Брянь,,,,,,,needs_review,wikidata
wd:Q41156346,microtoponym,Зигзаг,,,mixed_phrase,always,Зигзаг,,,,,,,needs_review,wikidata
wd:Q105988260,microtoponym,Яман – Таш,,,mixed_phrase,always,Яман – Таш,,,,,,,needs_review,wikidata
wd:Q105882271,microtoponym,Улуирские пещерные комплексы,,,mixed_phrase,always,Улуирские пещерные комплексы,,,,,,,needs_review,wikidata
wd:Q137042204,microtoponym,Пещера Притон,,,mixed_phrase,always,Пещера Притон,,,,,,,needs_review,wikidata
wd:Q24934698,microtoponym,Гостьковская пещера,,,mixed_phrase,always,Гостьковская пещера,,,,,,,needs_review,wikidata
wd:Q21843577,microtoponym,Мокрушинская пещера,,,mixed_phrase,always,Мокрушинская пещера,,,,,,,needs_review,wikidata
wd:Q21639881,microtoponym,Идрисовская пещера,,,mixed_phrase,always,Идрисовская пещера,,,,,,,needs_review,wikidata
wd:Q110259429,microtoponym,Гремучая пещера,,,mixed_phrase,always,Гремучая пещера,,,,,,,needs_review,wikidata
wd:Q110259428,microtoponym,Пещера Ломоносова,,,mixed_phrase,always,Пещера Ломоносова,,,,,,,needs_review,wikidata
wd:Q110259433,microtoponym,пещера Андрусова,,,mixed_phrase,always,пещера Андрусова,,,,,,,needs_review,wikidata
wd:Q116252364,microtoponym,Пещеры скалы Сабакай,,,mixed_phrase,always,Пещеры скалы Сабакай,,,,,,,needs_review,wikidata
wd:Q24932745,microtoponym,Пашийская пещера,,,mixed_phrase,always,Пашийская пещера,,,,,,,needs_review,wikidata
wd:Q24936203,microtoponym,Смолинская пещера,,,mixed_phrase,always,Смолинская пещера,,,,,,,needs_review,wikidata
wd:Q24933335,microtoponym,Новоуткинская пещера,,,mixed_phrase,always,Новоуткинская пещера,,,,,,,needs_review,wikidata
wd:Q111666222,microtoponym,Вайдинская пещера,,,mixed_phrase,always,Вайдинская пещера,,,,,,,needs_review,wikidata
wd:Q25385175,microtoponym,Бедыкская пещера,,,mixed_phrase,always,Бедыкская пещера,,,,,,,needs_review,wikidata
wd:Q138767181,microtoponym,Пильниковская,,,mixed_phrase,always,Пильниковская,,,,,,,needs_review,wikidata
wd:Q16273374,microtoponym,Аскинская ледяная пещера,,,mixed_phrase,always,Аскинская ледяная пещера,,,,,,,needs_review,wikidata
wd:Q4494655,microtoponym,Хазинская пещера,,,mixed_phrase,always,Хазинская пещера,,,,,,,needs_review,wikidata
wd:Q12170989,microtoponym,Шайтан-Коба,,,mixed_phrase,always,Шайтан-Коба,,,,,,,needs_review,wikidata
wd:Q13667788,microtoponym,Кургазак (пещера),,,mixed_phrase,always,Кургазак (пещера),,,,,,,needs_review,wikidata
wd:Q13055927,microtoponym,Киндерлинская пещера,,,mixed_phrase,always,Киндерлинская пещера,,,,,,,needs_review,wikidata
wd:Q4452916,microtoponym,Таш-Ой,,,mixed_phrase,always,Таш-Ой,,,,,,,needs_review,wikidata
wd:Q16678481,microtoponym,Музейная пещера,,,mixed_phrase,always,Музейная пещера,,,,,,,needs_review,wikidata
wd:Q13667780,microtoponym,Зигановка,,,mixed_phrase,always,Зигановка,,,,,,,needs_review,wikidata
wd:Q4529387,microtoponym,Ыласын (пещера),,,mixed_phrase,always,Ыласын (пещера),,,,,,,needs_review,wikidata
wd:Q4539977,microtoponym,Ящик Пандоры (пещера),,,mixed_phrase,always,Ящик Пандоры (пещера),,,,,,,needs_review,wikidata
wd:Q4517616,microtoponym,Чудесница,,,mixed_phrase,always,Чудесница,,,,,,,needs_review,wikidata
wd:Q7635148,microtoponym,Сугомакская пещера,,,mixed_phrase,always,Сугомакская пещера,,,,,,,needs_review,wikidata
wd:Q37966129,microtoponym,Пещера Ермака,,,mixed_phrase,always,Пещера Ермака,,,,,,,needs_review,wikidata
wd:Q28667530,microtoponym,Казачий стан,,,mixed_phrase,always,Казачий стан,,,,,,,needs_review,wikidata
wd:Q29410834,microtoponym,Авилова пещера,,,mixed_phrase,always,Авилова пещера,,,,,,,needs_review,wikidata
wd:Q37968933,microtoponym,Пещера Тайн,,,mixed_phrase,always,Пещера Тайн,,,,,,,needs_review,wikidata
wd:Q37969030,microtoponym,Пещера Берложек,,,mixed_phrase,always,Пещера Берложек,,,,,,,needs_review,wikidata
wd:Q28706216,microtoponym,Мигулинские пещеры,,,mixed_phrase,always,Мигулинские пещеры,,,,,,,needs_review,wikidata
wd:Q37968580,microtoponym,Пещера Каменные Сараи,,,mixed_phrase,always,Пещера Каменные Сараи,,,,,,,needs_review,wikidata
wd:Q37959786,microtoponym,Пещера Духан,,,mixed_phrase,always,Пещера Духан,,,,,,,needs_review,wikidata
wd:Q32362346,microtoponym,Баскунчакская пещера,,,mixed_phrase,always,Баскунчакская пещера,,,,,,,needs_review,wikidata
wd:Q30890226,microtoponym,Каминная пещера,,,mixed_phrase,always,Каминная пещера,,,,,,,needs_review,wikidata
wd:Q30889550,microtoponym,Чагырская пещера,,,mixed_phrase,always,Чагырская пещера,,,,,,,needs_review,wikidata
wd:Q37965919,microtoponym,Пещера Партизанская,,,mixed_phrase,always,Пещера Партизанская,,,,,,,needs_review,wikidata
wd:Q33083806,microtoponym,Соляник (пещера),,,mixed_phrase,always,Соляник (пещера),,,,,,,needs_review,wikidata
wd:Q106075878,microtoponym,Пещера Арианда,,,mixed_phrase,always,Пещера Арианда,,,,,,,needs_review,wikidata
wd:Q110259392,microtoponym,Коноваловская пещера,,,mixed_phrase,always,Коноваловская пещера,,,,,,,needs_review,wikidata
wd:Q110259422,microtoponym,Егорьевская пещера,,,mixed_phrase,always,Егорьевская пещера,,,,,,,needs_review,wikidata
wd:Q110259391,microtoponym,Северная пещера,,,mixed_phrase,always,Северная пещера,,,,,,,needs_review,wikidata
wd:Q110259421,microtoponym,Изылинская пещера,,,mixed_phrase,always,Изылинская пещера,,,,,,,needs_review,wikidata
wd:Q110259426,microtoponym,Пещера Кирилловская,,,mixed_phrase,always,Пещера Кирилловская,,,,,,,needs_review,wikidata
wd:Q110259425,microtoponym,Пещера имени Копчинского,,,mixed_phrase,always,Пещера имени Копчинского,,,,,,,needs_review,wikidata
wd:Q110259427,microtoponym,Шахта Вернадского,,,mixed_phrase,always,Шахта Вернадского,,,,,,,needs_review,wikidata
wd:Q110259424,microtoponym,Шахта имени 70 лет СССР,,,mixed_phrase,always,Шахта имени 70 лет СССР,,,,,,,needs_review,wikidata
wd:Q97380985,microtoponym,Напорная,,,mixed_phrase,always,Напорная,,,,,,,needs_review,wikidata
wd:Q65705637,microtoponym,Сквозной грот (Новый свет),,,mixed_phrase,always,Сквозной грот (Новый свет),,,,,,,needs_review,wikidata
wd:Q4380878,microtoponym,Пропащая Яма,,,mixed_phrase,always,Пропащая Яма,,,,,,,needs_review,wikidata
wd:Q4419038,microtoponym,Сикияз-Тамак,,,mixed_phrase,always,Сикияз-Тамак,,,,,,,needs_review,wikidata
wd:Q4405601,microtoponym,Пещера Салавата Юлаева,,,mixed_phrase,always,Пещера Салавата Юлаева,,,,,,,needs_review,wikidata
wd:Q4362287,microtoponym,Пещерная система Белая звездочка,Пещерная система Белая звёздочка,,mixed_phrase,always,Пещерная система Белая звездочка,,,,,,,needs_review,wikidata
wd:Q4362241,microtoponym,Пещера Бондаревская,,,mixed_phrase,always,Пещера Бондаревская,,,,,,,needs_review,wikidata
wd:Q4362267,microtoponym,Пещера Сквозная (Адыгея),,,mixed_phrase,always,Пещера Сквозная (Адыгея),,,,,,,needs_review,wikidata
wd:Q4362249,microtoponym,Пещера Киров-600,,,mixed_phrase,always,Пещера Киров-600,,,,,,,needs_review,wikidata
wd:Q4362264,microtoponym,Пещера Парящая птица,,,mixed_phrase,always,Пещера Парящая птица,,,,,,,needs_review,wikidata
wd:Q4362253,microtoponym,Пещера Лабиринтовая,,,mixed_phrase,always,Пещера Лабиринтовая,,,,,,,needs_review,wikidata
wd:Q4417702,microtoponym,Серноводская пещера,,,mixed_phrase,always,Серноводская пещера,,,,,,,needs_review,wikidata
wd:Q4362244,microtoponym,Пещера Братьев Греве,,,mixed_phrase,always,Пещера Братьев Греве,,,,,,,needs_review,wikidata
wd:Q4445967,microtoponym,Сумган-Кутук,,,mixed_phrase,always,Сумган-Кутук,,,,,,,needs_review,wikidata
wd:Q4220309,microtoponym,Кизеловская пещера,,,mixed_phrase,always,Кизеловская пещера,,,,,,,needs_review,wikidata
wd:Q4246413,microtoponym,Кулогорская пещера,,,mixed_phrase,always,Кулогорская пещера,,,,,,,needs_review,wikidata
wd:Q4213899,microtoponym,Каракокшинская пещера,,,mixed_phrase,always,Каракокшинская пещера,,,,,,,needs_review,wikidata
wd:Q4161293,microtoponym,Дивья пещера,,,mixed_phrase,always,Дивья пещера,,,,,,,needs_review,wikidata
wd:Q4164409,microtoponym,Долганская Яма,,,mixed_phrase,always,Долганская Яма,,,,,,,needs_review,wikidata
wd:Q4156115,microtoponym,Двуглазка (Хакасия),,,mixed_phrase,always,Двуглазка (Хакасия),,,,,,,needs_review,wikidata
wd:Q4148569,microtoponym,Гремячевские карстовые пещеры,,,mixed_phrase,always,Гремячевские карстовые пещеры,,,,,,,needs_review,wikidata
wd:Q4144437,microtoponym,Горло Барлога,,,mixed_phrase,always,Горло Барлога,,,,,,,needs_review,wikidata
wd:Q4362240,microtoponym,Археологическая пещера,,,mixed_phrase,always,Археологическая пещера,,,,,,,needs_review,wikidata
wd:Q4179680,microtoponym,Жерновогорская пещера,,,mixed_phrase,always,Жерновогорская пещера,,,,,,,needs_review,wikidata
wd:Q4251377,microtoponym,Кек-Таш,Кёк-Таш,,mixed_phrase,always,Кек-Таш,,,,,,,needs_review,wikidata
wd:Q4138850,microtoponym,Гипсы-1,,,mixed_phrase,always,Гипсы-1,,,,,,,needs_review,wikidata
wd:Q4091556,microtoponym,Большая Орешная,,,mixed_phrase,always,Большая Орешная,,,,,,,needs_review,wikidata
wd:Q4089013,microtoponym,Богатая Фанза,,,mixed_phrase,always,Богатая Фанза,,,,,,,needs_review,wikidata
wd:Q4072322,microtoponym,Атыш (пещера),,,mixed_phrase,always,Атыш (пещера),,,,,,,needs_review,wikidata
wd:Q4091196,microtoponym,Большая Белобомская пещера,,,mixed_phrase,always,Большая Белобомская пещера,,,,,,,needs_review,wikidata
wd:Q4091755,microtoponym,Большая Фанагорийская пещера,,,mixed_phrase,always,Большая Фанагорийская пещера,,,,,,,needs_review,wikidata
wd:Q4095192,microtoponym,Ботовская пещера,,,mixed_phrase,always,Ботовская пещера,,,,,,,needs_review,wikidata
wd:Q4080462,microtoponym,Бегемот (пещера),,,mixed_phrase,always,Бегемот (пещера),,,,,,,needs_review,wikidata
wd:Q4362247,microtoponym,Пещера Долгая,,,mixed_phrase,always,Пещера Долгая,,,,,,,needs_review,wikidata
wd:Q4206536,microtoponym,Кабаний провал,,,mixed_phrase,always,Кабаний провал,,,,,,,needs_review,wikidata
wd:Q4535302,microtoponym,Юрьевская пещера,,,mixed_phrase,always,Юрьевская пещера,,,,,,,needs_review,wikidata
wd:Q117312987,microtoponym,Тарханкутская пещера,,,mixed_phrase,always,Тарханкутская пещера,,,,,,,needs_review,wikidata
wd:Q20077877,microtoponym,Голубиная пещера,,,mixed_phrase,always,Голубиная пещера,,,,,,,needs_review,wikidata
wd:Q124308382,microtoponym,Арык-Басская пещера,,,mixed_phrase,always,Арык-Басская пещера,,,,,,,needs_review,wikidata
wd:Q20072573,microtoponym,Аджи-Коба,,,mixed_phrase,always,Аджи-Коба,,,,,,,needs_review,wikidata
wd:Q123361407,microtoponym,Кваршинская пещера,,,mixed_phrase,always,Кваршинская пещера,,,,,,,needs_review,wikidata
wd:Q4478429,microtoponym,Усть-Канская пещера,,,mixed_phrase,always,Усть-Канская пещера,,,,,,,needs_review,wikidata
wd:Q4218227,microtoponym,Кашкулакская пещера,,,mixed_phrase,always,Кашкулакская пещера,,,,,,,needs_review,wikidata
wd:Q16675344,microtoponym,Медвежья пещера,,,mixed_phrase,always,Медвежья пещера,,,,,,,needs_review,wikidata
wd:Q109409265,microtoponym,Пещера Степана Разина,,,mixed_phrase,always,Пещера Степана Разина,,,,,,,needs_review,wikidata
wd:Q12113107,microtoponym,Коровий грот,,,mixed_phrase,always,Коровий грот,,,,,,,needs_review,wikidata
wd:Q86667814,microtoponym,Тренькинская пещера,,,mixed_phrase,always,Тренькинская пещера,,,,,,,needs_review,wikidata
wd:Q4421810,microtoponym,Скельская пещера,,,mixed_phrase,always,Скельская пещера,,,,,,,needs_review,wikidata
wd:Q1413298,microtoponym,Игнатьевская пещера,,,mixed_phrase,always,Игнатьевская пещера,,,,,,,needs_review,wikidata
wd:Q16663703,microtoponym,Киселевская пещера,Киселёвская пещера,,mixed_phrase,always,Киселевская пещера,,,,,,,needs_review,wikidata
wd:Q19909986,microtoponym,Малая Азишская пещера,,,mixed_phrase,always,Малая Азишская пещера,,,,,,,needs_review,wikidata
wd:Q109116709,microtoponym,Золотая пещера,,,mixed_phrase,always,Золотая пещера,,,,,,,needs_review,wikidata
wd:Q28805618,microtoponym,Пещера Катникова,,,mixed_phrase,always,Пещера Катникова,,,,,,,needs_review,wikidata
wd:Q16720640,microtoponym,Шмарненская пещера,,,mixed_phrase,always,Шмарненская пещера,,,,,,,needs_review,wikidata
wd:Q100277176,microtoponym,Кызыл-Яр (пещера),,,mixed_phrase,always,Кызыл-Яр (пещера),,,,,,,needs_review,wikidata
wd:Q24934699,microtoponym,Сохаревская пещера,Сохарёвская пещера,,mixed_phrase,always,Сохаревская пещера,,,,,,,needs_review,wikidata
wd:Q30888598,microtoponym,Пещера Дружба,,,mixed_phrase,always,Пещера Дружба,,,,,,,needs_review,wikidata
wd:Q106239331,microtoponym,Малая Аракаевская пещера,,,mixed_phrase,always,Малая Аракаевская пещера,,,,,,,needs_review,wikidata
wd:Q105834593,microtoponym,Сабакай,,,mixed_phrase,always,Сабакай,,,,,,,needs_review,wikidata
wd:Q4191662,microtoponym,Зефир-Коба,,,mixed_phrase,always,Зефир-Коба,,,,,,,needs_review,wikidata
wd:Q106814455,microtoponym,Пещера Шемахинская-1,,,mixed_phrase,always,Пещера Шемахинская-1,,,,,,,needs_review,wikidata
wd:Q123680700,microtoponym,Большой карстовый провал (Свердловская область),,,mixed_phrase,always,Большой карстовый провал (Свердловская область),,,,,,,needs_review,wikidata
wd:Q123752620,microtoponym,Светлая пещера,,,mixed_phrase,always,Светлая пещера,,,,,,,needs_review,wikidata
wd:Q12719462,microtoponym,Пещера Вялова,,,mixed_phrase,always,Пещера Вялова,,,,,,,needs_review,wikidata
wd:Q4180372,microtoponym,Жилище Сокола,,,mixed_phrase,always,Жилище Сокола,,,,,,,needs_review,wikidata
wd:Q34003,microtoponym,Мезмайская пещера,,,mixed_phrase,always,Мезмайская пещера,,,,,,,needs_review,wikidata
wd:Q30590768,microtoponym,Чертовы Ворота,Чёртовы Ворота,,mixed_phrase,always,Чертовы Ворота,,,,,,,needs_review,wikidata
wd:Q4308001,microtoponym,Мурзак-Коба,,,mixed_phrase,always,Мурзак-Коба,,,,,,,needs_review,wikidata
wd:Q124153349,microtoponym,Малый Дружбинский провал,,,mixed_phrase,always,Малый Дружбинский провал,,,,,,,needs_review,wikidata
wd:Q4448503,microtoponym,Сюкеевские пещеры,,,mixed_phrase,always,Сюкеевские пещеры,,,,,,,needs_review,wikidata
wd:Q4091164,microtoponym,Большая Азишская пещера,,,mixed_phrase,always,Большая Азишская пещера,,,,,,,needs_review,wikidata
wd:Q24934711,microtoponym,Орлов провал,,,mixed_phrase,always,Орлов провал,,,,,,,needs_review,wikidata
wd:Q2017307,microtoponym,Пещера Окладникова,,,mixed_phrase,always,Пещера Окладникова,,,,,,,needs_review,wikidata
wd:Q4068442,microtoponym,Аракаевская,,,mixed_phrase,always,Аракаевская,,,,,,,needs_review,wikidata
wd:Q20091283,microtoponym,Пещера Грина (Крым),,,mixed_phrase,always,Пещера Грина (Крым),,,,,,,needs_review,wikidata
wd:Q4205548,microtoponym,Ишеевская пещерная система,,,mixed_phrase,always,Ишеевская пещерная система,,,,,,,needs_review,wikidata
wd:Q109783085,microtoponym,Гугерджин-Хосар,,,mixed_phrase,always,Гугерджин-Хосар,,,,,,,needs_review,wikidata
wd:Q4362256,microtoponym,Пещера Мрака,,,mixed_phrase,always,Пещера Мрака,,,,,,,needs_review,wikidata
wd:Q37207303,microtoponym,Пещера Дюрк,,,mixed_phrase,always,Пещера Дюрк,,,,,,,needs_review,wikidata
wd:Q4362243,microtoponym,Бородинская пещера,,,mixed_phrase,always,Бородинская пещера,,,,,,,needs_review,wikidata
wd:Q136654678,microtoponym,Алимова пещера,,,mixed_phrase,always,Алимова пещера,,,,,,,needs_review,wikidata
wd:Q4300823,microtoponym,Молодежный парк (Липецк),Молодёжный парк (Липецк),,mixed_phrase,always,Молодежный парк (Липецк),,,,,,,needs_review,wikidata
wd:Q4332355,microtoponym,Озерный лесопарк,Озёрный лесопарк,,mixed_phrase,always,Озерный лесопарк,,,,,,,needs_review,wikidata
wd:Q107086260,microtoponym,Парк Победы (Старая Русса),,,mixed_phrase,always,Парк Победы (Старая Русса),,,,,,,needs_review,wikidata
wd:Q4345264,microtoponym,Парк Степанова,,,mixed_phrase,always,Парк Степанова,,,,,,,needs_review,wikidata
wd:Q4345195,microtoponym,Парк 1100-летия Смоленска,,,mixed_phrase,always,Парк 1100-летия Смоленска,,,,,,,needs_review,wikidata
wd:Q4345204,microtoponym,Парк «Отрада»,,,mixed_phrase,always,Парк «Отрада»,,,,,,,needs_review,wikidata
wd:Q65123857,microtoponym,"Парк ""Горкинско-Ометьевский лес""",,,mixed_phrase,always,"Парк ""Горкинско-Ометьевский лес""",,,,,,,needs_review,wikidata
wd:Q110318604,microtoponym,Чермянка,,,mixed_phrase,always,Чермянка,,,,,,,needs_review,wikidata
wd:Q48941898,microtoponym,Сад Октябрьской революции,,,mixed_phrase,always,Сад Октябрьской революции,,,,,,,needs_review,wikidata
wd:Q4345239,microtoponym,Парк Металлургов (Липецк),,,mixed_phrase,always,Парк Металлургов (Липецк),,,,,,,needs_review,wikidata
wd:Q56310240,microtoponym,Парк Героев-Пожарных,,,mixed_phrase,always,Парк Героев-Пожарных,,,,,,,needs_review,wikidata
wd:Q4345269,microtoponym,Парк Текстильщиков,,,mixed_phrase,always,Парк Текстильщиков,,,,,,,needs_review,wikidata
wd:Q4311681,microtoponym,Нагорный парк,,,mixed_phrase,always,Нагорный парк,,,,,,,needs_review,wikidata
wd:Q4290263,microtoponym,Мемориальный парк (Коломна),,,mixed_phrase,always,Мемориальный парк (Коломна),,,,,,,needs_review,wikidata
wd:Q108462229,microtoponym,Парк отдыха (Большие Кайбицы),,,mixed_phrase,always,Парк отдыха (Большие Кайбицы),,,,,,,needs_review,wikidata
wd:Q104774278,microtoponym,Парк 40-летия Победы,,,mixed_phrase,always,Парк 40-летия Победы,,,,,,,needs_review,wikidata
wd:Q4345246,microtoponym,Парк Победы (Липецк),,,mixed_phrase,always,Парк Победы (Липецк),,,,,,,needs_review,wikidata
wd:Q80811439,microtoponym,Цветочный парк,,,mixed_phrase,always,Цветочный парк,,,,,,,needs_review,wikidata
wd:Q65157318,microtoponym,Александровский сад,,,mixed_phrase,always,Александровский сад,,,,,,,needs_review,wikidata
wd:Q110318607,microtoponym,Парк имени И. В. Коротеева,,,mixed_phrase,always,Парк имени И. В. Коротеева,,,,,,,needs_review,wikidata
wd:Q110318612,microtoponym,Парк Победы,,,mixed_phrase,always,Парк Победы,,,,,,,needs_review,wikidata
wd:Q110318631,microtoponym,Новокузнецкий парк культуры и отдыха имени Ю. А. Гагарина,,,mixed_phrase,always,Новокузнецкий парк культуры и отдыха имени Ю. А. Гагарина,,,,,,,needs_review,wikidata
wd:Q112668037,microtoponym,Парк Леонтия Шамшуренкова,,,mixed_phrase,always,Парк Леонтия Шамшуренкова,,,,,,,needs_review,wikidata
wd:Q110319400,microtoponym,Тропа к Егошихе,,,mixed_phrase,always,Тропа к Егошихе,,,,,,,needs_review,wikidata
wd:Q110318616,microtoponym,Южное Бутово,,,mixed_phrase,always,Южное Бутово,,,,,,,needs_review,wikidata
wd:Q110318624,microtoponym,Березовая роща,Берёзовая роща,,mixed_phrase,always,Березовая роща,,,,,,,needs_review,wikidata
wd:Q97196285,microtoponym,Два медведя,,,mixed_phrase,always,Два медведя,,,,,,,needs_review,wikidata
wd:Q120196024,microtoponym,Дубовая Роща,,,mixed_phrase,always,Дубовая Роща,,,,,,,needs_review,wikidata
wd:Q122974908,microtoponym,Долгие пруды,,,mixed_phrase,always,Долгие пруды,,,,,,,needs_review,wikidata
wd:Q110318620,microtoponym,Отрадное,,,mixed_phrase,always,Отрадное,,,,,,,needs_review,wikidata
wd:Q86668914,microtoponym,Родопский бульвар,,,mixed_phrase,always,Родопский бульвар,,,,,,,needs_review,wikidata
wd:Q97315693,microtoponym,Олений природный парк,,,mixed_phrase,always,Олений природный парк,,,,,,,needs_review,wikidata
wd:Q86669618,microtoponym,Бульвар Сулеймана Стальского,,,mixed_phrase,always,Бульвар Сулеймана Стальского,,,,,,,needs_review,wikidata
wd:Q110961320,microtoponym,Амазония (парк),,,mixed_phrase,always,Амазония (парк),,,,,,,needs_review,wikidata
wd:Q108769798,microtoponym,Парк в селе Ярополец,,,mixed_phrase,always,Парк в селе Ярополец,,,,,,,needs_review,wikidata
wd:Q110318621,microtoponym,Левобережный,,,mixed_phrase,always,Левобережный,,,,,,,needs_review,wikidata
wd:Q119693341,microtoponym,Парк Победы,,,mixed_phrase,always,Парк Победы,,,,,,,needs_review,wikidata
wd:Q65151912,microtoponym,Альгамбра,,,mixed_phrase,always,Альгамбра,,,,,,,needs_review,wikidata
wd:Q124758613,microtoponym,Светлоярский парк,,,mixed_phrase,always,Светлоярский парк,,,,,,,needs_review,wikidata
wd:Q115654096,microtoponym,Парк имени Петрова,,,mixed_phrase,always,Парк имени Петрова,,,,,,,needs_review,wikidata
wd:Q110318618,microtoponym,Парк в пойме реки Битцы,,,mixed_phrase,always,Парк в пойме реки Битцы,,,,,,,needs_review,wikidata
wd:Q122974893,microtoponym,Парк имени 1 Мая,,,mixed_phrase,always,Парк имени 1 Мая,,,,,,,needs_review,wikidata
wd:Q111286962,microtoponym,Десеновское,Десёновское,,mixed_phrase,always,Десеновское,,,,,,,needs_review,wikidata
wd:Q111286960,microtoponym,Джамгаровский парк,,,mixed_phrase,always,Джамгаровский парк,,,,,,,needs_review,wikidata
wd:Q123484662,microtoponym,Центральный парк,,,mixed_phrase,always,Центральный парк,,,,,,,needs_review,wikidata
wd:Q120197785,microtoponym,Парк имени Шкулева,Парк имени Шкулёва,,mixed_phrase,always,Парк имени Шкулева,,,,,,,needs_review,wikidata
wd:Q97369401,microtoponym,Парк «Ручеек»,Парк «Ручеёк»,,mixed_phrase,always,Парк «Ручеек»,,,,,,,needs_review,wikidata
wd:Q111987813,microtoponym,Волна,,,mixed_phrase,always,Волна,,,,,,,needs_review,wikidata
wd:Q107608211,microtoponym,Парк имени 60-летия нефти Татарстана,,,mixed_phrase,always,Парк имени 60-летия нефти Татарстана,,,,,,,needs_review,wikidata
wd:Q86672236,microtoponym,Детский парк «Калейдоскоп»,,,mixed_phrase,always,Детский парк «Калейдоскоп»,,,,,,,needs_review,wikidata
wd:Q97278527,microtoponym,Новосибирский дендропарк,,,mixed_phrase,always,Новосибирский дендропарк,,,,,,,needs_review,wikidata
wd:Q106571568,microtoponym,Парк покорителей космоса им. Юрия Гагарина,,,mixed_phrase,always,Парк покорителей космоса им. Юрия Гагарина,,,,,,,needs_review,wikidata
wd:Q25705172,microtoponym,Алдын-Булак,,,mixed_phrase,always,Алдын-Булак,,,,,,,needs_review,wikidata
wd:Q24930859,microtoponym,Зеленогорский парк культуры и отдыха,,,mixed_phrase,always,Зеленогорский парк культуры и отдыха,,,,,,,needs_review,wikidata
wd:Q4281538,microtoponym,Сити Парк Отель Сочи,,,mixed_phrase,always,Сити Парк Отель Сочи,,,,,,,needs_review,wikidata
wd:Q4201999,microtoponym,Интендантский сад,,,mixed_phrase,always,Интендантский сад,,,,,,,needs_review,wikidata
wd:Q133141221,microtoponym,Парк Ближние дубки,,,mixed_phrase,always,Парк Ближние дубки,,,,,,,needs_review,wikidata
wd:Q4421700,microtoponym,Сквер героев Чернобыля (Тверь),,,mixed_phrase,always,Сквер героев Чернобыля (Тверь),,,,,,,needs_review,wikidata
wd:Q4345304,microtoponym,Парк имени Парижской коммуны (Иркутск),,,mixed_phrase,always,Парк имени Парижской коммуны (Иркутск),,,,,,,needs_review,wikidata
wd:Q4259904,microtoponym,"Лесопарк ""Соколья Гора""",,,mixed_phrase,always,"Лесопарк ""Соколья Гора""",,,,,,,needs_review,wikidata
wd:Q13668166,microtoponym,Власьевский сад,,,mixed_phrase,always,Власьевский сад,,,,,,,needs_review,wikidata
wd:Q97177109,microtoponym,Кырлай,,,mixed_phrase,always,Кырлай,,,,,,,needs_review,wikidata
wd:Q37969304,microtoponym,Парк Металлургов,,,mixed_phrase,always,Парк Металлургов,,,,,,,needs_review,wikidata
wd:Q4144657,microtoponym,Горнотаежная станция им. В. Л. Комарова,Горнотаёжная станция им. В. Л. Комарова,,mixed_phrase,always,Горнотаежная станция им. В. Л. Комарова,,,,,,,needs_review,wikidata
wd:Q13668153,microtoponym,Дортмундский сквер,,,mixed_phrase,always,Дортмундский сквер,,,,,,,needs_review,wikidata
wd:Q37968757,microtoponym,Студенческий Парк,,,mixed_phrase,always,Студенческий Парк,,,,,,,needs_review,wikidata
wd:Q19909169,microtoponym,Этнографическая деревня Бибирево,,,mixed_phrase,always,Этнографическая деревня Бибирево,,,,,,,needs_review,wikidata
wd:Q37969086,microtoponym,Парк Имени Пушкина,,,mixed_phrase,always,Парк Имени Пушкина,,,,,,,needs_review,wikidata
wd:Q16685840,microtoponym,Перкальский дендрологический парк,,,mixed_phrase,always,Перкальский дендрологический парк,,,,,,,needs_review,wikidata
wd:Q37969403,microtoponym,Парк Дружбы,,,mixed_phrase,always,Парк Дружбы,,,,,,,needs_review,wikidata
wd:Q4390817,microtoponym,Ратсхоф (парк),,,mixed_phrase,always,Ратсхоф (парк),,,,,,,needs_review,wikidata
wd:Q13668156,microtoponym,Скульптурный парк «Легенда»,,,mixed_phrase,always,Скульптурный парк «Легенда»,,,,,,,needs_review,wikidata
wd:Q28666945,microtoponym,Россия — моя история,,,mixed_phrase,always,Россия — моя история,,,,,,,needs_review,wikidata
wd:Q37968737,microtoponym,Сад Молодоженов,Сад Молодожёнов,,mixed_phrase,always,Сад Молодоженов,,,,,,,needs_review,wikidata
wd:Q37969309,microtoponym,Парк Сибирские Афины,,,mixed_phrase,always,Парк Сибирские Афины,,,,,,,needs_review,wikidata
wd:Q37969363,microtoponym,Парк имени 300-летия Омска,,,mixed_phrase,always,Парк имени 300-летия Омска,,,,,,,needs_review,wikidata
wd:Q4412172,microtoponym,Северное Тушино (парк),,,mixed_phrase,always,Северное Тушино (парк),,,,,,,needs_review,wikidata
wd:Q4088533,microtoponym,Бобачевская роща,Бобачёвская роща,,mixed_phrase,always,Бобачевская роща,,,,,,,needs_review,wikidata
wd:Q4079099,microtoponym,Баснинский сад (Иркутск),,,mixed_phrase,always,Баснинский сад (Иркутск),,,,,,,needs_review,wikidata
wd:Q4404690,microtoponym,Садово-Триумфальный сквер,,,mixed_phrase,always,Садово-Триумфальный сквер,,,,,,,needs_review,wikidata
wd:Q4421711,microtoponym,Сквер имени Маркова,,,mixed_phrase,always,Сквер имени Маркова,,,,,,,needs_review,wikidata
wd:Q4345244,microtoponym,Парк Победы (Бийск),,,mixed_phrase,always,Парк Победы (Бийск),,,,,,,needs_review,wikidata
wd:Q4345254,microtoponym,Парк Победы (Смоленск),,,mixed_phrase,always,Парк Победы (Смоленск),,,,,,,needs_review,wikidata
wd:Q4533560,microtoponym,Юбилейный парк,,,mixed_phrase,always,Юбилейный парк,,,,,,,needs_review,wikidata
wd:Q4125113,microtoponym,Воробьи (парк птиц),,,mixed_phrase,always,Воробьи (парк птиц),,,,,,,needs_review,wikidata
wd:Q4387908,microtoponym,Радуга (парк),,,mixed_phrase,always,Радуга (парк),,,,,,,needs_review,wikidata
wd:Q4404472,microtoponym,Сад «Эрмитаж» на Божедомке,,,mixed_phrase,always,Сад «Эрмитаж» на Божедомке,,,,,,,needs_review,wikidata
wd:Q29471607,microtoponym,Соловьиная роща,,,mixed_phrase,always,Соловьиная роща,,,,,,,needs_review,wikidata
wd:Q37969294,microtoponym,Парк Культуры и Отдыха Имени Ленина,,,mixed_phrase,always,Парк Культуры и Отдыха Имени Ленина,,,,,,,needs_review,wikidata
wd:Q134343796,microtoponym,Парк культуры и отдыха (Партизанск),,,mixed_phrase,always,Парк культуры и отдыха (Партизанск),,,,,,,needs_review,wikidata
wd:Q4404477,microtoponym,Сад Алюминщиков,,,mixed_phrase,always,Сад Алюминщиков,,,,,,,needs_review,wikidata
wd:Q4421716,microtoponym,Сквер имени Франценюка,,,mixed_phrase,always,Сквер имени Франценюка,,,,,,,needs_review,wikidata
wd:Q4159478,microtoponym,Детский парк им. 10-летия Октября,,,mixed_phrase,always,Детский парк им. 10-летия Октября,,,,,,,needs_review,wikidata
wd:Q18407460,microtoponym,Парк Кузьминки,,,mixed_phrase,always,Парк Кузьминки,,,,,,,needs_review,wikidata
wd:Q4066686,microtoponym,Аннинский лесопарк,,,mixed_phrase,always,Аннинский лесопарк,,,,,,,needs_review,wikidata
wd:Q18409691,microtoponym,Уваровский трамвайный парк,,,mixed_phrase,always,Уваровский трамвайный парк,,,,,,,needs_review,wikidata
wd:Q4144090,microtoponym,Горенский лесопарк,,,mixed_phrase,always,Горенский лесопарк,,,,,,,needs_review,wikidata
wd:Q4345326,microtoponym,Парк культуры и отдыха им. 30-летия Победы,,,mixed_phrase,always,Парк культуры и отдыха им. 30-летия Победы,,,,,,,needs_review,wikidata
wd:Q4208742,microtoponym,Кайская реликтовая роща,,,mixed_phrase,always,Кайская реликтовая роща,,,,,,,needs_review,wikidata
wd:Q37964635,microtoponym,Парк Приморский,,,mixed_phrase,always,Парк Приморский,,,,,,,needs_review,wikidata
wd:Q4345313,microtoponym,Парк имени Урицкого,,,mixed_phrase,always,Парк имени Урицкого,,,,,,,needs_review,wikidata
wd:Q4159477,microtoponym,Детский парк (Тверь),,,mixed_phrase,always,Детский парк (Тверь),,,,,,,needs_review,wikidata
wd:Q4078395,microtoponym,Барнаульский дендрарий,,,mixed_phrase,always,Барнаульский дендрарий,,,,,,,needs_review,wikidata
wd:Q4198866,microtoponym,Изумрудный парк (Барнаул),,,mixed_phrase,always,Изумрудный парк (Барнаул),,,,,,,needs_review,wikidata
wd:Q4349302,microtoponym,Первомайская роща,,,mixed_phrase,always,Первомайская роща,,,,,,,needs_review,wikidata
wd:Q4451172,microtoponym,Чаир,,,mixed_phrase,always,Чаир,,,,,,,needs_review,wikidata
wd:Q37969360,microtoponym,Парк Культуры И Отдыха Советского Округа,,,mixed_phrase,always,Парк Культуры И Отдыха Советского Округа,,,,,,,needs_review,wikidata
wd:Q4421071,microtoponym,Парк 1000-летия Ярославля,,,mixed_phrase,always,Парк 1000-летия Ярославля,,,,,,,needs_review,wikidata
wd:Q4125393,microtoponym,Воронежская роща,,,mixed_phrase,always,Воронежская роща,,,,,,,needs_review,wikidata
wd:Q19908977,microtoponym,Видновский лесопарк,,,mixed_phrase,always,Видновский лесопарк,,,,,,,needs_review,wikidata
wd:Q37969373,microtoponym,Парк Культуры И Отдыха Имени Тридцатилетия Всесоюзного Ленинского Коммунистического Союза Молодежи,Парк Культуры И Отдыха Имени Тридцатилетия Всесоюзного Ленинского Коммунистического Союза Молодёжи,,mixed_phrase,always,Парк Культуры И Отдыха Имени Тридцатилетия Всесоюзного Ленинского Коммунистического Союза Молодежи,,,,,,,needs_review,wikidata
wd:Q4188330,microtoponym,Затайрукский лесопарк им. В. Н. Полякова,,,mixed_phrase,always,Затайрукский лесопарк им. В. Н. Полякова,,,,,,,needs_review,wikidata
wd:Q37969401,microtoponym,Первомайский Парк,,,mixed_phrase,always,Первомайский Парк,,,,,,,needs_review,wikidata
wd:Q37969240,microtoponym,Парк Имени Ломоносова,,,mixed_phrase,always,Парк Имени Ломоносова,,,,,,,needs_review,wikidata
wd:Q37969379,microtoponym,Центральныи Парк Культуры И Отыха Имени Победы,,,mixed_phrase,always,Центральныи Парк Культуры И Отыха Имени Победы,,,,,,,needs_review,wikidata
wd:Q4095105,microtoponym,Ботанический сад-институт Поволжского государственного технологического университета,,,mixed_phrase,always,Ботанический сад-институт Поволжского государственного технологического университета,,,,,,,needs_review,wikidata
wd:Q37969297,microtoponym,Парк Культуры и Отдыха Имени Кирова,,,mixed_phrase,always,Парк Культуры и Отдыха Имени Кирова,,,,,,,needs_review,wikidata
wd:Q19788358,microtoponym,Мещерский природный парк,,,mixed_phrase,always,Мещерский природный парк,,,,,,,needs_review,wikidata
wd:Q4061466,microtoponym,Александровский сад (Киров),,,mixed_phrase,always,Александровский сад (Киров),,,,,,,needs_review,wikidata
wd:Q16684911,microtoponym,Парк имени Пушкина,,,mixed_phrase,always,Парк имени Пушкина,,,,,,,needs_review,wikidata
wd:Q20117095,microtoponym,"парк ""Патриот"" (Кубинка)",,,mixed_phrase,always,"парк ""Патриот"" (Кубинка)",,,,,,,needs_review,wikidata
wd:Q37969393,microtoponym,Парк Октябрьский,,,mixed_phrase,always,Парк Октябрьский,,,,,,,needs_review,wikidata
wd:Q4508698,microtoponym,Челябинский городской бор,,,mixed_phrase,always,Челябинский городской бор,,,,,,,needs_review,wikidata
wd:Q127278060,microtoponym,Берендеево царство,,,mixed_phrase,always,Берендеево царство,,,,,,,needs_review,wikidata
wd:Q110318628,microtoponym,Новослободский парк,,,mixed_phrase,always,Новослободский парк,,,,,,,needs_review,wikidata
wd:Q112054380,microtoponym,Парк-дендрарий Ботанического сада Петра Великого,,,mixed_phrase,always,Парк-дендрарий Ботанического сада Петра Великого,,,,,,,needs_review,wikidata
wd:Q108944424,microtoponym,Парк в пойме реки Городни,,,mixed_phrase,always,Парк в пойме реки Городни,,,,,,,needs_review,wikidata
wd:Q4095899,microtoponym,Братиславский парк,,,mixed_phrase,always,Братиславский парк,,,,,,,needs_review,wikidata
wd:Q4172358,microtoponym,Дюссельдорфский парк,,,mixed_phrase,always,Дюссельдорфский парк,,,,,,,needs_review,wikidata
wd:Q48941552,microtoponym,Парк Зюзино,,,mixed_phrase,always,Парк Зюзино,,,,,,,needs_review,wikidata
wd:Q48945152,microtoponym,Сад «Эльдорадо»,,,mixed_phrase,always,Сад «Эльдорадо»,,,,,,,needs_review,wikidata
wd:Q4087180,microtoponym,Бирюлевский лесопарк,Бирюлёвский лесопарк,,mixed_phrase,always,Бирюлевский лесопарк,,,,,,,needs_review,wikidata
wd:Q4242739,microtoponym,Крылатские холмы,,,mixed_phrase,always,Крылатские холмы,,,,,,,needs_review,wikidata
wd:Q4128553,microtoponym,Выборгский сад,,,mixed_phrase,always,Выборгский сад,,,,,,,needs_review,wikidata
wd:Q19858408,microtoponym,Парк «Дмитровский»,,,mixed_phrase,always,Парк «Дмитровский»,,,,,,,needs_review,wikidata
wd:Q20165354,microtoponym,Коровинский лесопарк,,,mixed_phrase,always,Коровинский лесопарк,,,,,,,needs_review,wikidata
wd:Q60851445,microtoponym,Парк Казачьей славы,,,mixed_phrase,always,Парк Казачьей славы,,,,,,,needs_review,wikidata
wd:Q21644715,microtoponym,Троицкий лесопарк,,,mixed_phrase,always,Троицкий лесопарк,,,,,,,needs_review,wikidata
wd:Q4142845,microtoponym,Гольяновский парк,,,mixed_phrase,always,Гольяновский парк,,,,,,,needs_review,wikidata
wd:Q20026415,microtoponym,Зябликовский лесопарк,,,mixed_phrase,always,Зябликовский лесопарк,,,,,,,needs_review,wikidata
wd:Q4278389,microtoponym,Малоохтинский парк,,,mixed_phrase,always,Малоохтинский парк,,,,,,,needs_review,wikidata
wd:Q4145695,microtoponym,Городской сад (Колпино),,,mixed_phrase,always,Городской сад (Колпино),,,,,,,needs_review,wikidata
wd:Q4271396,microtoponym,Любашинский сад,,,mixed_phrase,always,Любашинский сад,,,,,,,needs_review,wikidata
wd:Q4071036,microtoponym,Аршиновский парк,,,mixed_phrase,always,Аршиновский парк,,,,,,,needs_review,wikidata
wd:Q4095879,microtoponym,Братеевский каскадный парк,,,mixed_phrase,always,Братеевский каскадный парк,,,,,,,needs_review,wikidata
wd:Q19856500,microtoponym,Олонецкий парк,,,mixed_phrase,always,Олонецкий парк,,,,,,,needs_review,wikidata
wd:Q4074584,microtoponym,Бабушкинский парк,,,mixed_phrase,always,Бабушкинский парк,,,,,,,needs_review,wikidata
wd:Q4148208,microtoponym,Грачевский парк,Грачёвский парк,,mixed_phrase,always,Грачевский парк,,,,,,,needs_review,wikidata
wd:Q4233530,microtoponym,Коробковский сад,,,mixed_phrase,always,Коробковский сад,,,,,,,needs_review,wikidata
wd:Q16673767,microtoponym,Малиновка,,,mixed_phrase,always,Малиновка,,,,,,,needs_review,wikidata
wd:Q13668172,microtoponym,Таллинский парк,,,mixed_phrase,always,Таллинский парк,,,,,,,needs_review,wikidata
wd:Q2855965,microtoponym,Таврический сад,,,mixed_phrase,always,Таврический сад,,,,,,,needs_review,wikidata
wd:Q4404481,microtoponym,Сад Ивана Фомина,,,mixed_phrase,always,Сад Ивана Фомина,,,,,,,needs_review,wikidata
wd:Q16684895,microtoponym,Парк Интернационалистов,,,mixed_phrase,always,Парк Интернационалистов,,,,,,,needs_review,wikidata
wd:Q13668175,microtoponym,Ново-Орловский лесопарк,,,mixed_phrase,always,Ново-Орловский лесопарк,,,,,,,needs_review,wikidata
wd:Q18199654,microtoponym,Парк «Вагоноремонт»,,,mixed_phrase,always,Парк «Вагоноремонт»,,,,,,,needs_review,wikidata
wd:Q2897273,microtoponym,Парк искусств,,,mixed_phrase,always,Парк искусств,,,,,,,needs_review,wikidata
wd:Q16709937,microtoponym,Ульяновский лесопарк,,,mixed_phrase,always,Ульяновский лесопарк,,,,,,,needs_review,wikidata
wd:Q4463754,microtoponym,Тропаревский лесопарк,Тропарёвский лесопарк,,mixed_phrase,always,Тропаревский лесопарк,,,,,,,needs_review,wikidata
wd:Q951551,microtoponym,Сочинский национальный парк,,,mixed_phrase,always,Сочинский национальный парк,,,,,,,needs_review,wikidata
wd:Q4455849,microtoponym,Терлецкий парк,,,mixed_phrase,always,Терлецкий парк,,,,,,,needs_review,wikidata
wd:Q691377,microtoponym,Екатерингоф,,,mixed_phrase,always,Екатерингоф,,,,,,,needs_review,wikidata
wd:Q4533978,microtoponym,Южно-Приморский парк,,,mixed_phrase,always,Южно-Приморский парк,,,,,,,needs_review,wikidata
wd:Q39085117,microtoponym,парк Останкино,,,mixed_phrase,always,парк Останкино,,,,,,,needs_review,wikidata
wd:Q4065060,microtoponym,Ангарские пруды,,,mixed_phrase,always,Ангарские пруды,,,,,,,needs_review,wikidata
wd:Q4429447,microtoponym,Сосенки (парк),,,mixed_phrase,always,Сосенки (парк),,,,,,,needs_review,wikidata
wd:Q4535915,microtoponym,Яблоновский сад,,,mixed_phrase,always,Яблоновский сад,,,,,,,needs_review,wikidata
wd:Q4421695,microtoponym,Сквер Подводников,,,mixed_phrase,always,Сквер Подводников,,,,,,,needs_review,wikidata
wd:Q4429631,microtoponym,Сосновка,,,mixed_phrase,always,Сосновка,,,,,,,needs_review,wikidata
wd:Q13668689,microtoponym,Сад Декабристов,,,mixed_phrase,always,Сад Декабристов,,,,,,,needs_review,wikidata
wd:Q97662741,microtoponym,Парк Света,,,mixed_phrase,always,Парк Света,,,,,,,needs_review,wikidata
wd:Q4308059,microtoponym,Муринский парк,,,mixed_phrase,always,Муринский парк,,,,,,,needs_review,wikidata
wd:Q97188314,microtoponym,Остров фортов,,,mixed_phrase,always,Остров фортов,,,,,,,needs_review,wikidata
wd:Q4303814,microtoponym,Москворецкий дендропарк,,,mixed_phrase,always,Москворецкий дендропарк,,,,,,,needs_review,wikidata
wd:Q65147893,microtoponym,Парк на Зеленом проспекте,Парк на Зелёном проспекте,,mixed_phrase,always,Парк на Зеленом проспекте,,,,,,,needs_review,wikidata
wd:Q56309693,microtoponym,Ходынское поле,,,mixed_phrase,always,Ходынское поле,,,,,,,needs_review,wikidata
wd:Q4303813,microtoponym,Москворецкий природно-исторический парк,,,mixed_phrase,always,Москворецкий природно-исторический парк,,,,,,,needs_review,wikidata
wd:Q63078632,microtoponym,Заневский парк,,,mixed_phrase,always,Заневский парк,,,,,,,needs_review,wikidata
wd:Q56650116,microtoponym,Братеевская пойма,,,mixed_phrase,always,Братеевская пойма,,,,,,,needs_review,wikidata
wd:Q107024674,microtoponym,Сквер Воинов-Освободителей,,,mixed_phrase,always,Сквер Воинов-Освободителей,,,,,,,needs_review,wikidata
wd:Q136745040,microtoponym,Сквер перед Балтийским вокзалом,,,mixed_phrase,always,Сквер перед Балтийским вокзалом,,,,,,,needs_review,wikidata
wd:Q28667101,microtoponym,Парк Строителей,,,mixed_phrase,always,Парк Строителей,,,,,,,needs_review,wikidata
wd:Q21643516,microtoponym,Новодевичьи пруды,,,mixed_phrase,always,Новодевичьи пруды,,,,,,,needs_review,wikidata
wd:Q4345198,microtoponym,Парк 300-летия Санкт-Петербурга,,,mixed_phrase,always,Парк 300-летия Санкт-Петербурга,,,,,,,needs_review,wikidata
wd:Q21641475,microtoponym,Парк Мариенталь,,,mixed_phrase,always,Парк Мариенталь,,,,,,,needs_review,wikidata
wd:Q4345294,microtoponym,Парк имени Артема Боровика,Парк имени Артёма Боровика,,mixed_phrase,always,Парк имени Артема Боровика,,,,,,,needs_review,wikidata
wd:Q4319227,microtoponym,Нижний парк,,,mixed_phrase,always,Нижний парк,,,,,,,needs_review,wikidata
wd:Q4315599,microtoponym,Сад Нева,,,mixed_phrase,always,Сад Нева,,,,,,,needs_review,wikidata
wd:Q4371292,microtoponym,Полюстровский парк,,,mixed_phrase,always,Полюстровский парк,,,,,,,needs_review,wikidata
wd:Q4345211,microtoponym,Парк Авиаторов (Санкт-Петербург),,,mixed_phrase,always,Парк Авиаторов (Санкт-Петербург),,,,,,,needs_review,wikidata
wd:Q4363160,microtoponym,Пионерский парк,,,mixed_phrase,always,Пионерский парк,,,,,,,needs_review,wikidata
wd:Q4377436,microtoponym,Пресненский (парк),,,mixed_phrase,always,Пресненский (парк),,,,,,,needs_review,wikidata
wd:Q21644697,microtoponym,Торфянка,,,mixed_phrase,always,Торфянка,,,,,,,needs_review,wikidata
wd:Q28666623,microtoponym,Парк Олимпийской деревни,,,mixed_phrase,always,Парк Олимпийской деревни,,,,,,,needs_review,wikidata
wd:Q4345222,microtoponym,Парк Декабрьского восстания,,,mixed_phrase,always,Парк Декабрьского восстания,,,,,,,needs_review,wikidata
wd:Q30888355,microtoponym,"Природно-исторический парк ""Косинский""",,,mixed_phrase,always,"Природно-исторический парк ""Косинский""",,,,,,,needs_review,wikidata
wd:Q4345292,microtoponym,Парк имени Академика Сахарова,,,mixed_phrase,always,Парк имени Академика Сахарова,,,,,,,needs_review,wikidata
wd:Q28666460,microtoponym,Юго-Западный лесопарк,,,mixed_phrase,always,Юго-Западный лесопарк,,,,,,,needs_review,wikidata
wd:Q4345297,microtoponym,Парк имени Есенина (Санкт-Петербург),,,mixed_phrase,always,Парк имени Есенина (Санкт-Петербург),,,,,,,needs_review,wikidata
wd:Q28113348,microtoponym,Парк Боевого Братства,,,mixed_phrase,always,Парк Боевого Братства,,,,,,,needs_review,wikidata
wd:Q140553272,microtoponym,Сквер Андрея Петрова,,,mixed_phrase,always,Сквер Андрея Петрова,,,,,,,needs_review,wikidata
wd:Q28529359,microtoponym,Парк Красная Пахра,,,mixed_phrase,always,Парк Красная Пахра,,,,,,,needs_review,wikidata
wd:Q24932713,microtoponym,Измайловский парк культуры и отдыха,,,mixed_phrase,always,Измайловский парк культуры и отдыха,,,,,,,needs_review,wikidata
wd:Q137994536,microtoponym,парк Хуамин,,,mixed_phrase,always,парк Хуамин,,,,,,,needs_review,wikidata
wd:Q4345249,microtoponym,Парк Победы,,,mixed_phrase,always,Парк Победы,,,,,,,needs_review,wikidata
wd:Q19909180,microtoponym,Ясеневский лесопарк,,,mixed_phrase,always,Ясеневский лесопарк,,,,,,,needs_review,wikidata
wd:Q4345218,microtoponym,Парк Городов Героев,,,mixed_phrase,always,Парк Городов Героев,,,,,,,needs_review,wikidata
wd:Q141266590,microtoponym,Джазовый сквер (Санкт-Петербург),,,mixed_phrase,always,Джазовый сквер (Санкт-Петербург),,,,,,,needs_review,wikidata
wd:Q4345293,microtoponym,Парк 850-летия Москвы,,,mixed_phrase,always,Парк 850-летия Москвы,,,,,,,needs_review,wikidata
wd:Q4394244,microtoponym,Ржевский лесопарк,,,mixed_phrase,always,Ржевский лесопарк,,,,,,,needs_review,wikidata
wd:Q19908499,microtoponym,Парк имени А. И. Герцена,,,mixed_phrase,always,Парк имени А. И. Герцена,,,,,,,needs_review,wikidata
wd:Q102121800,microtoponym,Игуменский парк,,,mixed_phrase,always,Игуменский парк,,,,,,,needs_review,wikidata
wd:Q86681812,microtoponym,Парк имени лесовода Георгия Рутто,,,mixed_phrase,always,Парк имени лесовода Георгия Рутто,,,,,,,needs_review,wikidata
wd:Q108114979,microtoponym,Парк имени XXII партсъезда,,,mixed_phrase,always,Парк имени XXII партсъезда,,,,,,,needs_review,wikidata
wd:Q97183840,microtoponym,Непейцевский дендропарк,,,mixed_phrase,always,Непейцевский дендропарк,,,,,,,needs_review,wikidata
wd:Q4159476,microtoponym,Детский парк имени Пушкина,,,mixed_phrase,always,Детский парк имени Пушкина,,,,,,,needs_review,wikidata
wd:Q16692775,microtoponym,Роща «Дубки»,,,mixed_phrase,always,Роща «Дубки»,,,,,,,needs_review,wikidata
wd:Q16721849,microtoponym,Экстрим-парк,,,mixed_phrase,always,Экстрим-парк,,,,,,,needs_review,wikidata
wd:Q4095115,microtoponym,Ботанический сад ПетрГУ,,,mixed_phrase,always,Ботанический сад ПетрГУ,,,,,,,needs_review,wikidata
wd:Q4229020,microtoponym,Кольцовский сквер,,,mixed_phrase,always,Кольцовский сквер,,,,,,,needs_review,wikidata
wd:Q3907149,microtoponym,Покровское-Стрешнево,,,mixed_phrase,always,Покровское-Стрешнево,,,,,,,needs_review,wikidata
wd:Q4067613,microtoponym,Антроповы Ямы,,,mixed_phrase,always,Антроповы Ямы,,,,,,,needs_review,wikidata
wd:Q4085392,microtoponym,"Березовая Роща (парк, Москва)","Берёзовая Роща (парк, Москва)",,mixed_phrase,always,"Березовая Роща (парк, Москва)",,,,,,,needs_review,wikidata
wd:Q4174363,microtoponym,Екатерининский парк (Москва),,,mixed_phrase,always,Екатерининский парк (Москва),,,,,,,needs_review,wikidata
wd:Q4063261,microtoponym,Алые паруса (парк),,,mixed_phrase,always,Алые паруса (парк),,,,,,,needs_review,wikidata
wd:Q4095116,microtoponym,Ботанический сад Соловецкого музея-заповедника,,,mixed_phrase,always,Ботанический сад Соловецкого музея-заповедника,,,,,,,needs_review,wikidata
wd:Q16671039,microtoponym,Летний сад имени Горького,,,mixed_phrase,always,Летний сад имени Горького,,,,,,,needs_review,wikidata
wd:Q4087179,microtoponym,Бирюлевский дендрарий,Бирюлёвский дендрарий,,mixed_phrase,always,Бирюлевский дендрарий,,,,,,,needs_review,wikidata
wd:Q4159479,microtoponym,Детский парк имени Жуковского,,,mixed_phrase,always,Детский парк имени Жуковского,,,,,,,needs_review,wikidata
wd:Q3363766,microtoponym,Александровский парк,,,mixed_phrase,always,Александровский парк,,,,,,,needs_review,wikidata
wd:Q4061463,microtoponym,Александровский парк,,,mixed_phrase,always,Александровский парк,,,,,,,needs_review,wikidata
wd:Q1229234,microtoponym,Летний сад,,,mixed_phrase,always,Летний сад,,,,,,,needs_review,wikidata
wd:Q18400191,microtoponym,Баташевский сад,,,mixed_phrase,always,Баташевский сад,,,,,,,needs_review,wikidata
wd:Q4074487,microtoponym,Баболовский парк,,,mixed_phrase,always,Баболовский парк,,,,,,,needs_review,wikidata
wd:Q42422553,microtoponym,Сквер Мира (Калуга),,,mixed_phrase,always,Сквер Мира (Калуга),,,,,,,needs_review,wikidata
wd:Q42423297,microtoponym,Хабаровский краевой парк им.Муравьева-Амурского,,,mixed_phrase,always,Хабаровский краевой парк им.Муравьева-Амурского,,,,,,,needs_review,wikidata
wd:Q16684915,microtoponym,Парк культуры имени С. М. Кирова,,,mixed_phrase,always,Парк культуры имени С. М. Кирова,,,,,,,needs_review,wikidata
wd:Q42436590,microtoponym,Парк Северный (Хабаровск),,,mixed_phrase,always,Парк Северный (Хабаровск),,,,,,,needs_review,wikidata
wd:Q13668170,microtoponym,Центральный парк культуры и отдыха (Волгоград),,,mixed_phrase,always,Центральный парк культуры и отдыха (Волгоград),,,,,,,needs_review,wikidata
wd:Q2753218,microtoponym,Шуваловский парк,,,mixed_phrase,always,Шуваловский парк,,,,,,,needs_review,wikidata
wd:Q4260920,microtoponym,Ливадийский парк,,,mixed_phrase,always,Ливадийский парк,,,,,,,needs_review,wikidata
wd:Q4248748,microtoponym,Кисловодский национальный парк,,,mixed_phrase,always,Кисловодский национальный парк,,,,,,,needs_review,wikidata
wd:Q4130225,microtoponym,Вяземский сад,,,mixed_phrase,always,Вяземский сад,,,,,,,needs_review,wikidata
wd:Q16690986,microtoponym,Райский сад,,,mixed_phrase,always,Райский сад,,,,,,,needs_review,wikidata
wd:Q4192838,microtoponym,Знаменский парк культуры и отдыха,,,mixed_phrase,always,Знаменский парк культуры и отдыха,,,,,,,needs_review,wikidata
wd:Q2036269,microtoponym,Шарташские каменные палатки,,,mixed_phrase,always,Шарташские каменные палатки,,,,,,,needs_review,wikidata
wd:Q4065167,microtoponym,Английский парк (Петергоф),,,mixed_phrase,always,Английский парк (Петергоф),,,,,,,needs_review,wikidata
wd:Q855493,microtoponym,Выставка достижений народного хозяйства,,,mixed_phrase,always,Выставка достижений народного хозяйства,,,,,,,needs_review,wikidata
wd:Q4238039,microtoponym,Красная Пресня (парк),,,mixed_phrase,always,Красная Пресня (парк),,,,,,,needs_review,wikidata
wd:Q4230231,microtoponym,Комсомольский парк,,,mixed_phrase,always,Комсомольский парк,,,,,,,needs_review,wikidata
wd:Q126877,microtoponym,Центральный парк культуры и отдыха им. Горького,,,mixed_phrase,always,Центральный парк культуры и отдыха им. Горького,,,,,,,needs_review,wikidata
wd:Q3022307,microtoponym,Сочинский дендрарий,,,mixed_phrase,always,Сочинский дендрарий,,,,,,,needs_review,wikidata
wd:Q4061458,microtoponym,Александровский парк (Петергоф),,,mixed_phrase,always,Александровский парк (Петергоф),,,,,,,needs_review,wikidata
wd:Q4271704,microtoponym,Люблинский парк,,,mixed_phrase,always,Люблинский парк,,,,,,,needs_review,wikidata
wd:Q4230233,microtoponym,Комсомольский парк,,,mixed_phrase,always,Комсомольский парк,,,,,,,needs_review,wikidata
wd:Q16653672,microtoponym,Зверинец,,,mixed_phrase,always,Зверинец,,,,,,,needs_review,wikidata
wd:Q4145697,microtoponym,Городской сад (Тверь),,,mixed_phrase,always,Городской сад (Тверь),,,,,,,needs_review,wikidata
wd:Q846554,microtoponym,Екатерининский парк,,,mixed_phrase,always,Екатерининский парк,,,,,,,needs_review,wikidata
wd:Q4230248,microtoponym,Комсомольский сад,,,mixed_phrase,always,Комсомольский сад,,,,,,,needs_review,wikidata
wd:Q4247750,microtoponym,Куракина Дача,,,mixed_phrase,always,Куракина Дача,,,,,,,needs_review,wikidata
wd:Q18510222,microtoponym,Парк_им._300-летия_Таганрога,,,mixed_phrase,always,Парк_им._300-летия_Таганрога,,,,,,,needs_review,wikidata
wd:Q16684891,microtoponym,Парк Героев Гражданской войны,,,mixed_phrase,always,Парк Героев Гражданской войны,,,,,,,needs_review,wikidata
wd:Q3364248,microtoponym,Парк «Южные культуры»,,,mixed_phrase,always,Парк «Южные культуры»,,,,,,,needs_review,wikidata
wd:Q4108779,microtoponym,Верхний сад (Петергоф),,,mixed_phrase,always,Верхний сад (Петергоф),,,,,,,needs_review,wikidata
wd:Q1472498,microtoponym,Александровский сад,,,mixed_phrase,always,Александровский сад,,,,,,,needs_review,wikidata
wd:Q4217609,microtoponym,Каунис и Тойвола,,,mixed_phrase,always,Каунис и Тойвола,,,,,,,needs_review,wikidata
wd:Q19907000,microtoponym,Алтуфьевский лесопарк,,,mixed_phrase,always,Алтуфьевский лесопарк,,,,,,,needs_review,wikidata
wd:Q652464,microtoponym,Коломенское,,,mixed_phrase,always,Коломенское,,,,,,,needs_review,wikidata
wd:Q147994,microtoponym,Царицыно (дворцово-парковый ансамбль),,,mixed_phrase,always,Царицыно (дворцово-парковый ансамбль),,,,,,,needs_review,wikidata
wd:Q4268096,microtoponym,Луговой парк,,,mixed_phrase,always,Луговой парк,,,,,,,needs_review,wikidata
wd:Q4260137,microtoponym,Летний сад (Кронштадт),,,mixed_phrase,always,Летний сад (Кронштадт),,,,,,,needs_review,wikidata
wd:Q2375145,microtoponym,Сокольники,,,mixed_phrase,always,Сокольники,,,,,,,needs_review,wikidata
wd:Q4101254,microtoponym,Быханов сад,,,mixed_phrase,always,Быханов сад,,,,,,,needs_review,wikidata
wd:Q4218191,microtoponym,Кашкадан (парк),,,mixed_phrase,always,Кашкадан (парк),,,,,,,needs_review,wikidata
wd:Q4260387,microtoponym,Лефортовский парк,,,mixed_phrase,always,Лефортовский парк,,,,,,,needs_review,wikidata
wd:Q3506346,microtoponym,Свиблово (усадьба),,,mixed_phrase,always,Свиблово (усадьба),,,,,,,needs_review,wikidata
wd:Q18121494,microtoponym,Александрино (парк),,,mixed_phrase,always,Александрино (парк),,,,,,,needs_review,wikidata
wd:Q16631819,microtoponym,Воронцовский сквер,,,mixed_phrase,always,Воронцовский сквер,,,,,,,needs_review,wikidata
wd:Q4249240,microtoponym,Лесопарк Кусково,,,mixed_phrase,always,Лесопарк Кусково,,,,,,,needs_review,wikidata
wd:Q16628536,microtoponym,Буферный парк,,,mixed_phrase,always,Буферный парк,,,,,,,needs_review,wikidata
wd:Q1812685,microtoponym,Монрепо,,,mixed_phrase,always,Монрепо,,,,,,,needs_review,wikidata
wd:Q3364400,microtoponym,Приморский парк Победы,,,mixed_phrase,always,Приморский парк Победы,,,,,,,needs_review,wikidata
wd:Q4056241,microtoponym,Автозаводский парк,,,mixed_phrase,always,Автозаводский парк,,,,,,,needs_review,wikidata
wd:Q2047101,microtoponym,Сувар,,,mixed_phrase,always,Сувар,,,,,,,needs_review,wikidata
wd:Q13668162,microtoponym,Петропавловский парк,,,mixed_phrase,always,Петропавловский парк,,,,,,,needs_review,wikidata
wd:Q16693784,microtoponym,Сад «Эрмитаж»,,,mixed_phrase,always,Сад «Эрмитаж»,,,,,,,needs_review,wikidata
wd:Q2378783,microtoponym,Парк Александрия,,,mixed_phrase,always,Парк Александрия,,,,,,,needs_review,wikidata
wd:Q24933557,microtoponym,Ивановский лесопарк,,,mixed_phrase,always,Ивановский лесопарк,,,,,,,needs_review,wikidata
wd:Q4095117,microtoponym,Ботанический сад ЮФУ,,,mixed_phrase,always,Ботанический сад ЮФУ,,,,,,,needs_review,wikidata
wd:Q4228425,microtoponym,Колонистский парк,,,mixed_phrase,always,Колонистский парк,,,,,,,needs_review,wikidata
wd:Q16665217,microtoponym,Комсомольский парк,,,mixed_phrase,always,Комсомольский парк,,,,,,,needs_review,wikidata
wd:Q16272935,microtoponym,Алое поле,,,mixed_phrase,always,Алое поле,,,,,,,needs_review,wikidata
wd:Q41672942,microtoponym,Парк культуры и отдыха имени С. М. Кирова,,,mixed_phrase,always,Парк культуры и отдыха имени С. М. Кирова,,,,,,,needs_review,wikidata
wd:Q2506336,microtoponym,Павловский парк,,,mixed_phrase,always,Павловский парк,,,,,,,needs_review,wikidata
wd:Q611337,microtoponym,Центральный парк,,,mixed_phrase,always,Центральный парк,,,,,,,needs_review,wikidata
wd:Q4169267,microtoponym,Дубки,,,mixed_phrase,always,Дубки,,,,,,,needs_review,wikidata
wd:Q1511291,microtoponym,Измайловский парк,,,mixed_phrase,always,Измайловский парк,,,,,,,needs_review,wikidata
wd:Q18407470,microtoponym,Парк Якобсруэ,,,mixed_phrase,always,Парк Якобсруэ,,,,,,,needs_review,wikidata
wd:Q15640279,microtoponym,Парк «Воксал»,,,mixed_phrase,always,Парк «Воксал»,,,,,,,needs_review,wikidata
wd:Q18406733,microtoponym,Олимпийский парк,,,mixed_phrase,always,Олимпийский парк,,,,,,,needs_review,wikidata
wd:Q4108772,microtoponym,Верхний парк (Липецк),,,mixed_phrase,always,Верхний парк (Липецк),,,,,,,needs_review,wikidata
wd:Q116780054,microtoponym,Парк с прудами (Лыткарино),,,mixed_phrase,always,Парк с прудами (Лыткарино),,,,,,,needs_review,wikidata
wd:Q128424938,microtoponym,Сквер Победы в Краснознаменске,,,mixed_phrase,always,Сквер Победы в Краснознаменске,,,,,,,needs_review,wikidata
wd:Q127605480,microtoponym,Рождественский парк,,,mixed_phrase,always,Рождественский парк,,,,,,,needs_review,wikidata
wd:Q129861876,microtoponym,Танаис,,,mixed_phrase,always,Танаис,,,,,,,needs_review,wikidata
wd:Q123421834,microtoponym,Парк имени Горького,,,mixed_phrase,always,Парк имени Горького,,,,,,,needs_review,wikidata
wd:Q128379815,microtoponym,"Сквер Победы, Дзержинский",,,mixed_phrase,always,"Сквер Победы, Дзержинский",,,,,,,needs_review,wikidata
wd:Q51078294,microtoponym,Центральный парк культуры и отдыха (Калининград),,,mixed_phrase,always,Центральный парк культуры и отдыха (Калининград),,,,,,,needs_review,wikidata
wd:Q51078468,microtoponym,Парк Победы (Калининград),,,mixed_phrase,always,Парк Победы (Калининград),,,,,,,needs_review,wikidata
wd:Q51078526,microtoponym,парк Балтийский (Калининград),,,mixed_phrase,always,парк Балтийский (Калининград),,,,,,,needs_review,wikidata
wd:Q116762445,microtoponym,Парк с липовыми аллеями,,,mixed_phrase,always,Парк с липовыми аллеями,,,,,,,needs_review,wikidata
wd:Q130642385,microtoponym,Ардатовский парк,,,mixed_phrase,always,Ардатовский парк,,,,,,,needs_review,wikidata
wd:Q112049239,microtoponym,Парк (Калуга),,,mixed_phrase,always,Парк (Калуга),,,,,,,needs_review,wikidata
wd:Q114565450,microtoponym,Прометей,,,mixed_phrase,always,Прометей,,,,,,,needs_review,wikidata
wd:Q113015070,microtoponym,Рабочий сад,,,mixed_phrase,always,Рабочий сад,,,,,,,needs_review,wikidata
wd:Q119988558,microtoponym,парк УрГУПС,,,mixed_phrase,always,парк УрГУПС,,,,,,,needs_review,wikidata
wd:Q15203,microtoponym,Дворцовый парк в Гатчине,,,mixed_phrase,always,Дворцовый парк в Гатчине,,,,,,,needs_review,wikidata
wd:Q112048767,microtoponym,Парк регулярный (Авчурино),,,mixed_phrase,always,Парк регулярный (Авчурино),,,,,,,needs_review,wikidata
wd:Q127272272,microtoponym,Соборный парк (Рязань),,,mixed_phrase,always,Соборный парк (Рязань),,,,,,,needs_review,wikidata
wd:Q123437547,microtoponym,Воронежский центральный парк,,,mixed_phrase,always,Воронежский центральный парк,,,,,,,needs_review,wikidata
wd:Q127787639,microtoponym,Академический парк,,,mixed_phrase,always,Академический парк,,,,,,,needs_review,wikidata
wd:Q113407439,microtoponym,Пышминские озерки,,,mixed_phrase,always,Пышминские озерки,,,,,,,needs_review,wikidata
wd:Q125801302,microtoponym,Парк Дружбы между Россией и Республикой Корея,,,mixed_phrase,always,Парк Дружбы между Россией и Республикой Корея,,,,,,,needs_review,wikidata
wd:Q125392729,microtoponym,Детский парк (Курган),,,mixed_phrase,always,Детский парк (Курган),,,,,,,needs_review,wikidata
wd:Q97816800,microtoponym,Парк имени Володи Дубинина (Печора),,,mixed_phrase,always,Парк имени Володи Дубинина (Печора),,,,,,,needs_review,wikidata
wd:Q123248496,microtoponym,Цветник,,,mixed_phrase,always,Цветник,,,,,,,needs_review,wikidata
wd:Q116860463,microtoponym,Правобережная улица 6А,,,mixed_phrase,always,Правобережная улица 6А,,,,,,,needs_review,wikidata
wd:Q56307132,microtoponym,Экопарк «Качкарский Мар»,,,mixed_phrase,always,Экопарк «Качкарский Мар»,,,,,,,needs_review,wikidata
wd:Q113569258,microtoponym,парк «Сосновка»,,,mixed_phrase,always,парк «Сосновка»,,,,,,,needs_review,wikidata
wd:Q119255932,microtoponym,Яблоневый сад,,,mixed_phrase,always,Яблоневый сад,,,,,,,needs_review,wikidata
wd:Q131358122,microtoponym,Парк в Капотне на набережной Москвы-реки,,,mixed_phrase,always,Парк в Капотне на набережной Москвы-реки,,,,,,,needs_review,wikidata
wd:Q116762452,microtoponym,Курдонер с круговой липовой аллеей,Курдонёр с круговой липовой аллеей,,mixed_phrase,always,Курдонер с круговой липовой аллеей,,,,,,,needs_review,wikidata
wd:Q112893304,microtoponym,летний парк «Уралмаш»,,,mixed_phrase,always,летний парк «Уралмаш»,,,,,,,needs_review,wikidata
wd:Q116754386,microtoponym,"улица Казакова 18 c1, Парк (29,0 га)",,,mixed_phrase,always,"улица Казакова 18 c1, Парк (29,0 га)",,,,,,,needs_review,wikidata
wd:Q118391258,microtoponym,Парк с прудами усадьбы Быково,,,mixed_phrase,always,Парк с прудами усадьбы Быково,,,,,,,needs_review,wikidata
wd:Q116894410,microtoponym,Парк усадьбы Братцево,,,mixed_phrase,always,Парк усадьбы Братцево,,,,,,,needs_review,wikidata
wd:Q123422062,microtoponym,Парк культуры и отдыха имени 65-й годовщины Победы в ВОВ,,,mixed_phrase,always,Парк культуры и отдыха имени 65-й годовщины Победы в ВОВ,,,,,,,needs_review,wikidata
wd:Q7505,microtoponym,Приоратский парк,,,mixed_phrase,always,Приоратский парк,,,,,,,needs_review,wikidata
wd:Q116859270,microtoponym,Ленинградский проспект 36,,,mixed_phrase,always,Ленинградский проспект 36,,,,,,,needs_review,wikidata
wd:Q116294113,microtoponym,Парк культуры и отдыха,,,mixed_phrase,always,Парк культуры и отдыха,,,,,,,needs_review,wikidata
wd:Q116920405,microtoponym,улица Косыгина 17 корпус 7 корпус концертного зала,,,mixed_phrase,always,улица Косыгина 17 корпус 7 корпус концертного зала,,,,,,,needs_review,wikidata
wd:Q131364364,microtoponym,Видновский парк культуры и отдыха,,,mixed_phrase,always,Видновский парк культуры и отдыха,,,,,,,needs_review,wikidata
wd:Q131373094,microtoponym,Тимоховский парк,,,mixed_phrase,always,Тимоховский парк,,,,,,,needs_review,wikidata
wd:Q118124713,microtoponym,Старая Сильвия,,,mixed_phrase,always,Старая Сильвия,,,,,,,needs_review,wikidata
wd:Q125912500,microtoponym,Парк победы,,,mixed_phrase,always,Парк победы,,,,,,,needs_review,wikidata
wd:Q117100835,microtoponym,Преображенский парк,,,mixed_phrase,always,Преображенский парк,,,,,,,needs_review,wikidata
wd:Q48956472,microtoponym,Парк у Дома молодежи,Парк у Дома молодёжи,,mixed_phrase,always,Парк у Дома молодежи,,,,,,,needs_review,wikidata
wd:Q116920453,microtoponym,Парк на территории института материаловедения,,,mixed_phrase,always,Парк на территории института материаловедения,,,,,,,needs_review,wikidata
wd:Q124129378,microtoponym,Фермский парк,,,mixed_phrase,always,Фермский парк,,,,,,,needs_review,wikidata
wd:Q130536892,microtoponym,Парк имени Циолковского,,,mixed_phrase,always,Парк имени Циолковского,,,,,,,needs_review,wikidata
wd:Q116374110,microtoponym,парк УГМК,,,mixed_phrase,always,парк УГМК,,,,,,,needs_review,wikidata
wd:Q114968074,microtoponym,Парк с прудами (Раек),Парк с прудами (Раёк),,mixed_phrase,always,Парк с прудами (Раек),,,,,,,needs_review,wikidata
wd:Q113649032,microtoponym,парк имени Павлика Морозова,,,mixed_phrase,always,парк имени Павлика Морозова,,,,,,,needs_review,wikidata
wd:Q127328745,microtoponym,Солнечный бульвар,,,mixed_phrase,always,Солнечный бульвар,,,,,,,needs_review,wikidata
wd:Q117035088,microtoponym,сквер имени Джавахарлала Неру,,,mixed_phrase,always,сквер имени Джавахарлала Неру,,,,,,,needs_review,wikidata
wd:Q116810492,microtoponym,Парк Дворца пионеров,,,mixed_phrase,always,Парк Дворца пионеров,,,,,,,needs_review,wikidata
wd:Q114023393,microtoponym,Парк Турбомоторного завода,,,mixed_phrase,always,Парк Турбомоторного завода,,,,,,,needs_review,wikidata
wd:Q118288269,microtoponym,Парк с гидросистемой (Зеленогорск),,,mixed_phrase,always,Парк с гидросистемой (Зеленогорск),,,,,,,needs_review,wikidata
wd:Q116894377,microtoponym,Парк усадьбы Троице-Лыково,,,mixed_phrase,always,Парк усадьбы Троице-Лыково,,,,,,,needs_review,wikidata
wd:Q127386431,microtoponym,Парк Победы (Киров),,,mixed_phrase,always,Парк Победы (Киров),,,,,,,needs_review,wikidata
wd:Q116142162,microtoponym,Петровский парк (Архангельск),,,mixed_phrase,always,Петровский парк (Архангельск),,,,,,,needs_review,wikidata
wd:Q113712315,microtoponym,Дендрологический парк-выставка,,,mixed_phrase,always,Дендрологический парк-выставка,,,,,,,needs_review,wikidata
wd:Q116770061,microtoponym,Южный парк,,,mixed_phrase,always,Южный парк,,,,,,,needs_review,wikidata
wd:Q116767371,microtoponym,Парк усадьбы Загорье,,,mixed_phrase,always,Парк усадьбы Загорье,,,,,,,needs_review,wikidata
wd:Q116910226,microtoponym,Сад Марфо-Мариинской обители,,,mixed_phrase,always,Сад Марфо-Мариинской обители,,,,,,,needs_review,wikidata
wd:Q116810379,microtoponym,Парк усадьбы Петровское Алабино,,,mixed_phrase,always,Парк усадьбы Петровское Алабино,,,,,,,needs_review,wikidata
wd:Q113367776,microtoponym,Березовая роща,Берёзовая роща,,mixed_phrase,always,Березовая роща,,,,,,,needs_review,wikidata
wd:Q130604131,microtoponym,Парк усадьбы Городище,,,mixed_phrase,always,Парк усадьбы Городище,,,,,,,needs_review,wikidata
wd:Q55657346,microtoponym,"Бугринская роща (парк, Новосибирск)",,,mixed_phrase,always,"Бугринская роща (парк, Новосибирск)",,,,,,,needs_review,wikidata
wd:Q113408740,microtoponym,Сестрорпарк,,,mixed_phrase,always,Сестрорпарк,,,,,,,needs_review,wikidata
wd:Q116812938,microtoponym,улица Льва Толстого 21,,,mixed_phrase,always,улица Льва Толстого 21,,,,,,,needs_review,wikidata
wd:Q113449900,microtoponym,парк Строителей,,,mixed_phrase,always,парк Строителей,,,,,,,needs_review,wikidata
wd:Q121141934,microtoponym,Парк (Волышево / Дорогини),,,mixed_phrase,always,Парк (Волышево / Дорогини),,,,,,,needs_review,wikidata
wd:Q106937165,microtoponym,Парк имения декабриста В. Г. Ивашева,,,mixed_phrase,always,Парк имения декабриста В. Г. Ивашева,,,,,,,needs_review,wikidata
wd:Q131360768,microtoponym,Расторгуевский парк,,,mixed_phrase,always,Расторгуевский парк,,,,,,,needs_review,wikidata
wd:Q114043919,microtoponym,сквер имени К. Т. Бабыкина,,,mixed_phrase,always,сквер имени К. Т. Бабыкина,,,,,,,needs_review,wikidata
wd:Q116920408,microtoponym,улица Косыгина 17 корпус 4 для кружковых занятий,,,mixed_phrase,always,улица Косыгина 17 корпус 4 для кружковых занятий,,,,,,,needs_review,wikidata
wd:Q126145411,microtoponym,Братский сад,,,mixed_phrase,always,Братский сад,,,,,,,needs_review,wikidata
wd:Q122998830,microtoponym,Парк усадьбы Суханово,,,mixed_phrase,always,Парк усадьбы Суханово,,,,,,,needs_review,wikidata
wd:Q111987810,microtoponym,Парк Гастелло,,,mixed_phrase,always,Парк Гастелло,,,,,,,needs_review,wikidata
wd:Q123470660,microtoponym,Парк имени 50-летия ВЛКСМ,,,mixed_phrase,always,Парк имени 50-летия ВЛКСМ,,,,,,,needs_review,wikidata
wd:Q117035077,microtoponym,Эльмашевский парк,,,mixed_phrase,always,Эльмашевский парк,,,,,,,needs_review,wikidata
wd:Q120166407,microtoponym,Парк Малевича,,,mixed_phrase,always,Парк Малевича,,,,,,,needs_review,wikidata
wd:Q124096091,microtoponym,Парк Победы (Курган),,,mixed_phrase,always,Парк Победы (Курган),,,,,,,needs_review,wikidata
wd:Q116810218,microtoponym,Парк усадьбы Измалково,,,mixed_phrase,always,Парк усадьбы Измалково,,,,,,,needs_review,wikidata
wd:Q116313438,microtoponym,Шишкинские пруды,,,mixed_phrase,always,Шишкинские пруды,,,,,,,needs_review,wikidata
wd:Q116916292,microtoponym,Сад памяти жертв авиакатастрофы над Синаем,,,mixed_phrase,always,Сад памяти жертв авиакатастрофы над Синаем,,,,,,,needs_review,wikidata
wd:Q125567181,microtoponym,Партерный сад на площади у Каскада Драконов,,,mixed_phrase,always,Партерный сад на площади у Каскада Драконов,,,,,,,needs_review,wikidata
wd:Q121267760,microtoponym,парк Педагогического университета,,,mixed_phrase,always,парк Педагогического университета,,,,,,,needs_review,wikidata
wd:Q123416521,microtoponym,Парк стадиона «Кубань»,,,mixed_phrase,always,Парк стадиона «Кубань»,,,,,,,needs_review,wikidata
wd:Q110318633,microtoponym,Парк имени Низами Гянджеви,,,mixed_phrase,always,Парк имени Низами Гянджеви,,,,,,,needs_review,wikidata
wd:Q116922983,microtoponym,Воронцовский парк,,,mixed_phrase,always,Воронцовский парк,,,,,,,needs_review,wikidata
wd:Q118747126,microtoponym,Радуга,,,mixed_phrase,always,Радуга,,,,,,,needs_review,wikidata
wd:Q114025602,microtoponym,Орловский парк,,,mixed_phrase,always,Орловский парк,,,,,,,needs_review,wikidata
wd:Q123998672,microtoponym,"Военно-патриотический центр имени Героя России, генерала армии Казанцева В.Г.",,,mixed_phrase,always,"Военно-патриотический центр имени Героя России, генерала армии Казанцева В.Г.",,,,,,,needs_review,wikidata
wd:Q132127947,microtoponym,Парк в Ляличах,,,mixed_phrase,always,Парк в Ляличах,,,,,,,needs_review,wikidata
wd:Q4345271,microtoponym,Парк Тысячелетия,,,mixed_phrase,always,Парк Тысячелетия,,,,,,,needs_review,wikidata
wd:Q4313393,microtoponym,Народный сад,,,mixed_phrase,always,Народный сад,,,,,,,needs_review,wikidata
wd:Q134695268,microtoponym,Парк 40-летия ВЛКСМ,,,mixed_phrase,always,Парк 40-летия ВЛКСМ,,,,,,,needs_review,wikidata
wd:Q4345257,microtoponym,Парк Победы (Уфа),,,mixed_phrase,always,Парк Победы (Уфа),,,,,,,needs_review,wikidata
wd:Q4361255,microtoponym,Петровский парк (Кронштадт),,,mixed_phrase,always,Петровский парк (Кронштадт),,,,,,,needs_review,wikidata
wd:Q4345253,microtoponym,Парк Победы,,,mixed_phrase,always,Парк Победы,,,,,,,needs_review,wikidata
wd:Q4319225,microtoponym,Нижний парк (Липецк),,,mixed_phrase,always,Нижний парк (Липецк),,,,,,,needs_review,wikidata
wd:Q4345299,microtoponym,Парк имени И. В. Бабушкина,,,mixed_phrase,always,Парк имени И. В. Бабушкина,,,,,,,needs_review,wikidata
wd:Q4345342,microtoponym,Парк скульптуры (Калининград),,,mixed_phrase,always,Парк скульптуры (Калининград),,,,,,,needs_review,wikidata
wd:Q4303128,microtoponym,Морозовский сад,,,mixed_phrase,always,Морозовский сад,,,,,,,needs_review,wikidata
wd:Q140372899,microtoponym,Сквер Святителя Филофея,,,mixed_phrase,always,Сквер Святителя Филофея,,,,,,,needs_review,wikidata
wd:Q4345232,microtoponym,Парк Кулибина,,,mixed_phrase,always,Парк Кулибина,,,,,,,needs_review,wikidata
wd:Q4345332,microtoponym,Парк культуры и отдыха имени Ленинского Комсомола (Махачкала),,,mixed_phrase,always,Парк культуры и отдыха имени Ленинского Комсомола (Махачкала),,,,,,,needs_review,wikidata
wd:Q4345245,microtoponym,Парк Победы (Казань),,,mixed_phrase,always,Парк Победы (Казань),,,,,,,needs_review,wikidata
wd:Q4345288,microtoponym,Парк им. В. И. Ленина (Уфа),,,mixed_phrase,always,Парк им. В. И. Ленина (Уфа),,,,,,,needs_review,wikidata
wd:Q4348479,microtoponym,Пензенский ботанический сад,,,mixed_phrase,always,Пензенский ботанический сад,,,,,,,needs_review,wikidata
wd:Q4345330,microtoponym,Парк культуры и отдыха им. М. И. Калинина,,,mixed_phrase,always,Парк культуры и отдыха им. М. И. Калинина,,,,,,,needs_review,wikidata
wd:Q4361284,microtoponym,Петровский сквер,,,mixed_phrase,always,Петровский сквер,,,,,,,needs_review,wikidata
wd:Q135441601,microtoponym,Кировская пойма,,,mixed_phrase,always,Кировская пойма,,,,,,,needs_review,wikidata
wd:Q4315883,microtoponym,Невский лесопарк,,,mixed_phrase,always,Невский лесопарк,,,,,,,needs_review,wikidata
wd:Q4394390,microtoponym,Парк «Ривьера»,,,mixed_phrase,always,Парк «Ривьера»,,,,,,,needs_review,wikidata
wd:Q4336760,microtoponym,Орлова роща,,,mixed_phrase,always,Орлова роща,,,,,,,needs_review,wikidata
wd:Q4290264,microtoponym,Мемориальный парк «Победа»,,,mixed_phrase,always,Мемориальный парк «Победа»,,,,,,,needs_review,wikidata
wd:Q4378719,microtoponym,Приморский парк (Таганрог),,,mixed_phrase,always,Приморский парк (Таганрог),,,,,,,needs_review,wikidata
wd:Q4351676,microtoponym,Перовский парк,,,mixed_phrase,always,Перовский парк,,,,,,,needs_review,wikidata
wd:Q4345329,microtoponym,Парк культуры и отдыха им. Ивана Якутова,,,mixed_phrase,always,Парк культуры и отдыха им. Ивана Якутова,,,,,,,needs_review,wikidata
wd:Q4345228,microtoponym,Парк Кирова (Стерлитамак),,,mixed_phrase,always,Парк Кирова (Стерлитамак),,,,,,,needs_review,wikidata
wd:Q4290201,microtoponym,Мемориально-парковый комплекс героев Первой мировой войны,,,mixed_phrase,always,Мемориально-парковый комплекс героев Первой мировой войны,,,,,,,needs_review,wikidata
wd:Q4345319,microtoponym,Парк камней,,,mixed_phrase,always,Парк камней,,,,,,,needs_review,wikidata
wd:Q4345262,microtoponym,Парк Пушкина (Нижний Новгород),,,mixed_phrase,always,Парк Пушкина (Нижний Новгород),,,,,,,needs_review,wikidata
wd:Q4345337,microtoponym,Парк патриотов,,,mixed_phrase,always,Парк патриотов,,,,,,,needs_review,wikidata
wd:Q133248733,microtoponym,Духовно-мемориальный комплекс (Ялуторовск),,,mixed_phrase,always,Духовно-мемориальный комплекс (Ялуторовск),,,,,,,needs_review,wikidata
wd:Q4361257,microtoponym,Петровский парк,,,mixed_phrase,always,Петровский парк,,,,,,,needs_review,wikidata
wd:Q4345263,microtoponym,Парк Сосновая поляна,,,mixed_phrase,always,Парк Сосновая поляна,,,,,,,needs_review,wikidata
wd:Q139527118,microtoponym,Японский сад в Москве,,,mixed_phrase,always,Японский сад в Москве,,,,,,,needs_review,wikidata
wd:Q4322920,microtoponym,Ново-Кавголовский лесопарк,,,mixed_phrase,always,Ново-Кавголовский лесопарк,,,,,,,needs_review,wikidata
wd:Q108769901,microtoponym,Парк в селе Новый Милет,,,mixed_phrase,always,Парк в селе Новый Милет,,,,,,,needs_review,wikidata
wd:Q4379048,microtoponym,Природно-исторический парк «Черкизовский»,,,mixed_phrase,always,Природно-исторический парк «Черкизовский»,,,,,,,needs_review,wikidata
wd:Q140299245,microtoponym,Парк Победы,,,mixed_phrase,always,Парк Победы,,,,,,,needs_review,wikidata
wd:Q134695265,microtoponym,Семья (парк),,,mixed_phrase,always,Семья (парк),,,,,,,needs_review,wikidata
wd:Q4345224,microtoponym,Парк Дружба,,,mixed_phrase,always,Парк Дружба,,,,,,,needs_review,wikidata
wd:Q139487803,microtoponym,Парк имени Дурова,,,mixed_phrase,always,Парк имени Дурова,,,,,,,needs_review,wikidata
wd:Q133796139,microtoponym,Парк Трагхайм,,,mixed_phrase,always,Парк Трагхайм,,,,,,,needs_review,wikidata
wd:Q4349454,microtoponym,Первомайский сквер,,,mixed_phrase,always,Первомайский сквер,,,,,,,needs_review,wikidata
wd:Q4379066,microtoponym,Природный парк «Тушинский»,,,mixed_phrase,always,Природный парк «Тушинский»,,,,,,,needs_review,wikidata
wd:Q4363635,microtoponym,Пискаревский парк,Пискарёвский парк,,mixed_phrase,always,Пискаревский парк,,,,,,,needs_review,wikidata
wd:Q4345272,microtoponym,Парк Харинка,,,mixed_phrase,always,Парк Харинка,,,,,,,needs_review,wikidata
wd:Q4345300,microtoponym,Парк имени Коста Хетагурова,,,mixed_phrase,always,Парк имени Коста Хетагурова,,,,,,,needs_review,wikidata
wd:Q4345331,microtoponym,Парк культуры и отдыха им. Горького (Таганрог),,,mixed_phrase,always,Парк культуры и отдыха им. Горького (Таганрог),,,,,,,needs_review,wikidata
wd:Q4345274,microtoponym,Парк Центрального района Барнаула,,,mixed_phrase,always,Парк Центрального района Барнаула,,,,,,,needs_review,wikidata
wd:Q4345298,microtoponym,Парк имени Воровского,,,mixed_phrase,always,Парк имени Воровского,,,,,,,needs_review,wikidata
wd:Q4345191,microtoponym,Парк-музей имени А. К. Толстого,,,mixed_phrase,always,Парк-музей имени А. К. Толстого,,,,,,,needs_review,wikidata
wd:Q141192258,microtoponym,Загородный парк,,,mixed_phrase,always,Загородный парк,,,,,,,needs_review,wikidata
wd:Q4345197,microtoponym,Парк 30-летия района Ясенево,,,mixed_phrase,always,Парк 30-летия района Ясенево,,,,,,,needs_review,wikidata
wd:Q138768751,microtoponym,Центральный парк имени Кирова,,,mixed_phrase,always,Центральный парк имени Кирова,,,,,,,needs_review,wikidata
wd:Q4345281,microtoponym,Парк Юность,,,mixed_phrase,always,Парк Юность,,,,,,,needs_review,wikidata
wd:Q4345336,microtoponym,Парк пионеров,,,mixed_phrase,always,Парк пионеров,,,,,,,needs_review,wikidata
wd:Q110318614,microtoponym,Пальмира,,,mixed_phrase,always,Пальмира,,,,,,,needs_review,wikidata
wd:Q136694505,microtoponym,Парк Победы (Ульяновск),,,mixed_phrase,always,Парк Победы (Ульяновск),,,,,,,needs_review,wikidata
wd:Q131797804,microtoponym,Парк усадьбы Истье,,,mixed_phrase,always,Парк усадьбы Истье,,,,,,,needs_review,wikidata
wd:Q4345234,microtoponym,Парк Ленина (Выборг),,,mixed_phrase,always,Парк Ленина (Выборг),,,,,,,needs_review,wikidata
wd:Q4345237,microtoponym,Парк Макса Ашманна,,,mixed_phrase,always,Парк Макса Ашманна,,,,,,,needs_review,wikidata
wd:Q4345256,microtoponym,Парк Победы (Тверь),,,mixed_phrase,always,Парк Победы (Тверь),,,,,,,needs_review,wikidata
wd:Q4345208,microtoponym,Парк Авиастроителей,,,mixed_phrase,always,Парк Авиастроителей,,,,,,,needs_review,wikidata
wd:Q139899888,microtoponym,парк Акведук,,,mixed_phrase,always,парк Акведук,,,,,,,needs_review,wikidata
wd:Q4345242,microtoponym,Парк Ольденбургского,,,mixed_phrase,always,Парк Ольденбургского,,,,,,,needs_review,wikidata
wd:Q4345235,microtoponym,Парк Липки,,,mixed_phrase,always,Парк Липки,,,,,,,needs_review,wikidata
wd:Q4345302,microtoponym,Парк имени М. В. Фрунзе (Сочи),,,mixed_phrase,always,Парк имени М. В. Фрунзе (Сочи),,,,,,,needs_review,wikidata
wd:Q4304236,microtoponym,Московский парк Победы,,,mixed_phrase,always,Московский парк Победы,,,,,,,needs_review,wikidata
wd:Q138263779,microtoponym,Филатов луг,,,mixed_phrase,always,Филатов луг,,,,,,,needs_review,wikidata
wd:Q140288578,microtoponym,Сквер имени Жукова (Калуга),,,mixed_phrase,always,Сквер имени Жукова (Калуга),,,,,,,needs_review,wikidata
wd:Q4333022,microtoponym,Октябрьская площадь (Екатеринбург),,,mixed_phrase,always,Октябрьская площадь (Екатеринбург),,,,,,,needs_review,wikidata
wd:Q131417852,microtoponym,экотропа ВДНХ,,,mixed_phrase,always,экотропа ВДНХ,,,,,,,needs_review,wikidata
wd:Q134444188,microtoponym,Владимирский сад,,,mixed_phrase,always,Владимирский сад,,,,,,,needs_review,wikidata
wd:Q4345202,microtoponym,Парк «Дружба»,,,mixed_phrase,always,Парк «Дружба»,,,,,,,needs_review,wikidata
wd:Q138821780,microtoponym,Митрополичий сад,,,mixed_phrase,always,Митрополичий сад,,,,,,,needs_review,wikidata
wd:Q4345328,microtoponym,Парк культуры и отдыха им. 500-летия г. Чебоксары,,,mixed_phrase,always,Парк культуры и отдыха им. 500-летия г. Чебоксары,,,,,,,needs_review,wikidata
wd:Q137774299,microtoponym,Горный парк имени Павла Петровича Бажова,,,mixed_phrase,always,Горный парк имени Павла Петровича Бажова,,,,,,,needs_review,wikidata
wd:Q132781183,microtoponym,Пруд Чернавка,,,mixed_phrase,always,Пруд Чернавка,,,,,,,needs_review,wikidata
wd:Q4345248,microtoponym,Парк Победы (Нижний Новгород),,,mixed_phrase,always,Парк Победы (Нижний Новгород),,,,,,,needs_review,wikidata
wd:Q4345210,microtoponym,Парк Авиаторов (Москва),,,mixed_phrase,always,Парк Авиаторов (Москва),,,,,,,needs_review,wikidata
wd:Q137465758,microtoponym,Сквер имени Перовской,,,mixed_phrase,always,Сквер имени Перовской,,,,,,,needs_review,wikidata
wd:Q4361256,microtoponym,Петровский парк (Москва),,,mixed_phrase,always,Петровский парк (Москва),,,,,,,needs_review,wikidata
wd:Q137656825,microtoponym,Аллея Тысячи сосен,,,mixed_phrase,always,Аллея Тысячи сосен,,,,,,,needs_review,wikidata
wd:Q134931068,microtoponym,Покровский берег,,,mixed_phrase,always,Покровский берег,,,,,,,needs_review,wikidata
wd:Q132145803,microtoponym,Сквер на Мячковском бульваре,,,mixed_phrase,always,Сквер на Мячковском бульваре,,,,,,,needs_review,wikidata
wd:Q4345325,microtoponym,Парк культуры и отдыха Пролетарского района Тулы,,,mixed_phrase,always,Парк культуры и отдыха Пролетарского района Тулы,,,,,,,needs_review,wikidata
wd:Q4369708,microtoponym,Полежаевский парк,,,mixed_phrase,always,Полежаевский парк,,,,,,,needs_review,wikidata
wd:Q4404475,microtoponym,Сад Аквариум,,,mixed_phrase,always,Сад Аквариум,,,,,,,needs_review,wikidata
wd:Q107983140,microtoponym,Центральный парк культуры и отдыха (Йошкар-Ола),,,mixed_phrase,always,Центральный парк культуры и отдыха (Йошкар-Ола),,,,,,,needs_review,wikidata
wd:Q107136107,microtoponym,Парк «Свирская Победа» (Лодейное Поле),,,mixed_phrase,always,Парк «Свирская Победа» (Лодейное Поле),,,,,,,needs_review,wikidata
wd:Q56249663,microtoponym,Парк Тюфелева роща,,,mixed_phrase,always,Парк Тюфелева роща,,,,,,,needs_review,wikidata
wd:Q86664180,microtoponym,Лесопарк Гагарка,,,mixed_phrase,always,Лесопарк Гагарка,,,,,,,needs_review,wikidata
wd:Q96970870,microtoponym,Парк пионеров-героев,,,mixed_phrase,always,Парк пионеров-героев,,,,,,,needs_review,wikidata
wd:Q85420805,microtoponym,парк Металлургов,,,mixed_phrase,always,парк Металлургов,,,,,,,needs_review,wikidata
wd:Q64760090,microtoponym,Парк «Александрова Дача» (Павловск),,,mixed_phrase,always,Парк «Александрова Дача» (Павловск),,,,,,,needs_review,wikidata
wd:Q107616872,microtoponym,Гончаровский парк (Москва),,,mixed_phrase,always,Гончаровский парк (Москва),,,,,,,needs_review,wikidata
wd:Q107560105,microtoponym,«Зеленая дача» (Шуваловский парк),«Зелёная дача» (Шуваловский парк),,mixed_phrase,always,«Зеленая дача» (Шуваловский парк),,,,,,,needs_review,wikidata
wd:Q50380391,microtoponym,Сад Девятого Января,,,mixed_phrase,always,Сад Девятого Января,,,,,,,needs_review,wikidata
wd:Q51881832,microtoponym,Парк имени Юрия Гагарина,,,mixed_phrase,always,Парк имени Юрия Гагарина,,,,,,,needs_review,wikidata
wd:Q86663409,microtoponym,Лесопарк Разлив,,,mixed_phrase,always,Лесопарк Разлив,,,,,,,needs_review,wikidata
wd:Q84606052,microtoponym,Центральный парк культуры и отдыха имени В. П. Поляничко,,,mixed_phrase,always,Центральный парк культуры и отдыха имени В. П. Поляничко,,,,,,,needs_review,wikidata
wd:Q54841702,microtoponym,Парк Дзержинского (Новосибирск),,,mixed_phrase,always,Парк Дзержинского (Новосибирск),,,,,,,needs_review,wikidata
wd:Q62122615,microtoponym,Парк технических видов спорта,,,mixed_phrase,always,Парк технических видов спорта,,,,,,,needs_review,wikidata
wd:Q106942072,microtoponym,Парк 50-летия Октября (Махачкала),,,mixed_phrase,always,Парк 50-летия Октября (Махачкала),,,,,,,needs_review,wikidata
wd:Q55659040,microtoponym,Парк Кирова (Новосибирск),,,mixed_phrase,always,Парк Кирова (Новосибирск),,,,,,,needs_review,wikidata
wd:Q86664935,microtoponym,Парк имени Гагарина,,,mixed_phrase,always,Парк имени Гагарина,,,,,,,needs_review,wikidata
wd:Q86675577,microtoponym,Парк Победы,,,mixed_phrase,always,Парк Победы,,,,,,,needs_review,wikidata
wd:Q65224578,microtoponym,Исторический сквер,,,mixed_phrase,always,Исторический сквер,,,,,,,needs_review,wikidata
wd:Q63489450,microtoponym,Кузьминка,,,mixed_phrase,always,Кузьминка,,,,,,,needs_review,wikidata
wd:Q100882660,microtoponym,Губернаторский сад (Нижний Новгород),,,mixed_phrase,always,Губернаторский сад (Нижний Новгород),,,,,,,needs_review,wikidata
wd:Q95951956,microtoponym,Детский парк (Саратов),,,mixed_phrase,always,Детский парк (Саратов),,,,,,,needs_review,wikidata
wd:Q107134327,microtoponym,Парк усадьбы Гостилицы,,,mixed_phrase,always,Парк усадьбы Гостилицы,,,,,,,needs_review,wikidata
wd:Q65125442,microtoponym,Парк Оружейника Драгунова,,,mixed_phrase,always,Парк Оружейника Драгунова,,,,,,,needs_review,wikidata
wd:Q84953746,microtoponym,Парк Железнодорожников,,,mixed_phrase,always,Парк Железнодорожников,,,,,,,needs_review,wikidata
wd:Q65123467,microtoponym,Тарховка,,,mixed_phrase,always,Тарховка,,,,,,,needs_review,wikidata
wd:Q96631147,microtoponym,Парк имени Хусейна бен Талала,,,mixed_phrase,always,Парк имени Хусейна бен Талала,,,,,,,needs_review,wikidata
wd:Q66125135,microtoponym,Сад Скульптуры (Выборг),,,mixed_phrase,always,Сад Скульптуры (Выборг),,,,,,,needs_review,wikidata
wd:Q86089060,microtoponym,Пищевик,,,mixed_phrase,always,Пищевик,,,,,,,needs_review,wikidata
wd:Q51078877,microtoponym,Парк Миниатюр архитектурных шедевров России,,,mixed_phrase,always,Парк Миниатюр архитектурных шедевров России,,,,,,,needs_review,wikidata
wd:Q59689624,microtoponym,Сквер Реброва,,,mixed_phrase,always,Сквер Реброва,,,,,,,needs_review,wikidata
wd:Q84713833,microtoponym,Сад имени А. Н. Малишевского,,,mixed_phrase,always,Сад имени А. Н. Малишевского,,,,,,,needs_review,wikidata
wd:Q68024042,microtoponym,Парк ангелов,,,mixed_phrase,always,Парк ангелов,,,,,,,needs_review,wikidata
wd:Q63397666,microtoponym,Ахлебиновская роща,,,mixed_phrase,always,Ахлебиновская роща,,,,,,,needs_review,wikidata
wd:Q84769513,microtoponym,парк Строителей,,,mixed_phrase,always,парк Строителей,,,,,,,needs_review,wikidata
wd:Q73687567,microtoponym,Заельцовский парк,,,mixed_phrase,always,Заельцовский парк,,,,,,,needs_review,wikidata
wd:Q65300712,microtoponym,Парк имени Карима Тинчурина,,,mixed_phrase,always,Парк имени Карима Тинчурина,,,,,,,needs_review,wikidata
wd:Q86665076,microtoponym,Краевой парк им. Н. Н. Муравьева-Амурского,Краевой парк им. Н. Н. Муравьёва-Амурского,,mixed_phrase,always,Краевой парк им. Н. Н. Муравьева-Амурского,,,,,,,needs_review,wikidata
wd:Q86665106,microtoponym,Парк Северный,,,mixed_phrase,always,Парк Северный,,,,,,,needs_review,wikidata
wd:Q50272464,microtoponym,Парк Лесотехнической академии,,,mixed_phrase,always,Парк Лесотехнической академии,,,,,,,needs_review,wikidata
wd:Q50937084,microtoponym,Гидростроитель,,,mixed_phrase,always,Гидростроитель,,,,,,,needs_review,wikidata
wd:Q107133890,microtoponym,Дворцово-парковый комплекс «Приорат» (Гатчина),,,mixed_phrase,always,Дворцово-парковый комплекс «Приорат» (Гатчина),,,,,,,needs_review,wikidata
wd:Q64759920,microtoponym,Отдельный парк,,,mixed_phrase,always,Отдельный парк,,,,,,,needs_review,wikidata
wd:Q84728665,microtoponym,Парк Машиностроителей,,,mixed_phrase,always,Парк Машиностроителей,,,,,,,needs_review,wikidata
wd:Q99682411,microtoponym,Архиерейский сад,,,mixed_phrase,always,Архиерейский сад,,,,,,,needs_review,wikidata
wd:Q86671657,microtoponym,Парк «За Саймой»,,,mixed_phrase,always,Парк «За Саймой»,,,,,,,needs_review,wikidata
wd:Q53958098,microtoponym,Екатерининский парк в Кронштадте,,,mixed_phrase,always,Екатерининский парк в Кронштадте,,,,,,,needs_review,wikidata
wd:Q106225644,microtoponym,Березовая роща,,,mixed_phrase,always,Березовая роща,,,,,,,needs_review,wikidata
wd:Q71940009,microtoponym,Екатерининский дендрологический парк,,,mixed_phrase,always,Екатерининский дендрологический парк,,,,,,,needs_review,wikidata
wd:Q98522457,microtoponym,Парк Дружбы народов (Ульяновск),,,mixed_phrase,always,Парк Дружбы народов (Ульяновск),,,,,,,needs_review,wikidata
wd:Q25394373,microtoponym,Нагорный парк,,,mixed_phrase,always,Нагорный парк,,,,,,,needs_review,wikidata
wd:Q4475863,microtoponym,Университетская роща ТГУ,,,mixed_phrase,always,Университетская роща ТГУ,,,,,,,needs_review,wikidata
wd:Q4429057,microtoponym,Сормовский парк,,,mixed_phrase,always,Сормовский парк,,,,,,,needs_review,wikidata
wd:Q29293628,microtoponym,Балка имени Игоря Рябинина,,,mixed_phrase,always,Балка имени Игоря Рябинина,,,,,,,needs_review,wikidata
wd:Q4504331,microtoponym,Центральный парк культуры и отдыха (Курган),,,mixed_phrase,always,Центральный парк культуры и отдыха (Курган),,,,,,,needs_review,wikidata
wd:Q4495944,microtoponym,Харитоновский сад,,,mixed_phrase,always,Харитоновский сад,,,,,,,needs_review,wikidata
wd:Q28667841,microtoponym,Александровский сад,,,mixed_phrase,always,Александровский сад,,,,,,,needs_review,wikidata
wd:Q37896692,microtoponym,Нижне-Исетский лесопарк,,,mixed_phrase,always,Нижне-Исетский лесопарк,,,,,,,needs_review,wikidata
wd:Q19909079,microtoponym,Рогожинский парк,,,mixed_phrase,always,Рогожинский парк,,,,,,,needs_review,wikidata
wd:Q30889591,microtoponym,Парк Имени Андрея Сулина,,,mixed_phrase,always,Парк Имени Андрея Сулина,,,,,,,needs_review,wikidata
wd:Q4521742,microtoponym,Швейцария (парк),,,mixed_phrase,always,Швейцария (парк),,,,,,,needs_review,wikidata
wd:Q4518730,microtoponym,Черное озеро (парк),Чёрное озеро (парк),,mixed_phrase,always,Черное озеро (парк),,,,,,,needs_review,wikidata
wd:Q21644587,microtoponym,Строгинская пойма,,,mixed_phrase,always,Строгинская пойма,,,,,,,needs_review,wikidata
wd:Q21002460,microtoponym,Сквер «У шлагбаума»,,,mixed_phrase,always,Сквер «У шлагбаума»,,,,,,,needs_review,wikidata
wd:Q21640753,microtoponym,Крылья Советов,,,mixed_phrase,always,Крылья Советов,,,,,,,needs_review,wikidata
wd:Q28465643,microtoponym,Парк имени Октябрьской революции (Ростов-на-Дону),,,mixed_phrase,always,Парк имени Октябрьской революции (Ростов-на-Дону),,,,,,,needs_review,wikidata
wd:Q4404479,microtoponym,Сад Блонье,,,mixed_phrase,always,Сад Блонье,,,,,,,needs_review,wikidata
wd:Q21468226,microtoponym,Собственная дача,,,mixed_phrase,always,Собственная дача,,,,,,,needs_review,wikidata
wd:Q4504339,microtoponym,Центральный парк культуры и отдыха имени Маяковского,,,mixed_phrase,always,Центральный парк культуры и отдыха имени Маяковского,,,,,,,needs_review,wikidata
wd:Q4408450,microtoponym,Саратовский ГПКиО имени М. Горького,,,mixed_phrase,always,Саратовский ГПКиО имени М. Горького,,,,,,,needs_review,wikidata
wd:Q4457432,microtoponym,Тимирязевский парк,,,mixed_phrase,always,Тимирязевский парк,,,,,,,needs_review,wikidata
wd:Q25395976,microtoponym,Верхний парк,,,mixed_phrase,always,Верхний парк,,,,,,,needs_review,wikidata
wd:Q4404671,microtoponym,Парк имени Ю. М. Лужкова,,,mixed_phrase,always,Парк имени Ю. М. Лужкова,,,,,,,needs_review,wikidata
wd:Q30889837,microtoponym,Парк Осипа Бове,,,mixed_phrase,always,Парк Осипа Бове,,,,,,,needs_review,wikidata
wd:Q4513196,microtoponym,Черкизовский парк (Пушкинский район),,,mixed_phrase,always,Черкизовский парк (Пушкинский район),,,,,,,needs_review,wikidata
wd:Q4483274,microtoponym,Фестивальный парк,,,mixed_phrase,always,Фестивальный парк,,,,,,,needs_review,wikidata
wd:Q37969411,microtoponym,Парк культуры и отдыха имени 30-летия Победы,,,mixed_phrase,always,Парк культуры и отдыха имени 30-летия Победы,,,,,,,needs_review,wikidata
wd:Q28667623,microtoponym,Парк культуры и отдыха им. А.П. Гайдара,,,mixed_phrase,always,Парк культуры и отдыха им. А.П. Гайдара,,,,,,,needs_review,wikidata
wd:Q37968760,microtoponym,Парк Победы,,,mixed_phrase,always,Парк Победы,,,,,,,needs_review,wikidata
wd:Q25396796,microtoponym,Дворянское гнездо,,,mixed_phrase,always,Дворянское гнездо,,,,,,,needs_review,wikidata
wd:Q29293934,microtoponym,Парк имени Анатолия Собино,,,mixed_phrase,always,Парк имени Анатолия Собино,,,,,,,needs_review,wikidata
wd:Q37969414,microtoponym,Чистяковская роща,,,mixed_phrase,always,Чистяковская роща,,,,,,,needs_review,wikidata
wd:Q4404491,microtoponym,Сад имени Н. Э. Баумана,,,mixed_phrase,always,Сад имени Н. Э. Баумана,,,,,,,needs_review,wikidata
wd:Q37969409,microtoponym,Парк имени сорокалетия Октября,,,mixed_phrase,always,Парк имени сорокалетия Октября,,,,,,,needs_review,wikidata
wd:Q4449600,microtoponym,Таганский парк,,,mixed_phrase,always,Таганский парк,,,,,,,needs_review,wikidata
wd:Q4531687,microtoponym,Эммануэлевский парк,,,mixed_phrase,always,Эммануэлевский парк,,,,,,,needs_review,wikidata
wd:Q21654494,microtoponym,Национальный конный парк «Русь»,,,mixed_phrase,always,Национальный конный парк «Русь»,,,,,,,needs_review,wikidata
wd:Q13668124,microtoponym,Каменный Лог (Липецк),,,mixed_phrase,always,Каменный Лог (Липецк),,,,,,,needs_review,wikidata
wd:Q37803962,microtoponym,Горлесопарк Лебяжье,,,mixed_phrase,always,Горлесопарк Лебяжье,,,,,,,needs_review,wikidata
wd:Q21644540,microtoponym,"Одинцовский парк культуры, спорта и отдыха",,,mixed_phrase,always,"Одинцовский парк культуры, спорта и отдыха",,,,,,,needs_review,wikidata
wd:Q37963016,microtoponym,Уктусский лесопарк,,,mixed_phrase,always,Уктусский лесопарк,,,,,,,needs_review,wikidata
wd:Q28465494,microtoponym,Лога,,,mixed_phrase,always,Лога,,,,,,,needs_review,wikidata
wd:Q27437545,microtoponym,парк Школьников,,,mixed_phrase,always,парк Школьников,,,,,,,needs_review,wikidata
wd:Q19916406,microtoponym,Парк чернобыльцев,,,mixed_phrase,always,Парк чернобыльцев,,,,,,,needs_review,wikidata
wd:Q29287877,microtoponym,Парк Авиаторов (Ростов-на-Дону),,,mixed_phrase,always,Парк Авиаторов (Ростов-на-Дону),,,,,,,needs_review,wikidata
wd:Q4504337,microtoponym,Центральный парк культуры и отдыха имени Мажита Гафури,,,mixed_phrase,always,Центральный парк культуры и отдыха имени Мажита Гафури,,,,,,,needs_review,wikidata
wd:Q37817887,microtoponym,Калиновский Лесопарк,,,mixed_phrase,always,Калиновский Лесопарк,,,,,,,needs_review,wikidata
wd:Q13668122,microtoponym,Удельный парк,,,mixed_phrase,always,Удельный парк,,,,,,,needs_review,wikidata
wd:Q13668149,microtoponym,Парк культуры и отдыха имени Максима Горького (Ростов-на-Дону),,,mixed_phrase,always,Парк культуры и отдыха имени Максима Горького (Ростов-на-Дону),,,,,,,needs_review,wikidata
wd:Q4421715,microtoponym,Сквер имени Ф. М. Решетникова,,,mixed_phrase,always,Сквер имени Ф. М. Решетникова,,,,,,,needs_review,wikidata
wd:Q4449599,microtoponym,Таганский парк (Екатеринбург),,,mixed_phrase,always,Таганский парк (Екатеринбург),,,,,,,needs_review,wikidata
wd:Q21636064,microtoponym,Березовая роща,Берёзовая роща,,mixed_phrase,always,Березовая роща,,,,,,,needs_review,wikidata
wd:Q21641331,microtoponym,Лядской сад,,,mixed_phrase,always,Лядской сад,,,,,,,needs_review,wikidata
wd:Q4429732,microtoponym,Сосновый Лес (урочище),,,mixed_phrase,always,Сосновый Лес (урочище),,,,,,,needs_review,wikidata
wd:Q4404478,microtoponym,Сад Бенуа,,,mixed_phrase,always,Сад Бенуа,,,,,,,needs_review,wikidata
wd:Q21645779,microtoponym,Щукинский лесопарк,,,mixed_phrase,always,Щукинский лесопарк,,,,,,,needs_review,wikidata
wd:Q4504335,microtoponym,Центральный парк культуры и отдыха им. Горького,,,mixed_phrase,always,Центральный парк культуры и отдыха им. Горького,,,,,,,needs_review,wikidata
wd:Q37857779,microtoponym,Лесопарк Лесоводов России,,,mixed_phrase,always,Лесопарк Лесоводов России,,,,,,,needs_review,wikidata
wd:Q4444064,microtoponym,Строгановская дача,,,mixed_phrase,always,Строгановская дача,,,,,,,needs_review,wikidata
wd:Q13668132,microtoponym,Милютинский сад,,,mixed_phrase,always,Милютинский сад,,,,,,,needs_review,wikidata
wd:Q28466596,microtoponym,Детский парк имени Вити Черевичкина,,,mixed_phrase,always,Детский парк имени Вити Черевичкина,,,,,,,needs_review,wikidata
wd:Q25396107,microtoponym,Парк культуры и отдыха,,,mixed_phrase,always,Парк культуры и отдыха,,,,,,,needs_review,wikidata
wd:Q4417968,microtoponym,Дубки,,,mixed_phrase,always,Дубки,,,,,,,needs_review,wikidata
wd:Q21287163,microtoponym,Петровский парк (Выборг),,,mixed_phrase,always,Петровский парк (Выборг),,,,,,,needs_review,wikidata
wd:Q4404492,microtoponym,Сад имени Салавата Юлаева,,,mixed_phrase,always,Сад имени Салавата Юлаева,,,,,,,needs_review,wikidata
wd:Q23304777,microtoponym,Первомайский сад,,,mixed_phrase,always,Первомайский сад,,,,,,,needs_review,wikidata
wd:Q13668143,microtoponym,Городской сад (Курган),,,mixed_phrase,always,Городской сад (Курган),,,,,,,needs_review,wikidata
wd:Q19909165,microtoponym,Щепкинский лес,,,mixed_phrase,always,Щепкинский лес,,,,,,,needs_review,wikidata
wd:Q13668128,microtoponym,Зеленая Роща,Зелёная Роща,,mixed_phrase,always,Зеленая Роща,,,,,,,needs_review,wikidata
wd:Q29347389,microtoponym,Парк имени Октября (Ростов-на-Дону),,,mixed_phrase,always,Парк имени Октября (Ростов-на-Дону),,,,,,,needs_review,wikidata
wd:Q20279500,microtoponym,Парк Северного речного вокзала,,,mixed_phrase,always,Парк Северного речного вокзала,,,,,,,needs_review,wikidata
wd:Q4404480,microtoponym,Сад Ермака,,,mixed_phrase,always,Сад Ермака,,,,,,,needs_review,wikidata
wd:Q21406859,microtoponym,У моря Обского (парк),,,mixed_phrase,always,У моря Обского (парк),,,,,,,needs_review,wikidata
wd:Q25396450,microtoponym,Средний парк,,,mixed_phrase,always,Средний парк,,,,,,,needs_review,wikidata
wd:Q4493322,microtoponym,Фуксовский сад,,,mixed_phrase,always,Фуксовский сад,,,,,,,needs_review,wikidata
wd:Q25394485,microtoponym,Парк Мира,,,mixed_phrase,always,Парк Мира,,,,,,,needs_review,wikidata
wd:Q28465819,microtoponym,Елизаветинский парк (Таганрог),,,mixed_phrase,always,Елизаветинский парк (Таганрог),,,,,,,needs_review,wikidata
wd:Q4410311,microtoponym,Светлая Поляна (эколого-этнографический парк),,,mixed_phrase,always,Светлая Поляна (эколого-этнографический парк),,,,,,,needs_review,wikidata
wd:Q28925065,microtoponym,Парк имени 1 Мая (Ростов-на-Дону),,,mixed_phrase,always,Парк имени 1 Мая (Ростов-на-Дону),,,,,,,needs_review,wikidata
wd:Q13668155,microtoponym,Парк культуры и отдыха имени Николая Островского,,,mixed_phrase,always,Парк культуры и отдыха имени Николая Островского,,,,,,,needs_review,wikidata
wd:Q37969081,microtoponym,Парк Имени Гагарина,,,mixed_phrase,always,Парк Имени Гагарина,,,,,,,needs_review,wikidata
wd:Q4504336,microtoponym,Центральный парк культуры и отдыха им. П. П. Белоусова,,,mixed_phrase,always,Центральный парк культуры и отдыха им. П. П. Белоусова,,,,,,,needs_review,wikidata
wd:Q25396461,microtoponym,Нижний парк,,,mixed_phrase,always,Нижний парк,,,,,,,needs_review,wikidata
wd:Q37963020,microtoponym,Шувакишский лесопарк,,,mixed_phrase,always,Шувакишский лесопарк,,,,,,,needs_review,wikidata
wd:Q4537468,microtoponym,Ялтинский парк,,,mixed_phrase,always,Ялтинский парк,,,,,,,needs_review,wikidata
wd:Q37969390,microtoponym,Парк Гвардейский,,,mixed_phrase,always,Парк Гвардейский,,,,,,,needs_review,wikidata
wd:Q4504340,microtoponym,Центральный парк культуры и отдыха имени С. М. Кирова,,,mixed_phrase,always,Центральный парк культуры и отдыха имени С. М. Кирова,,,,,,,needs_review,wikidata
wd:Q33916748,microtoponym,Папульский парк,,,mixed_phrase,always,Папульский парк,,,,,,,needs_review,wikidata
wd:Q4533987,microtoponym,Южно-Сибирский ботанический сад,,,mixed_phrase,always,Южно-Сибирский ботанический сад,,,,,,,needs_review,wikidata
wd:Q4419397,microtoponym,Сильвия (парк),,,mixed_phrase,always,Сильвия (парк),,,,,,,needs_review,wikidata
wd:Q28792804,microtoponym,Александровский парк (Шахты),,,mixed_phrase,always,Александровский парк (Шахты),,,,,,,needs_review,wikidata
wd:Q4504332,microtoponym,Центральный парк культуры и отдыха им. В. Г. Белинского,,,mixed_phrase,always,Центральный парк культуры и отдыха им. В. Г. Белинского,,,,,,,needs_review,wikidata
