id,id_scheme,type_id,name_ru,name_yo,name_en,abbr,parent_id,admin1,lat,lon,wd,geonames,fias,oktmo,iso,status,replaced_by,source_id,source_rev,updated_at,notes
wd:Q649,wikidata,city,Москва,,Moscow,,iso:RU-MOW,RU-MOW,55.750556,37.617500,Q649,524901,,45000000,,active,,wikidata,,2026-09-11,
wd:Q656,wikidata,city,Санкт-Петербург,,Saint Petersburg,,iso:RU-SPE,RU-SPE,59.950000,30.316667,Q656,,,40000000,,active,,wikidata,,2026-09-11,
wd:Q883,wikidata,city,Новосибирск,,Novosibirsk,,iso:RU-NVS,RU-NVS,55.033333,82.916667,Q883,1496747,,50701000001,,active,,wikidata,,2026-09-11,
wd:Q887,wikidata,city,Екатеринбург,,Yekaterinburg,,iso:RU-SVE,RU-SVE,56.835556,60.612778,Q887,1486209,,65701000001,,active,,wikidata,,2026-09-11,
wd:Q900,wikidata,city,Казань,,Kazan,,iso:RU-TA,RU-TA,55.790833,49.114444,Q900,551487,,92701000001,,active,,wikidata,,2026-09-11,
wd:Q891,wikidata,city,Нижний Новгород,,Nizhny Novgorod,,iso:RU-NIZ,RU-NIZ,56.326944,44.007500,Q891,520555,,22701000001,,active,,wikidata,,2026-09-11,
wd:Q906,wikidata,city,Челябинск,,Chelyabinsk,,iso:RU-CHE,RU-CHE,55.150000,61.400000,Q906,1508291,,75701000001,,active,,wikidata,,2026-09-11,
wd:Q894,wikidata,city,Самара,,Samara,,iso:RU-SAM,RU-SAM,53.183333,50.116667,Q894,499099,,36701000001,,active,,wikidata,,2026-09-11,
wd:Q898,wikidata,city,Омск,,Omsk,,iso:RU-OMS,RU-OMS,54.966667,73.383333,Q898,1496153,,52701000001,,active,,wikidata,,2026-09-11,
wd:Q908,wikidata,city,Ростов-на-Дону,,Rostov-on-Don,,iso:RU-ROS,RU-ROS,47.222500,39.710000,Q908,501175,,60701000001,,active,,wikidata,,2026-09-11,
wd:Q911,wikidata,city,Уфа,,Ufa,,iso:RU-BA,RU-BA,54.726111,55.947500,Q911,479561,,80701000001,,active,,wikidata,,2026-09-11,
wd:Q919,wikidata,city,Красноярск,,Krasnoyarsk,,iso:RU-KYA,RU-KYA,56.008889,92.871944,Q919,1502026,,04701000001,,active,,wikidata,,2026-09-11,
wd:Q3426,wikidata,city,Воронеж,,Voronezh,,iso:RU-VOR,RU-VOR,51.671667,39.210556,Q3426,472045,,20701000001,,active,,wikidata,,2026-09-11,
wd:Q915,wikidata,city,Пермь,,Perm,,iso:RU-PER,RU-PER,58.013889,56.248889,Q915,511196,,57701000001,,active,,wikidata,,2026-09-11,
wd:Q914,wikidata,city,Волгоград,,Volgograd,,iso:RU-VGG,RU-VGG,48.708611,44.514722,Q914,472757,,18701000001,,active,,wikidata,,2026-09-11,
wd:Q3646,wikidata,city,Краснодар,,Krasnodar,,iso:RU-KDA,RU-KDA,45.033333,38.983333,Q3646,542420,,03701000001,,active,,wikidata,,2026-09-11,
wd:Q39420,wikidata,city,Сочи,,Sochi,,iso:RU-KDA,RU-KDA,43.585278,39.720278,Q39420,491422,,03726000001,,active,,wikidata,,2026-09-11,
wd:Q3118,wikidata,city,Орел,Орёл,Oryol,,iso:RU-ORL,RU-ORL,52.968611,36.069444,Q3118,515012,,54701000001,,active,,wikidata,,2026-09-11,
wd:Q7947,wikidata,city,Пушкин,,Pushkin,,iso:RU-SPE,RU-SPE,59.716667,30.416667,Q7947,504003,,40397000,,active,,wikidata,,2026-09-11,
wd:Q136435,wikidata,city,Жуковский,,Zhukovsky,,iso:RU-MOS,RU-MOS,55.601111,38.116111,Q136435,462755,,46725000001,,active,,wikidata,,2026-09-11,
wd:Q135410,wikidata,city,Домодедово,,Domodedovo,,iso:RU-MOS,RU-MOS,55.433333,37.750000,Q135410,565381,,46709000001,,active,,wikidata,,2026-09-11,
wd:Q5332,wikidata,city,Саратов,,Saratov,,iso:RU-SAR,RU-SAR,51.530000,46.035000,Q5332,498677,,63701000001,,active,,wikidata,,2026-09-11,
wd:Q5815,wikidata,city,Тюмень,,Tyumen,,iso:RU-TYU,RU-TYU,57.150000,65.533333,Q5815,1488754,,71701000001,,active,,wikidata,,2026-09-11,
wd:Q1341,wikidata,city,Тольятти,,Tolyatti,,iso:RU-SAM,RU-SAM,53.516667,49.416667,Q1341,482283,,36740000001,,active,,wikidata,,2026-09-11,
wd:Q5426,wikidata,city,Ижевск,,Izhevsk,,iso:RU-UD,RU-UD,56.850000,53.216667,Q5426,554840,,94701000001,,active,,wikidata,,2026-09-11,
wd:Q6014,wikidata,city,Барнаул,,Barnaul,,iso:RU-ALT,RU-ALT,53.356667,83.787222,Q6014,1510853,,01701000001,,active,,wikidata,,2026-09-11,
wd:Q5627,wikidata,city,Ульяновск,,Ulyanovsk,,iso:RU-ULY,RU-ULY,54.316667,48.366667,Q5627,479123,,73701000001,,active,,wikidata,,2026-09-11,
wd:Q6576,wikidata,city,Иркутск,,Irkutsk,,iso:RU-IRK,RU-IRK,52.289167,104.280000,Q6576,2023469,,25701000001,,active,,wikidata,,2026-09-11,
wd:Q4454,wikidata,city,Хабаровск,,Khabarovsk,,iso:RU-KHA,RU-KHA,48.483333,135.066667,Q4454,2022890,,08701000001,,active,,wikidata,,2026-09-11,
wd:Q2423,wikidata,city,Ярославль,,Yaroslavl,,iso:RU-YAR,RU-YAR,57.626389,39.893333,Q2423,468902,,78701000001,,active,,wikidata,,2026-09-11,
wd:Q959,wikidata,city,Владивосток,,Vladivostok,,iso:RU-PRI,RU-PRI,43.115000,131.885278,Q959,2013348,,05701000001,,active,,wikidata,,2026-09-11,
wd:Q5168,wikidata,city,Махачкала,,Makhachkala,,iso:RU-DA,RU-DA,42.982500,47.505000,Q5168,532096,,82701000001,,active,,wikidata,,2026-09-11,
wd:Q976,wikidata,city,Томск,,Tomsk,,iso:RU-TOM,RU-TOM,56.488611,84.952222,Q976,1489425,,69701000001,,active,,wikidata,,2026-09-11,
wd:Q5337,wikidata,city,Оренбург,,Orenburg,,iso:RU-ORE,RU-ORE,51.766667,55.100000,Q5337,515003,,53701000001,,active,,wikidata,,2026-09-11,
wd:Q6066,wikidata,city,Кемерово,,Kemerovo,,iso:RU-KEM,RU-KEM,55.333333,86.066667,Q6066,1503901,,32701000001,,active,,wikidata,,2026-09-11,
wd:Q93910,wikidata,city,Новокузнецк,,Novokuznetsk,,iso:RU-KEM,RU-KEM,53.750000,87.116667,Q93910,1496990,,32731000001,,active,,wikidata,,2026-09-11,
wd:Q2746,wikidata,city,Рязань,,Ryazan,,iso:RU-RYA,RU-RYA,54.630000,39.742500,Q2746,500096,,61701000001,,active,,wikidata,,2026-09-11,
wd:Q95041,wikidata,city,Набережные Челны,,Naberezhnye Chelny,,iso:RU-TA,RU-TA,55.714852,52.369653,Q95041,523750,,92730000001,,active,,wikidata,,2026-09-11,
wd:Q3927,wikidata,city,Астрахань,,Astrakhan,,iso:RU-AST,RU-AST,46.350000,48.035000,Q3927,580497,,12701000001,,active,,wikidata,,2026-09-11,
wd:Q5540,wikidata,city,Пенза,,Penza,,iso:RU-PNZ,RU-PNZ,53.200000,45.000000,Q5540,511565,,56701000001,,active,,wikidata,,2026-09-11,
wd:Q3490,wikidata,city,Липецк,,Lipetsk,,iso:RU-LIP,RU-LIP,52.616667,39.600000,Q3490,535121,,42701000001,,active,,wikidata,,2026-09-11,
wd:Q5384,wikidata,city,Киров,,Kirov,,iso:RU-KIR,RU-KIR,58.600000,49.650000,Q5384,548408,,33701000001,,active,,wikidata,,2026-09-11,
wd:Q5470,wikidata,city,Чебоксары,,Cheboksary,,iso:RU-CU,RU-CU,56.133333,47.250000,Q5470,569696,,97701000001,,active,,wikidata,,2026-09-11,
wd:Q2770,wikidata,city,Тула,,Tula,,iso:RU-TUL,RU-TUL,54.200000,37.616667,Q2770,480562,,70701000001,,active,,wikidata,,2026-09-11,
wd:Q1829,wikidata,city,Калининград,,Kaliningrad,,iso:RU-KGD,RU-KGD,54.716667,20.500000,Q1829,554234,,27701000001,,active,,wikidata,,2026-09-11,
wd:Q3159,wikidata,city,Курск,,Kursk,,iso:RU-KRS,RU-KRS,51.737222,36.187222,Q3159,538560,,38701000001,,active,,wikidata,,2026-09-11,
wd:Q6816,wikidata,city,Улан-Удэ,,Ulan-Ude,,iso:RU-BU,RU-BU,51.827222,107.606389,Q6816,7536080,,81701000001,,active,,wikidata,,2026-09-11,
wd:Q5206,wikidata,city,Ставрополь,,Stavropol,,iso:RU-STA,RU-STA,45.050000,41.983333,Q5206,487846,,07701000001,,active,,wikidata,,2026-09-11,
wd:Q95449,wikidata,city,Магнитогорск,,Magnitogorsk,,iso:RU-CHE,RU-CHE,53.383333,59.033333,Q95449,532288,,75738000001,,active,,wikidata,,2026-09-11,
wd:Q2288,wikidata,city,Тверь,,Tver,,iso:RU-TVE,RU-TVE,56.857828,35.921928,Q2288,480060,,28701000001,,active,,wikidata,,2026-09-11,
wd:Q2630,wikidata,city,Иваново,,Ivanovo,,iso:RU-IVA,RU-IVA,57.000000,41.000000,Q2630,555312,,24701000001,,active,,wikidata,,2026-09-11,
wd:Q2801,wikidata,city,Брянск,,Bryansk,,iso:RU-BRY,RU-BRY,53.242500,34.366667,Q2801,571476,,15701000001,,active,,wikidata,,2026-09-11,
wd:Q3323,wikidata,city,Белгород,,Belgorod,,iso:RU-BEL,RU-BEL,50.600000,36.600000,Q3323,578072,,14701000001,,active,,wikidata,,2026-09-11,
wd:Q183002,wikidata,city,Сургут,,Surgut,,iso:RU-KHM,RU-KHM,61.250000,73.433333,Q183002,1490624,,71876000001,,active,,wikidata,,2026-09-11,
wd:Q2684,wikidata,city,Владимир,,Vladimir,,iso:RU-VLA,RU-VLA,56.128611,40.405833,Q2684,473247,,17701000001,,active,,wikidata,,2026-09-11,
wd:Q98967,wikidata,city,Нижний Тагил,,Nizhny Tagil,,iso:RU-SVE,RU-SVE,57.916667,59.966667,Q98967,520494,,65751000001,,active,,wikidata,,2026-09-11,
wd:Q53139,wikidata,city,Чита,,Chita,,iso:RU-ZAB,RU-ZAB,52.033409,113.500893,Q53139,2025339,,76701000001,,active,,wikidata,,2026-09-11,
wd:Q1851,wikidata,city,Архангельск,,Arkhangelsk,,iso:RU-ARK,RU-ARK,64.543056,40.537500,Q1851,581049,,11701000001,,active,,wikidata,,2026-09-11,
wd:Q2837,wikidata,city,Калуга,,Kaluga,,iso:RU-KLU,RU-KLU,54.533333,36.266667,Q2837,553915,,29701000001,,active,,wikidata,,2026-09-11,
wd:Q2337,wikidata,city,Смоленск,,Smolensk,,iso:RU-SMO,RU-SMO,54.782778,32.045278,Q2337,491687,,66701000001,,active,,wikidata,,2026-09-11,
wd:Q98995,wikidata,city,Волжский,,Volzhsky,,iso:RU-VGG,RU-VGG,48.783333,44.766667,Q98995,472231,,18710000001,,active,,wikidata,,2026-09-11,
wd:Q13379,wikidata,city,Курган,,Kurgan,,iso:RU-KGN,RU-KGN,55.440833,65.341111,Q13379,1501321,,37701000001,,active,,wikidata,,2026-09-11,
wd:Q2144,wikidata,city,Череповец,,Cherepovets,,iso:RU-VLG,RU-VLG,59.133333,37.916667,Q2144,569223,,19730000001,,active,,wikidata,,2026-09-11,
wd:Q5239,wikidata,city,Владикавказ,,Vladikavkaz,,iso:RU-SE,RU-SE,43.040000,44.677500,Q5239,473249,,90701000001,,active,,wikidata,,2026-09-11,
wd:Q5196,wikidata,city,Грозный,,Grozny,,iso:RU-CE,RU-CE,43.312500,45.698611,Q5196,558418,,96701000001,,active,,wikidata,,2026-09-11,
wd:Q1763,wikidata,city,Мурманск,,Murmansk,,iso:RU-MUR,RU-MUR,68.966667,33.083333,Q1763,524305,,47701000001,,active,,wikidata,,2026-09-11,
wd:Q1957,wikidata,city,Вологда,,Vologda,,iso:RU-VLG,RU-VLG,59.216667,39.900000,Q1957,472459,,19701000001,,active,,wikidata,,2026-09-11,
wd:Q5343,wikidata,city,Саранск,,Saransk,,iso:RU-MO,RU-MO,54.183333,45.183333,Q5343,498698,,89701000001,,active,,wikidata,,2026-09-11,
wd:Q3544,wikidata,city,Тамбов,,Tambov,,iso:RU-TAM,RU-TAM,52.723056,41.453889,Q3544,484646,,68701000001,,active,,wikidata,,2026-09-11,
wd:Q196489,wikidata,city,Стерлитамак,,Sterlitamak,,iso:RU-BA,RU-BA,53.619444,55.961389,Q196489,487495,,80745000001,,active,,wikidata,,2026-09-11,
wd:Q6610,wikidata,city,Якутск,,Yakutsk,,iso:RU-SA,RU-SA,62.027222,129.731944,Q6610,2013159,,98701000001,,active,,wikidata,,2026-09-11,
wd:Q2592,wikidata,city,Кострома,,Kostroma,,iso:RU-KOS,RU-KOS,57.768056,40.926944,Q2592,543878,,34701000001,,active,,wikidata,,2026-09-11,
wd:Q154801,wikidata,city,Комсомольск-на-Амуре,,Komsomolsk-on-Amur,,iso:RU-KHA,RU-KHA,50.550000,137.000000,Q154801,2021851,,08709000001,,active,,wikidata,,2026-09-11,
wd:Q1895,wikidata,city,Петрозаводск,,Petrozavodsk,,iso:RU-KR,RU-KR,61.783333,34.350000,Q1895,509820,,86701000001,,active,,wikidata,,2026-09-11,
wd:Q170513,wikidata,city,Таганрог,,Taganrog,,iso:RU-ROS,RU-ROS,47.233333,38.900000,Q170513,484907,,60737000001,,active,,wikidata,,2026-09-11,
wd:Q172637,wikidata,city,Нижневартовск,,Nizhnevartovsk,,iso:RU-KHM,RU-KHM,60.938889,76.595000,Q172637,1497543,,71875000001,,active,,wikidata,,2026-09-11,
wd:Q5449,wikidata,city,Йошкар-Ола,,Yoshkar-Ola,,iso:RU-ME,RU-ME,56.632778,47.895833,Q5449,466806,,88701000001,,active,,wikidata,,2026-09-11,
wd:Q132732,wikidata,city,Братск,,Bratsk,,iso:RU-IRK,RU-IRK,56.152000,101.633000,Q132732,2051523,,25714000001,,active,,wikidata,,2026-09-11,
wd:Q15760,wikidata,city,Новороссийск,,Novorossiysk,,iso:RU-KDA,RU-KDA,44.716667,37.766667,Q15760,518255,,03720000001,,active,,wikidata,,2026-09-11,
wd:Q198206,wikidata,city,Шахты,,Shakhty,,iso:RU-ROS,RU-ROS,47.700000,40.233333,Q198206,496015,,60740000001,,active,,wikidata,,2026-09-11,
wd:Q5265,wikidata,city,Нальчик,,Nalchik,,iso:RU-KB,RU-KB,43.483333,43.616667,Q5265,523523,,83701000001,,active,,wikidata,,2026-09-11,
wd:Q47166,wikidata,city,Орск,,Orsk,,iso:RU-ORE,RU-ORE,51.229000,58.468100,Q47166,514734,,53723000001,,active,,wikidata,,2026-09-11,
wd:Q2143,wikidata,city,Сыктывкар,,Syktyvkar,,iso:RU-KO,RU-KO,61.666667,50.816667,Q2143,485239,,87701000001,,active,,wikidata,,2026-09-11,
wd:Q172657,wikidata,city,Нижнекамск,,Nizhnekamsk,,iso:RU-TA,RU-TA,55.633333,51.816667,Q172657,521118,,92644101001,,active,,wikidata,,2026-09-11,
wd:Q103565,wikidata,city,Ангарск,,Angarsk,,iso:RU-IRK,RU-IRK,52.566667,103.916667,Q103565,2027667,,25703000001,,active,,wikidata,,2026-09-11,
wd:Q175452,wikidata,city,Новочеркасск,,Novocherkassk,,iso:RU-ROS,RU-ROS,47.422222,40.093889,Q175452,518970,,60727000001,,active,,wikidata,,2026-09-11,
wd:Q196486,wikidata,city,Старый Оскол,,Stary Oskol,,iso:RU-BEL,RU-BEL,51.298056,37.835000,Q196486,487928,,14740000001,,active,,wikidata,,2026-09-11,
wd:Q2235,wikidata,city,Великий Новгород,,Veliky Novgorod,,iso:RU-NGR,RU-NGR,58.520990,31.275790,Q2235,519336,,49701000001,,active,,wikidata,,2026-09-11,
wd:Q104557,wikidata,city,Балашиха,,Balashikha,,iso:RU-MOS,RU-MOS,55.800000,37.950000,Q104557,579464,,46704000001,,active,,wikidata,,2026-09-11,
wd:Q6934,wikidata,city,Благовещенск,,Blagoveshchensk,,iso:RU-AMU,RU-AMU,50.257778,127.536389,Q6934,2026609,,10701000001,,active,,wikidata,,2026-09-11,
wd:Q198748,wikidata,city,Энгельс,,Engels,,iso:RU-SAR,RU-SAR,51.501667,46.122222,Q198748,563464,,63650101001,,active,,wikidata,,2026-09-11,
wd:Q19520,wikidata,city,Подольск,,Podolsk,,iso:RU-MOS,RU-MOS,55.431111,37.545556,Q19520,508101,,46760000001,,active,,wikidata,,2026-09-11,
wd:Q197582,wikidata,city,Химки,,Khimki,,iso:RU-MOS,RU-MOS,55.889167,37.445000,Q197582,550280,,46783000001,,active,,wikidata,,2026-09-11,
wd:Q2214,wikidata,city,Псков,,Pskov,,iso:RU-PSK,RU-PSK,57.816667,28.333333,Q2214,504341,,58701000001,,active,,wikidata,,2026-09-11,
wd:Q7859,wikidata,city,Южно-Сахалинск,,Yuzhno-Sakhalinsk,,iso:RU-SAK,RU-SAK,46.950000,142.733333,Q7859,2119441,,64701000001,,active,,wikidata,,2026-09-11,
wd:Q102667,wikidata,city,Бийск,,Biysk,,iso:RU-ALT,RU-ALT,52.516667,85.166667,Q102667,1510018,,01705000001,,active,,wikidata,,2026-09-11,
wd:Q184147,wikidata,city,Прокопьевск,,Prokopyevsk,,iso:RU-KEM,RU-KEM,53.883333,86.716667,Q184147,1494114,,32737000001,,active,,wikidata,,2026-09-11,
wd:Q193413,wikidata,city,Рыбинск,,Rybinsk,,iso:RU-YAR,RU-YAR,58.050000,38.833333,Q193413,500004,,78715000001,,active,,wikidata,,2026-09-11,
wd:Q104560,wikidata,city,Балаково,,Balakovo,,iso:RU-SAR,RU-SAR,52.038980,47.783920,Q104560,579492,,63607101001,,active,,wikidata,,2026-09-11,
wd:Q15767,wikidata,city,Армавир,,Armavir,,iso:RU-KDA,RU-KDA,45.000000,41.116667,Q15767,580922,,03705000001,,active,,wikidata,,2026-09-11,
wd:Q141358,wikidata,city,Люберцы,,Lyubertsy,,iso:RU-MOS,RU-MOS,55.678333,37.894444,Q141358,532615,,46748000001,,active,,wikidata,,2026-09-11,
wd:Q875,wikidata,city,Абакан,,Abakan,,iso:RU-KK,RU-KK,53.716667,91.416667,Q875,1512236,,95701000001,,active,,wikidata,,2026-09-11,
wd:Q175517,wikidata,city,Норильск,,Norilsk,,iso:RU-KYA,RU-KYA,69.333333,88.216667,Q175517,1497337,,04729000001,,active,,wikidata,,2026-09-11,
wd:Q2219,wikidata,city,Сызрань,,Syzran,,iso:RU-SAM,RU-SAM,53.166667,48.466667,Q2219,484972,,36735000001,,active,,wikidata,,2026-09-11,
wd:Q133175,wikidata,city,Волгодонск,,Volgodonsk,,iso:RU-ROS,RU-ROS,47.516667,42.150000,Q133175,472761,,60712000001,,active,,wikidata,,2026-09-11,
wd:Q7951,wikidata,city,Петропавловск-Камчатский,,Petropavlovsk-Kamchatsky,,iso:RU-KAM,RU-KAM,53.016667,158.650000,Q7951,2122104,,30701000001,,active,,wikidata,,2026-09-11,
wd:Q196934,wikidata,city,Уссурийск,,Ussuriysk,,iso:RU-PRI,RU-PRI,43.800000,131.950000,Q196934,2014006,,05723000001,,active,,wikidata,,2026-09-11,
wd:Q105444,wikidata,city,Каменск-Уральский,,Kamensk-Uralsky,,iso:RU-SVE,RU-SVE,56.400000,61.933333,Q105444,1504826,,65740000001,,active,,wikidata,,2026-09-11,
wd:Q23185,wikidata,city,Мытищи,,Mytishchi,,iso:RU-MOS,RU-MOS,55.916667,37.733333,Q23185,523812,,46746000001,,active,,wikidata,,2026-09-11,
wd:Q140087,wikidata,city,Златоуст,,Zlatoust,,iso:RU-CHE,RU-CHE,55.166667,59.666667,Q140087,462444,,75712000001,,active,,wikidata,,2026-09-11,
wd:Q198419,wikidata,city,Электросталь,,Elektrostal,,iso:RU-MOS,RU-MOS,55.800000,38.450000,Q198419,563523,,46790000001,,active,,wikidata,,2026-09-11,
wd:Q103483,wikidata,city,Альметьевск,,Almetyevsk,,iso:RU-TA,RU-TA,54.900000,52.300000,Q103483,582432,,92608101001,,active,,wikidata,,2026-09-11,
wd:Q193443,wikidata,city,Салават,,Salavat,,iso:RU-BA,RU-BA,53.366667,55.933333,Q193443,499292,,80739000001,,active,,wikidata,,2026-09-11,
wd:Q105455,wikidata,city,Миасс,,Miass,,iso:RU-CHE,RU-CHE,55.050000,60.100000,Q105455,1498894,,75742000001,,active,,wikidata,,2026-09-11,
wd:Q156658,wikidata,city,Находка,,Nakhodka,,iso:RU-PRI,RU-PRI,42.816667,132.883333,Q156658,2019528,,05714000001,,active,,wikidata,,2026-09-11,
wd:Q155148,wikidata,city,Копейск,,Kopeysk,,iso:RU-CHE,RU-CHE,55.100000,61.616667,Q155148,1502603,,75728000001,,active,,wikidata,,2026-09-11,
wd:Q41970,wikidata,city,Пятигорск,,Pyatigorsk,,iso:RU-STA,RU-STA,44.033333,43.050000,Q41970,503550,,07727000001,,active,,wikidata,,2026-09-11,
wd:Q193380,wikidata,city,Рубцовск,,Rubtsovsk,,iso:RU-ALT,RU-ALT,51.516667,81.200000,Q193380,1493467,,01716000001,,active,,wikidata,,2026-09-11,
wd:Q133026,wikidata,city,Коломна,,Kolomna,,iso:RU-MOS,RU-MOS,55.083333,38.783333,Q133026,546230,,46738000001,,active,,wikidata,,2026-09-11,
wd:Q3752,wikidata,city,Майкоп,,Maykop,,iso:RU-AD,RU-AD,44.600000,40.083333,Q3752,528293,,79701000001,,active,,wikidata,,2026-09-11,
wd:Q102445,wikidata,city,Ковров,,Kovrov,,iso:RU-VLA,RU-VLA,56.360556,41.319722,Q102445,543460,,17725000001,,active,,wikidata,,2026-09-11,
wd:Q147756,wikidata,city,Хасавюрт,,Khasavyurt,,iso:RU-DA,RU-DA,43.250000,46.583333,Q147756,550478,,82735000001,,active,,wikidata,,2026-09-11,
wd:Q153676,wikidata,city,Кисловодск,,Kislovodsk,,iso:RU-STA,RU-STA,43.910000,42.720000,Q153676,548114,,07715000001,,active,,wikidata,,2026-09-11,
wd:Q135787,wikidata,city,Ессентуки,,Yessentuki,,iso:RU-STA,RU-STA,44.043056,42.864444,Q135787,466990,,07710000001,,active,,wikidata,,2026-09-11,
wd:Q175161,wikidata,city,Новомосковск,,Novomoskovsk,,iso:RU-TUL,RU-TUL,54.033333,38.266667,Q175161,518557,,70724000001,,active,,wikidata,,2026-09-11,
wd:Q172601,wikidata,city,Нефтекамск,,Neftekamsk,,iso:RU-BA,RU-BA,56.083333,54.250000,Q172601,522942,,80727000001,,active,,wikidata,,2026-09-11,
wd:Q172616,wikidata,city,Нефтеюганск,,Nefteyugansk,,iso:RU-KHM,RU-KHM,61.100000,72.600000,Q172616,1497917,,71874000001,,active,,wikidata,,2026-09-11,
wd:Q19157,wikidata,city,Первоуральск,,Pervouralsk,,iso:RU-SVE,RU-SVE,56.916667,59.950000,Q19157,510808,,65753000001,,active,,wikidata,,2026-09-11,
wd:Q131416,wikidata,city,Дербент,,Derbent,,iso:RU-DA,RU-DA,42.057778,48.288889,Q131416,566532,,82710000001,,active,,wikidata,,2026-09-11,
wd:Q5326,wikidata,city,Черкесск,,Cherkessk,,iso:RU-KC,RU-KC,44.222222,42.057500,Q5326,569154,,91701000001,,active,,wikidata,,2026-09-11,
wd:Q176636,wikidata,city,Орехово-Зуево,,Orekhovo-Zuyevo,,iso:RU-MOS,RU-MOS,55.800000,38.966667,Q176636,515024,,46757000001,,active,,wikidata,,2026-09-11,
wd:Q165806,wikidata,city,Невинномысск,,Nevinnomyssk,,iso:RU-STA,RU-STA,44.633333,41.933333,Q165806,522377,,07724000001,,active,,wikidata,,2026-09-11,
wd:Q104649,wikidata,city,Батайск,,Bataysk,,iso:RU-ROS,RU-ROS,47.133333,39.750000,Q104649,578740,,60707000001,,active,,wikidata,,2026-09-11,
wd:Q175433,wikidata,city,Новочебоксарск,,Novocheboksarsk,,iso:RU-CU,RU-CU,56.116667,47.500000,Q175433,518976,,97710000001,,active,,wikidata,,2026-09-11,
wd:Q163935,wikidata,city,Назрань,,Nazran,,iso:RU-IN,RU-IN,43.216667,44.766667,Q163935,523064,,26706000001,,active,,wikidata,,2026-09-11,
wd:Q194067,wikidata,city,Серпухов,,Serpukhov,,iso:RU-MOS,RU-MOS,54.916667,37.400000,Q194067,496527,,46770000001,,active,,wikidata,,2026-09-11,
wd:Q198369,wikidata,city,Щелково,Щёлково,Shchyolkovo,,iso:RU-MOS,RU-MOS,55.916667,38.000000,Q198369,495344,,46788000001,,active,,wikidata,,2026-09-11,
wd:Q155809,wikidata,city,Новошахтинск,,Novoshakhtinsk,,iso:RU-ROS,RU-ROS,47.766667,39.916667,Q155809,517963,,60730000001,,active,,wikidata,,2026-09-11,
wd:Q6049,wikidata,city,Кызыл,,Kyzyl,,iso:RU-TY,RU-TY,51.716667,94.450000,Q6049,1500973,,93701000001,,active,,wikidata,,2026-09-11,
wd:Q135285,wikidata,city,Димитровград,,Dimitrovgrad,,iso:RU-ULY,RU-ULY,54.233333,49.583333,Q135285,566199,,73705000001,,active,,wikidata,,2026-09-11,
wd:Q175651,wikidata,city,Обнинск,,Obninsk,,iso:RU-KLU,RU-KLU,55.100000,36.616667,Q175651,516436,,29715000001,,active,,wikidata,,2026-09-11,
wd:Q145507,wikidata,city,Каспийск,,Kaspiysk,,iso:RU-DA,RU-DA,42.883333,47.633333,Q145507,551847,,82720000001,,active,,wikidata,,2026-09-11,
wd:Q163643,wikidata,city,Раменское,,Ramenskoye,,iso:RU-MOS,RU-MOS,55.566940,38.230280,Q163643,502965,,46568000001,,active,,wikidata,,2026-09-11,
wd:Q184322,wikidata,city,Пушкино,,Pushkino,,iso:RU-MOS,RU-MOS,56.016667,37.850000,Q184322,503977,,46758000001,,active,,wikidata,,2026-09-11,
wd:Q103993,wikidata,city,Артем,Артём,Artyom,,iso:RU-PRI,RU-PRI,43.350000,132.183333,Q103993,2027456,,05705000001,,active,,wikidata,,2026-09-11,
wd:Q102346,wikidata,city,Елец,,Yelets,,iso:RU-LIP,RU-LIP,52.616667,38.466667,Q102346,467978,,42715000001,,active,,wikidata,,2026-09-11,
wd:Q175124,wikidata,city,Новокуйбышевск,,Novokuybyshevsk,,iso:RU-SAM,RU-SAM,53.100000,49.916667,Q175124,518659,,36713000001,,active,,wikidata,,2026-09-11,
wd:Q193293,wikidata,city,Реутов,,Reutov,,iso:RU-MOS,RU-MOS,55.762222,37.856667,Q193293,502018,,46764000001,,active,,wikidata,,2026-09-11,
wd:Q193909,wikidata,city,Северск,,Seversk,,iso:RU-TOM,RU-TOM,56.600000,84.850000,Q193909,1538637,,69741000001,,active,,wikidata,,2026-09-11,
wd:Q175480,wikidata,city,Ногинск,,Noginsk,,iso:RU-MOS,RU-MOS,55.850000,38.433333,Q175480,520068,,46751000001,,active,,wikidata,,2026-09-11,
wd:Q162677,wikidata,city,Муром,,Murom,,iso:RU-VLA,RU-VLA,55.580854,42.053839,Q162677,524294,,17735000001,,active,,wikidata,,2026-09-11,
wd:Q157482,wikidata,city,Ленинск-Кузнецкий,,Leninsk-Kuznetsky,,iso:RU-KEM,RU-KEM,54.650000,86.166667,Q157482,1500665,,32719000001,,active,,wikidata,,2026-09-11,
wd:Q158751,wikidata,city,Междуреченск,,Mezhdurechensk,,iso:RU-KEM,RU-KEM,53.686389,88.070278,Q158751,1498920,,32725000001,,active,,wikidata,,2026-09-11,
wd:Q135869,wikidata,city,Железногорск,,Zheleznogorsk,,iso:RU-KYA,RU-KYA,56.250000,93.533333,Q135869,1538635,,04735000001,,active,,wikidata,,2026-09-11,
wd:Q7968,wikidata,city,Магадан,,Magadan,,iso:RU-MAG,RU-MAG,59.566667,150.800000,Q7968,2123628,,44701000001,,active,,wikidata,,2026-09-11,
wd:Q193505,wikidata,city,Сарапул,,Sarapul,,iso:RU-UD,RU-UD,56.466667,53.800000,Q193505,498687,,94740000001,,active,,wikidata,,2026-09-11,
wd:Q135572,wikidata,city,Егорьевск,,Yegoryevsk,,iso:RU-MOS,RU-MOS,55.366667,39.016667,Q135572,468250,,46522000001,,active,,wikidata,,2026-09-11,
wd:Q104991,wikidata,city,Бердск,,Berdsk,,iso:RU-NVS,RU-NVS,54.750000,83.100000,Q104991,1510350,,50708000001,,active,,wikidata,,2026-09-11,
wd:Q3977,wikidata,city,Элиста,,Elista,,iso:RU-KL,RU-KL,46.316667,44.266667,Q3977,563514,,85701000001,,active,,wikidata,,2026-09-11,
wd:Q175524,wikidata,city,Ноябрьск,,Noyabrsk,,iso:RU-YAN,RU-YAN,63.201667,75.451667,Q175524,1496503,,71958000001,,active,,wikidata,,2026-09-11,
wd:Q175470,wikidata,city,Новый Уренгой,,Novy Urengoy,,iso:RU-YAN,RU-YAN,66.084722,76.678889,Q175470,1496511,,71956000001,,active,,wikidata,,2026-09-11,
wd:Q144170,wikidata,city,Камышин,,Kamyshin,,iso:RU-VGG,RU-VGG,50.083333,45.400000,Q144170,553287,,18715000001,,active,,wikidata,,2026-09-11,
wd:Q155569,wikidata,city,Красногорск,,Krasnogorsk,,iso:RU-MOS,RU-MOS,55.821667,37.338611,Q155569,542374,,46744000001,,active,,wikidata,,2026-09-11,
wd:Q175742,wikidata,city,Одинцово,,Odintsovo,,iso:RU-MOS,RU-MOS,55.673333,37.273333,Q175742,516215,,46755000001,,active,,wikidata,,2026-09-11,
wd:Q155309,wikidata,city,Королев,Королёв,Korolyov,,iso:RU-MOS,RU-MOS,55.916667,37.816667,Q155309,554233,,46734000001,,active,,wikidata,,2026-09-11,
wd:Q6025,wikidata,city,Горно-Алтайск,,Gorno-Altaysk,,iso:RU-AL,RU-AL,51.960000,85.960000,Q6025,1506271,,84701000001,,active,,wikidata,,2026-09-11,
wd:Q2174,wikidata,city,Нарьян-Мар,,Naryan-Mar,,iso:RU-NEN,RU-NEN,67.637778,53.006667,Q2174,523392,,11851000001,,active,,wikidata,,2026-09-11,
wd:Q7978,wikidata,city,Анадырь,,Anadyr,,iso:RU-CHU,RU-CHU,64.733333,177.504167,Q7978,2127202,,77701000001,,active,,wikidata,,2026-09-11,
wd:Q5222,wikidata,city,Магас,,Magas,,iso:RU-IN,RU-IN,43.166667,44.816667,Q5222,6313621,,26701000001,,active,,wikidata,,2026-09-11,
wd:Q6494,wikidata,city,Салехард,,Salekhard,,iso:RU-YAN,RU-YAN,66.533333,66.633333,Q6494,1493197,,71951000001,,active,,wikidata,,2026-09-11,
wd:Q6329,wikidata,city,Ханты-Мансийск,,Khanty-Mansiysk,,iso:RU-KHM,RU-KHM,61.000000,69.000000,Q6329,1503772,,71871000001,,active,,wikidata,,2026-09-11,
wd:Q7769,wikidata,city,Биробиджан,,Birobidzhan,,iso:RU-YEV,RU-YEV,48.783333,132.933333,Q7769,2026643,,99701000001,,active,,wikidata,,2026-09-11,
wd:Q7436,wikidata,city,Гатчина,,Gatchina,,iso:RU-LEN,RU-LEN,59.568410,30.122892,Q7436,561887,,41618101001,,active,,wikidata,,2026-09-11,
wd:Q190499,wikidata,city,Северодвинск,,Severodvinsk,,iso:RU-ARK,RU-ARK,64.566667,39.850000,Q190499,496285,,11730000001,,active,,wikidata,,2026-09-11,
wd:Q197018,wikidata,city,Ухта,,Ukhta,,iso:RU-KO,RU-KO,63.566667,53.700000,Q197018,479411,,87725000001,,active,,wikidata,,2026-09-11,
wd:Q153663,wikidata,city,Киселевск,Киселёвск,Kiselyovsk,,iso:RU-KEM,RU-KEM,53.983333,86.700000,Q153663,1503277,,32716000001,,active,,wikidata,,2026-09-11,
wd:Q104232,wikidata,city,Ачинск,,Achinsk,,iso:RU-KYA,RU-KYA,56.281667,90.503889,Q104232,1512165,,04703000001,,active,,wikidata,,2026-09-11,
wd:Q144345,wikidata,city,Канск,,Kansk,,iso:RU-KYA,RU-KYA,56.200000,95.700000,Q144345,1504682,,04720000001,,active,,wikidata,,2026-09-11,
wd:Q133838,wikidata,city,Воткинск,,Votkinsk,,iso:RU-UD,RU-UD,57.050000,54.000000,Q133838,471430,,94710000001,,active,,wikidata,,2026-09-11,
wd:Q134433,wikidata,city,Глазов,,Glazov,,iso:RU-UD,RU-UD,58.133333,52.650000,Q134433,561347,,94720000001,,active,,wikidata,,2026-09-11,
wd:Q139743,wikidata,city,Зеленодольск,,Zelenodolsk,,iso:RU-TA,RU-TA,55.850000,48.516667,Q139743,463835,,92628101001,,active,,wikidata,,2026-09-11,
wd:Q103789,wikidata,city,Арзамас,,Arzamas,,iso:RU-NIZ,RU-NIZ,55.383333,43.800000,Q103789,580724,,22703000001,,active,,wikidata,,2026-09-11,
wd:Q14657,wikidata,city,Выборг,,Vyborg,,iso:RU-LEN,RU-LEN,60.710556,28.749722,Q14657,470546,,41615101001,,active,,wikidata,,2026-09-11,
wd:Q133529,wikidata,city,Воркута,,Vorkuta,,iso:RU-KO,RU-KO,67.500000,64.033333,Q133529,1486910,,87710000001,,active,,wikidata,,2026-09-11,
wd:Q193522,wikidata,city,Саров,,Sarov,,iso:RU-NIZ,RU-NIZ,54.933333,43.316667,Q193522,498525,,22704000001,,active,,wikidata,,2026-09-11,
wd:Q15248,wikidata,city,Всеволожск,,Vsevolozhsk,,iso:RU-LEN,RU-LEN,60.021389,30.654167,Q15248,471101,,41612101001,,active,,wikidata,,2026-09-11,
wd:Q175393,wikidata,city,Новоуральск,,Novouralsk,,iso:RU-SVE,RU-SVE,57.250000,60.083333,Q175393,1538636,,65752000001,,active,,wikidata,,2026-09-11,
wd:Q105002,wikidata,city,Березники,,Berezniki,,iso:RU-PER,RU-PER,59.416667,56.783333,Q105002,577206,,57708000001,,active,,wikidata,,2026-09-11,
wd:Q105477,wikidata,city,Мирный,,Mirny,,iso:RU-SA,RU-SA,62.533333,113.950000,Q105477,2019951,,98631101001,,active,,wikidata,,2026-09-11,
wd:Q134679,wikidata,city,Губкин,,Gubkin,,iso:RU-BEL,RU-BEL,51.283333,37.550000,Q134679,558146,,14730000001,,active,,wikidata,,2026-09-11,
wd:Q197654,wikidata,city,Чайковский,,Chaykovsky,,iso:RU-PER,RU-PER,56.766667,54.116667,Q197654,569742,,57735000001,,active,,wikidata,,2026-09-11,
wd:Q16973,wikidata,city,Кропоткин,,Kropotkin,,iso:RU-KDA,RU-KDA,45.433333,40.566667,Q16973,540761,,03618101001,,active,,wikidata,,2026-09-11,
wd:Q196384,wikidata,city,Соликамск,,Solikamsk,,iso:RU-PER,RU-PER,59.633333,56.766667,Q196384,491023,,57730000001,,active,,wikidata,,2026-09-11,
wd:Q168782,wikidata,city,Тобольск,,Tobolsk,,iso:RU-TYU,RU-TYU,58.195278,68.258056,Q168782,1489530,,71710000001,,active,,wikidata,,2026-09-11,
wd:Q102762,wikidata,city,Азов,,Azov,,iso:RU-ROS,RU-ROS,47.100000,39.416667,Q102762,580054,,60704000001,,active,,wikidata,,2026-09-11,
wd:Q101825,wikidata,city,Великие Луки,,Velikiye Luki,,iso:RU-PSK,RU-PSK,56.350000,30.516667,Q101825,476077,,58710000001,,active,,wikidata,,2026-09-11,
wd:Q72536,wikidata,city,Железногорск,,Zheleznogorsk,,iso:RU-KRS,RU-KRS,52.333333,35.366667,Q72536,463343,,38705000001,,active,,wikidata,,2026-09-11,
wd:Q2477836,wikidata,city,Хаджи-Тархан,,Xacitarxan,,iso:RU-AD,RU-AD,46.44111111,47.97027778,Q2477836,,,,,active,,wikidata,,2026-09-15,
wd:Q15335,wikidata,city,Сосновый Бор,,Sosnovy Bor,,iso:RU-LEN,RU-LEN,59.9,29.1,Q15335,490172,,41754000001,,active,,wikidata,,2026-09-15,
wd:Q55658728,wikidata,city,Ожск,,,,iso:RU-AD,RU-AD,,,Q55658728,,,,,active,,wikidata,,2026-09-15,
wd:Q155936,wikidata,city,Кудымкар,,Kudymkar,,iso:RU-PER,RU-PER,59.01666667,54.66666667,Q155936,539817,,57851000001,,active,,wikidata,,2026-09-15,
wd:Q155974,wikidata,city,Кунгур,,Kungur,,iso:RU-PER,RU-PER,57.43333333,56.93333333,Q155974,539147,,57722000001,,active,,wikidata,,2026-09-15,
wd:Q145799,wikidata,city,Кизилюрт,,Kizilyurt,,iso:RU-DA,RU-DA,43.2,46.86666667,Q145799,547849,,82725000001,,active,,wikidata,,2026-09-15,
wd:Q196481,wikidata,city,Старица,,Staritsa,,iso:RU-TVE,RU-TVE,56.5075,34.93555556,Q196481,488946,,28653101001,,active,,wikidata,,2026-09-15,
wd:Q193557,wikidata,city,Сасово,,Sasovo,,iso:RU-RYA,RU-RYA,54.35,41.91666667,Q193557,461699,,61710000001,,active,,wikidata,,2026-09-15,
wd:Q191465,wikidata,city,Ржев,,Rzhev,,iso:RU-TVE,RU-TVE,56.26558333,34.32756944,Q191465,499717,,28745000001,,active,,wikidata,,2026-09-15,
wd:Q145457,wikidata,city,Касимов,,Kasimov,,iso:RU-RYA,RU-RYA,54.95833333,41.39722222,Q145457,551891,,61705000001,,active,,wikidata,,2026-09-15,
wd:Q103255,wikidata,city,Алатырь,,Alatyr,,iso:RU-CU,RU-CU,54.85,46.58333333,Q103255,583437,,97704000001,,active,,wikidata,,2026-09-15,
wd:Q196678,wikidata,city,городской округ Торжок,,Torzhok,,iso:RU-TVE,RU-TVE,57.03333333,34.96666667,Q196678,481985,,28750000001,,active,,wikidata,,2026-09-15,
wd:Q125172,wikidata,city,Дагестанские Огни,,Dagestanskiye Ogni,,iso:RU-DA,RU-DA,42.11666667,48.2,Q125172,567290,,82708000001,,active,,wikidata,,2026-09-15,
wd:Q157790,wikidata,city,Льгов,,Lgov,,iso:RU-KRS,RU-KRS,51.66666667,35.26666667,Q157790,535334,,38710000001,,active,,wikidata,,2026-09-15,
wd:Q145717,wikidata,city,Кемь,,Kem,,iso:RU-KR,RU-KR,64.95,34.6,Q145717,551145,,86612101001,,active,,wikidata,,2026-09-15,
wd:Q146435,wikidata,city,Кимры,,Kimry,,iso:RU-TVE,RU-TVE,56.86666667,37.35,Q146435,548652,,28726000001,,active,,wikidata,,2026-09-15,
wd:Q102746,wikidata,city,Агрыз,,Ägerce,,iso:RU-TA,RU-TA,56.51666667,52.98333333,Q102746,583983,,92601101001,,active,,wikidata,,2026-09-15,
wd:Q145073,wikidata,city,Карачаевск,,Karachayevsk,,iso:RU-KC,RU-KC,43.77216667,41.91388889,Q145073,552924,,91705000001,,active,,wikidata,,2026-09-15,
wd:Q146013,wikidata,city,Щигры,,Shchigry,,iso:RU-KRS,RU-KRS,51.87144444,36.91325,Q146013,495206,,38715000001,,active,,wikidata,,2026-09-15,
wd:Q143274,wikidata,city,городской округ Искитим,,Iskitim,,iso:RU-NVS,RU-NVS,54.63333333,83.3,Q143274,1505429,,50712000001,,active,,wikidata,,2026-09-15,
wd:Q184361,wikidata,city,Пыталово,,Pytalovo,,iso:RU-PSK,RU-PSK,57.06666667,27.91666667,Q184361,503374,,58653101001,,active,,wikidata,,2026-09-15,
wd:Q72380,wikidata,city,Курчатов,,Kurchatov,,iso:RU-KRS,RU-KRS,51.66666667,35.65,Q72380,538908,,38708000001,,active,,wikidata,,2026-09-15,
wd:Q103390,wikidata,city,Александровск,,Alexandrovsk,,iso:RU-PER,RU-PER,59.16666667,57.58333333,Q103390,583041,,57502000001,,active,,wikidata,,2026-09-15,
wd:Q105235,wikidata,city,Богородицк,,Bogoroditsk,,iso:RU-MOS,RU-MOS,53.76666667,38.13333333,Q105235,575591,,70608101001,,active,,wikidata,,2026-09-15,
wd:Q153684,wikidata,city,Климовск,,Klimovsk,,iso:RU-MOS,RU-MOS,55.36666667,37.53333333,Q153684,547560,,,,active,,wikidata,,2026-09-15,
wd:Q189295,wikidata,city,Серов,,Serov,,iso:RU-SVE,RU-SVE,59.6,60.56666667,Q189295,1492663,,65756000001,,active,,wikidata,,2026-09-15,
wd:Q182871,wikidata,city,Полевской,,Polevskoy,,iso:RU-SVE,RU-SVE,56.45,60.18333333,Q182871,1494573,,65754000001,,active,,wikidata,,2026-09-15,
wd:Q15757,wikidata,city,Суздаль,,Suzdal,,iso:RU-VLA,RU-VLA,56.42111111,40.44888889,Q15757,485824,,17654101001,,active,,wikidata,,2026-09-15,
wd:Q156284,wikidata,city,Кушва,,Kushva,,iso:RU-SVE,RU-SVE,58.28333333,59.73333333,Q156284,538340,,65748000001,,active,,wikidata,,2026-09-15,
wd:Q193277,wikidata,city,Ревда,,Revda,,iso:RU-SVE,RU-SVE,56.8,59.91666667,Q193277,502011,,65719000001,,active,,wikidata,,2026-09-15,
wd:Q153549,wikidata,city,Кировград,,Kirovgrad,,iso:RU-SVE,RU-SVE,57.43333333,60.06666667,Q153549,1503335,,65744000001,,active,,wikidata,,2026-09-15,
wd:Q196953,wikidata,city,Усть-Катав,,Ust-Katav,,iso:RU-CHE,RU-CHE,54.93333333,58.16666667,Q196953,478071,,75755000001,,active,,wikidata,,2026-09-15,
wd:Q133045,wikidata,city,Верхняя Салда,,Verkhnyaya Salda,,iso:RU-SVE,RU-SVE,58.05,60.55,Q133045,1487277,,65708000001,,active,,wikidata,,2026-09-15,
wd:Q182935,wikidata,city,Полярный,,Polyarny,,iso:RU-MUR,RU-MUR,69.19833333,33.45611111,Q182935,506763,,,,active,,wikidata,,2026-09-15,
wd:Q178870,wikidata,city,Петровск-Забайкальский,,Petrovsk-Zabaykalsky,,iso:RU-ZAB,RU-ZAB,51.28333333,108.83333333,Q178870,2017945,,76715000001,,active,,wikidata,,2026-09-15,
wd:Q133033,wikidata,city,Верхний Уфалей,,Verkhny Ufaley,,iso:RU-CHE,RU-CHE,56.05,60.23333333,Q133033,1487394,,75706000001,,active,,wikidata,,2026-09-15,
wd:Q144209,wikidata,city,Камышлов,,Kamyshlov,,iso:RU-SVE,RU-SVE,56.85,62.71666667,Q144209,1504769,,65741000001,,active,,wikidata,,2026-09-15,
wd:Q145735,wikidata,city,Кизел,,Kizel,,iso:RU-SVE,RU-SVE,59.05,57.65,Q145735,547875,,57623101001,,active,,wikidata,,2026-09-15,
wd:Q193898,wikidata,city,Североморск,,Severomorsk,,iso:RU-MUR,RU-MUR,69.06916667,33.41666667,Q193898,496278,,47730000001,,active,,wikidata,,2026-09-15,
wd:Q196528,wikidata,city,Сухой Лог,,Sukhoy Log,,iso:RU-SVE,RU-SVE,56.91666667,62.05,Q196528,1490686,,65758000001,,active,,wikidata,,2026-09-15,
wd:Q176364,wikidata,city,Оленегорск,,Olenegorsk,,iso:RU-MUR,RU-MUR,68.15,33.28333333,Q176364,515698,,47717000001,,active,,wikidata,,2026-09-15,
wd:Q144264,wikidata,city,Кандалакша,,Kandalaksha,,iso:RU-MUR,RU-MUR,67.15694444,32.41166667,Q144264,553190,,47608101001,,active,,wikidata,,2026-09-15,
wd:Q196537,wikidata,city,Тавда,,Tavda,,iso:RU-SVE,RU-SVE,58.05,65.26666667,Q196537,1489962,,65723000001,,active,,wikidata,,2026-09-15,
wd:Q157395,wikidata,city,городской округ Лангепас,,Langepas,,iso:RU-KHM,RU-KHM,61.25439,75.2124,Q157395,6696767,,71872000001,,active,,wikidata,,2026-09-15,
wd:Q105223,wikidata,city,Богданович,,Bogdanovich,,iso:RU-SVE,RU-SVE,56.78333333,62.05,Q105223,1509888,,65707000001,,active,,wikidata,,2026-09-15,
wd:Q136629,wikidata,city,Заозерск,Заозёрск,Zaozyorsk,,iso:RU-MUR,RU-MUR,69.4,32.45,Q136629,828218,,47733000001,,active,,wikidata,,2026-09-15,
wd:Q198776,wikidata,city,Югорск,,Yugorsk,,iso:RU-KHM,RU-KHM,61.31666667,63.35,Q198776,1502725,,71887000001,,active,,wikidata,,2026-09-15,
wd:Q156320,wikidata,city,Кыштым,,Kyshtym,,iso:RU-CHE,RU-CHE,55.71388889,60.55277778,Q156320,1500997,,75734000001,,active,,wikidata,,2026-09-15,
wd:Q181531,wikidata,city,Покров,,Pokrov,,iso:RU-VLA,RU-VLA,55.91777778,39.175,Q181531,507599,,17646120001,,active,,wikidata,,2026-09-15,
wd:Q179476,wikidata,city,Пласт,,Plast,,iso:RU-CHE,RU-CHE,54.36666667,60.81666667,Q179476,1494907,,75648101001,,active,,wikidata,,2026-09-15,
wd:Q175576,wikidata,city,Нягань,,Nyagan,,iso:RU-KHM,RU-KHM,62.13333333,65.38333333,Q175576,1496476,,71879000001,,active,,wikidata,,2026-09-15,
wd:Q153749,wikidata,city,Ковдор,,Kovdor,,iso:RU-MUR,RU-MUR,67.55944444,30.46666667,Q153749,543508,,47703000001,,active,,wikidata,,2026-09-15,
wd:Q133037,wikidata,city,Верхняя Пышма,,Verkhnyaya Pyshma,,iso:RU-SVE,RU-SVE,56.96666667,60.58333333,Q133037,1487281,,65732000001,,active,,wikidata,,2026-09-15,
wd:Q156056,wikidata,city,Курлово,,Kurlovo,,iso:RU-IVA,RU-IVA,55.45,40.61666667,Q156056,538696,,17620115001,,active,,wikidata,,2026-09-15,
wd:Q143079,wikidata,city,Ирбит,,Irbit,,iso:RU-SVE,RU-SVE,57.66666667,63.06666667,Q143079,1505526,,65739000001,,active,,wikidata,,2026-09-15,
wd:Q157771,wikidata,city,Лысьва,,Lysva,,iso:RU-SVE,RU-SVE,58.10038056,57.80432778,Q157771,532675,,57726000001,,active,,wikidata,,2026-09-15,
wd:Q155767,wikidata,city,Краснотурьинск,,Krasnoturyinsk,,iso:RU-SVE,RU-SVE,59.76569319,60.19646538,Q155767,1502061,,65745000001,,active,,wikidata,,2026-09-15,
wd:Q179525,wikidata,city,Покачи,,Pokachi,,iso:RU-KHM,RU-KHM,61.75,75.58333333,Q179525,7289676,,71884000001,,active,,wikidata,,2026-09-15,
wd:Q172685,wikidata,city,Нижние Серги,,Nizhniye Sergi,,iso:RU-SVE,RU-SVE,56.66666667,59.3,Q172685,520667,,65628101001,,active,,wikidata,,2026-09-15,
wd:Q196507,wikidata,city,Судогда,,Sudogda,,iso:RU-VLA,RU-VLA,55.95,40.86666667,Q196507,486834,,17652101001,,active,,wikidata,,2026-09-15,
wd:Q155632,wikidata,city,Краснокамск,,Krasnokamsk,,iso:RU-SVE,RU-SVE,58.08333333,55.75,Q155632,542327,,57627101001,,active,,wikidata,,2026-09-15,
wd:Q155276,wikidata,city,Коркино,,Korkino,,iso:RU-CHE,RU-CHE,54.88333333,61.4,Q155276,1502536,,75633101001,,active,,wikidata,,2026-09-15,
wd:Q104262,wikidata,city,Аша,,Asha,,iso:RU-CHE,RU-CHE,55,57.25,Q104262,580660,,75609101001,,active,,wikidata,,2026-09-15,
wd:Q184391,wikidata,city,Пыть-Ях,,Pyt-Yakh,,iso:RU-KHM,RU-KHM,60.75,72.78333333,Q184391,6696686,,71885000001,,active,,wikidata,,2026-09-15,
wd:Q195662,wikidata,city,Славянск-на-Кубани,,Slavyansk-na-Kubani,,iso:RU-KDA,RU-KDA,45.25861111,38.12472222,Q195662,492094,,03645101001,,active,,wikidata,,2026-09-15,
wd:Q159230,wikidata,city,городской округ Моршанск,,Morshansk,,iso:RU-TAM,RU-TAM,53.45,41.8,Q159230,525138,,68720000001,,active,,wikidata,,2026-09-15,
wd:Q144017,wikidata,city,Каменск-Шахтинский,,Kamensk-Shakhtinsky,,iso:RU-ROS,RU-ROS,48.31666667,40.26666667,Q144017,553399,,60719000001,,active,,wikidata,,2026-09-15,
wd:Q196702,wikidata,city,Туапсе,,Tuapse,,iso:RU-KDA,RU-KDA,44.1,39.08333333,Q196702,480716,,03655101001,,active,,wikidata,,2026-09-15,
wd:Q155489,wikidata,city,Котовск,,Kotovsk,,iso:RU-TAM,RU-TAM,52.58333333,41.5,Q155489,543605,,68710000001,,active,,wikidata,,2026-09-15,
wd:Q134699,wikidata,city,Гуково,,Gukovo,,iso:RU-ROS,RU-ROS,48.05,39.93333333,Q134699,558082,,60715000001,,active,,wikidata,,2026-09-15,
wd:Q196658,wikidata,city,Тихорецк,,Tikhoretsk,,iso:RU-KDA,RU-KDA,45.85,40.11666667,Q196658,483029,,03654101001,,active,,wikidata,,2026-09-15,
wd:Q196757,wikidata,city,Уварово,,Uvarovo,,iso:RU-TAM,RU-TAM,51.98333333,42.26666667,Q196757,477626,,68730000001,,active,,wikidata,,2026-09-15,
wd:Q153655,wikidata,city,Кирсанов,,Kirsanov,,iso:RU-TAM,RU-TAM,52.65,42.73333333,Q153655,548330,,68705000001,,active,,wikidata,,2026-09-15,
wd:Q133310,wikidata,city,Володарск,,Volodarsk,,iso:RU-NIZ,RU-NIZ,56.23333333,43.2,Q133310,472494,,22631103001,,active,,wikidata,,2026-09-15,
wd:Q155963,wikidata,city,Кулебаки,,Kulebaki,,iso:RU-NIZ,RU-NIZ,55.41666667,42.51666667,Q155963,539555,,22727000001,,active,,wikidata,,2026-09-15,
wd:Q197385,wikidata,city,Фролово,,Frolovo,,iso:RU-VGG,RU-VGG,49.767044,43.656708,Q197385,562389,,18728000001,,active,,wikidata,,2026-09-15,
wd:Q198332,wikidata,city,Шиханы,,Shikhany,,iso:RU-SAR,RU-SAR,52.11666667,47.2,Q198332,494519,,63746000001,,active,,wikidata,,2026-09-15,
wd:Q143813,wikidata,city,Камбарка,,Kambarka,,iso:RU-UD,RU-UD,56.26666667,54.2,Q143813,553835,,94620101001,,active,,wikidata,,2026-09-15,
wd:Q154682,wikidata,city,Козьмодемьянск,,Kozmodemyansk,,iso:RU-ME,RU-ME,56.34194444,46.56361111,Q154682,543018,,88715000001,,active,,wikidata,,2026-09-15,
wd:Q155437,wikidata,city,Котельнич,,Kotelnich,,iso:RU-KIR,RU-KIR,58.30888889,48.34805556,Q155437,543737,,33710000001,,active,,wikidata,,2026-09-15,
wd:Q184200,wikidata,city,Прохладный,,Prokhladny,,iso:RU-KB,RU-KB,43.7575,44.02972222,Q184200,504935,,83710000001,,active,,wikidata,,2026-09-15,
wd:Q132829,wikidata,city,Бугуруслан,,Buguruslan,,iso:RU-ORE,RU-ORE,53.61666667,52.41666667,Q132829,571159,,53708000001,,active,,wikidata,,2026-09-15,
wd:Q194048,wikidata,city,Сердобск,,Serdobsk,,iso:RU-PNZ,RU-PNZ,52.46666667,44.21666667,Q194048,496934,,56656101001,,active,,wikidata,,2026-09-15,
wd:Q133416,wikidata,city,Вольск,,Volsk,,iso:RU-SAR,RU-SAR,52.05,47.38333333,Q133416,472278,,63611101001,,active,,wikidata,,2026-09-15,
wd:Q153565,wikidata,city,Кирово-Чепецк,,Kirovo-Chepetsk,,iso:RU-KIR,RU-KIR,58.55,50.01666667,Q153565,548395,,33707000001,,active,,wikidata,,2026-09-15,
wd:Q42234,wikidata,city,городской округ Бузулук,,Buzuluk,,iso:RU-ORE,RU-ORE,52.76666667,52.26666667,Q42234,570427,,53712000001,,active,,wikidata,,2026-09-15,
wd:Q196732,wikidata,city,Тырныауз,,Tyrnyauz,,iso:RU-KB,RU-KB,43.4,42.91666667,Q196732,479933,,83648101001,,active,,wikidata,,2026-09-15,
wd:Q168088,wikidata,city,Орлов,,Orlov,,iso:RU-KIR,RU-KIR,58.53333333,48.88333333,Q168088,550785,,33645101001,,active,,wikidata,,2026-09-15,
wd:Q133293,wikidata,city,Волжск,,Volzhsk,,iso:RU-ME,RU-ME,55.86666667,48.35,Q133293,472234,,88705000001,,active,,wikidata,,2026-09-15,
wd:Q134302,wikidata,city,Вятские Поляны,,Vyatskiye Polyany,,iso:RU-KIR,RU-KIR,56.21841667,51.06858333,Q134302,470734,,33704000001,,active,,wikidata,,2026-09-15,
wd:Q134318,wikidata,city,Гагарин,,Gagarin,,iso:RU-SMO,RU-SMO,55.55,35,Q134318,562237,,66608101001,,active,,wikidata,,2026-09-15,
wd:Q135161,wikidata,city,Десногорск,,Desnogorsk,,iso:RU-SMO,RU-SMO,54.15308611,33.29029167,Q135161,566384,,66710000001,,active,,wikidata,,2026-09-15,
wd:Q158990,wikidata,city,Минусинск,,Minusinsk,,iso:RU-KYA,RU-KYA,53.7,91.68333333,Q158990,1498693,,04723000001,,active,,wikidata,,2026-09-15,
wd:Q162698,wikidata,city,Мценск,,Mtsensk,,iso:RU-ORL,RU-ORL,53.28333333,36.56666667,Q162698,524640,,54710000001,,active,,wikidata,,2026-09-15,
wd:Q157576,wikidata,city,Ливны,,Livny,,iso:RU-ORL,RU-ORL,52.42530556,37.60830556,Q157576,534701,,54705000001,,active,,wikidata,,2026-09-15,
wd:Q142996,wikidata,city,Инта,,Inta,,iso:RU-KO,RU-KO,66.03981389,60.13151944,Q142996,1505579,,87715000001,,active,,wikidata,,2026-09-15,
wd:Q196724,wikidata,city,Тутаев,,Tutayev,,iso:RU-YAR,RU-YAR,57.88333333,39.53333333,Q196724,480122,,78643101001,,active,,wikidata,,2026-09-15,
wd:Q196786,wikidata,city,Углич,,Uglich,,iso:RU-YAR,RU-YAR,57.53333333,38.33333333,Q196786,479532,,78646101001,,active,,wikidata,,2026-09-15,
wd:Q134651,wikidata,city,Грайворон,,Grayvoron,,iso:RU-BEL,RU-BEL,50.48333333,35.66666667,Q134651,559034,,14632101001,,active,,wikidata,,2026-09-15,
wd:Q157622,wikidata,city,Лиски,,Liski,,iso:RU-VOR,RU-VOR,50.98222222,39.49944444,Q157622,534838,,20621101001,,active,,wikidata,,2026-09-15,
wd:Q196675,wikidata,city,Топки,,Topki,,iso:RU-KEM,RU-KEM,55.28333333,85.61666667,Q196675,1489394,,32631101001,,active,,wikidata,,2026-09-15,
wd:Q198824,wikidata,city,Юрга,,Yurga,,iso:RU-KEM,RU-KEM,55.73333333,84.9,Q198824,1485724,,32749000001,,active,,wikidata,,2026-09-15,
wd:Q136792,wikidata,city,Заринск,,Zarinsk,,iso:RU-ALT,RU-ALT,53.7,84.91666667,Q136792,1485439,,01706000001,,active,,wikidata,,2026-09-15,
wd:Q49771,wikidata,city,Мариинск,,Mariinsk,,iso:RU-KEM,RU-KEM,56.21666667,87.75,Q49771,1499350,,32616101001,,active,,wikidata,,2026-09-15,
wd:Q155947,wikidata,city,Кузнецк,,Kuznetsk,,iso:RU-PNZ,RU-PNZ,53.11666667,46.6,Q155947,537737,,56705000001,,active,,wikidata,,2026-09-15,
wd:Q173064,wikidata,city,Никольск,,Nikolsk,,iso:RU-PNZ,RU-PNZ,53.71666667,46.08333333,Q173064,521776,,56653101001,,active,,wikidata,,2026-09-15,
wd:Q136715,wikidata,city,Заречный,,Zarechny,,iso:RU-PNZ,RU-PNZ,53.2,45.16666667,Q136715,464625,,56734000001,,active,,wikidata,,2026-09-15,
wd:Q158114,wikidata,city,Мантурово,,Manturovo,,iso:RU-KOS,RU-KOS,58.33333333,44.76666667,Q158114,529505,,34714000001,,active,,wikidata,,2026-09-15,
wd:Q193580,wikidata,city,Саяногорск,,Sayanogorsk,,iso:RU-KK,RU-KK,53.1,91.4,Q193580,1492893,,95708000001,,active,,wikidata,,2026-09-15,
wd:Q126758,wikidata,city,Черногорск,,Chernogorsk,,iso:RU-KK,RU-KK,53.81666667,91.28333333,Q126758,1508054,,95715000001,,active,,wikidata,,2026-09-15,
wd:Q196394,wikidata,city,Сорск,,Sorsk,,iso:RU-KK,RU-KK,54,90.25,Q196394,1491360,,95709000001,,active,,wikidata,,2026-09-15,
wd:Q135427,wikidata,city,городской округ Донской,,Donskoy,,iso:RU-TUL,RU-TUL,53.96666667,38.31666667,Q135427,565290,,70712000001,,active,,wikidata,,2026-09-15,
wd:Q184617,wikidata,city,Райчихинск,,Raychikhinsk,,iso:RU-AMU,RU-AMU,49.8,129.4,Q184617,2017487,,10720000001,,active,,wikidata,,2026-09-15,
wd:Q104654,wikidata,city,Бежецк,,Bezhetsk,,iso:RU-TVE,RU-TVE,57.78333333,36.7,Q104654,576566,,28604101001,,active,,wikidata,,2026-09-15,
wd:Q103406,wikidata,city,Александровск-Сахалинский,,Alexandrovsk-Sakhalinsky,,iso:RU-SAK,RU-SAK,50.9,142.15,Q103406,2127282,,64704000001,,active,,wikidata,,2026-09-15,
wd:Q103115,wikidata,city,Ак-Довурак,,Ak-Dovurak,,iso:RU-TY,RU-TY,51.16666667,90.6,Q103115,1512064,,93703000001,,active,,wikidata,,2026-09-15,
wd:Q103826,wikidata,city,Аркадак,,Arkadak,,iso:RU-SAR,RU-SAR,51.93333333,43.5,Q103826,7442885,,63603101001,,active,,wikidata,,2026-09-15,
wd:Q104059,wikidata,city,Асбест,,Asbest,,iso:RU-SVE,RU-SVE,57,61.46666667,Q104059,1511330,,65730000001,,active,,wikidata,,2026-09-15,
wd:Q105010,wikidata,city,Березовский,Берёзовский,Beryozovsky,,iso:RU-KEM,RU-KEM,55.66666667,86.25,Q105010,1510205,,32710000001,,active,,wikidata,,2026-09-15,
wd:Q104713,wikidata,city,Белинский,,Belinsky,,iso:RU-PNZ,RU-PNZ,52.96666667,43.41666667,Q104713,578045,,56612101001,,active,,wikidata,,2026-09-15,
wd:Q104984,wikidata,city,Белый,,Bely,,iso:RU-TVE,RU-TVE,55.83333333,32.93333333,Q104984,577576,,28606101001,,active,,wikidata,,2026-09-15,
wd:Q103694,wikidata,city,Арамиль,,Aramil,,iso:RU-SVE,RU-SVE,56.7,60.83333333,Q103694,1511466,,65729000001,,active,,wikidata,,2026-09-15,
wd:Q103703,wikidata,city,Аргун,,Argun,,iso:RU-CE,RU-CE,43.3,45.86666667,Q103703,581126,,96702000001,,active,,wikidata,,2026-09-15,
wd:Q103985,wikidata,city,Арск,,Arça,,iso:RU-TA,RU-TA,56.09055556,49.87638889,Q103985,580850,,92612151001,,active,,wikidata,,2026-09-15,
wd:Q104646,wikidata,city,Барыш,,Barysh,,iso:RU-ULY,RU-ULY,53.65,47.11666667,Q104646,578931,,73604101001,,active,,wikidata,,2026-09-15,
wd:Q103439,wikidata,city,Алексин,,Aleksin,,iso:RU-TUL,RU-TUL,54.5,37.06666667,Q103439,582750,,70706000001,,active,,wikidata,,2026-09-15,
wd:Q104201,wikidata,city,Ахтубинск,,Akhtubinsk,,iso:RU-AST,RU-AST,48.28333333,46.16666667,Q104201,583798,,12605101001,,active,,wikidata,,2026-09-15,
wd:Q104764,wikidata,city,Белозерск,,Belozersk,,iso:RU-VLG,RU-VLG,60.03333333,37.78333333,Q104764,577711,,19610101001,,active,,wikidata,,2026-09-15,
wd:Q104559,wikidata,city,Балахна,,Balakhna,,iso:RU-NIZ,RU-NIZ,56.48083333,43.54027778,Q104559,579514,,22505000001,,active,,wikidata,,2026-09-15,
wd:Q103466,wikidata,city,Алзамай,,Alzamay,,iso:RU-IRK,RU-IRK,55.55,98.66666667,Q103466,1511709,,25628105001,,active,,wikidata,,2026-09-15,
wd:Q103652,wikidata,city,Анива,,Aniva,,iso:RU-SAK,RU-SAK,46.71666667,142.51666667,Q103652,2127154,,64708000001,,active,,wikidata,,2026-09-15,
wd:Q103747,wikidata,city,Ардатов,,Ardatov,,iso:RU-MO,RU-MO,54.85,46.23333333,Q103747,581187,,89603101001,,active,,wikidata,,2026-09-15,
wd:Q102755,wikidata,city,Азнакаево,,Aznaqay,,iso:RU-TA,RU-TA,54.85,53.06666667,Q102755,580062,,92602101001,,active,,wikidata,,2026-09-15,
wd:Q102659,wikidata,city,городской округ Белокуриха,,Belokurikha,,iso:RU-ALT,RU-ALT,52,84.98333333,Q102659,1510502,,01704000001,,active,,wikidata,,2026-09-15,
wd:Q104717,wikidata,city,Белово,,Belovo,,iso:RU-KEM,RU-KEM,54.41666667,86.3,Q104717,1510469,,32707000001,,active,,wikidata,,2026-09-15,
wd:Q103427,wikidata,city,Алексеевка,,Alexeyevka,,iso:RU-BEL,RU-BEL,50.63333333,38.68333333,Q103427,582956,,14710000001,,active,,wikidata,,2026-09-15,
wd:Q102603,wikidata,city,Алейск,,Aleysk,,iso:RU-ALT,RU-ALT,52.5,82.78333333,Q102603,1511783,,01703000001,,active,,wikidata,,2026-09-15,
wd:Q103676,wikidata,city,Апрелевка,,Aprelevka,,iso:RU-MOS,RU-MOS,55.53333333,37.05,Q103676,581321,,46750000006,,active,,wikidata,,2026-09-15,
wd:Q104530,wikidata,city,Бакал,,Bakal,,iso:RU-CHE,RU-CHE,54.93333333,58.8,Q104530,579738,,75649103001,,active,,wikidata,,2026-09-15,
wd:Q104609,wikidata,city,Барабинск,,Barabinsk,,iso:RU-NVS,RU-NVS,55.35,78.35,Q104609,1510916,,50604101001,,active,,wikidata,,2026-09-15,
wd:Q104010,wikidata,city,Артемовск,Артёмовск,Artyomovsk,,iso:RU-KYA,RU-KYA,54.35,93.43333333,Q104010,,,04630102001,,active,,wikidata,,2026-09-15,
wd:Q103620,wikidata,city,Анжеро-Судженск,,Anzhero-Sudzhensk,,iso:RU-KEM,RU-KEM,56.08333333,86.03333333,Q103620,1511494,,32704000001,,active,,wikidata,,2026-09-15,
wd:Q104569,wikidata,city,Балей,,Baley,,iso:RU-ZAB,RU-ZAB,51.58333333,116.63333333,Q104569,2027184,,76606101001,,active,,wikidata,,2026-09-15,
wd:Q103273,wikidata,city,Алдан,,Aldan,,iso:RU-SA,RU-SA,58.6,125.38333333,Q103273,2027968,,98603101001,,active,,wikidata,,2026-09-15,
wd:Q103661,wikidata,city,Апатиты,,Apatity,,iso:RU-MUR,RU-MUR,67.5675,33.39333333,Q103661,581357,,47705000001,,active,,wikidata,,2026-09-15,
wd:Q104957,wikidata,city,Белоярский,,Beloyarsky,,iso:RU-KHM,RU-KHM,63.71666667,66.66666667,Q104957,1510450,,71811151001,,active,,wikidata,,2026-09-15,
wd:Q103493,wikidata,city,Амурск,,Amursk,,iso:RU-KHA,RU-KHA,50.21666667,136.9,Q103493,2027749,,08603101001,,active,,wikidata,,2026-09-15,
wd:Q103377,wikidata,city,Александров,,Alexandrov,,iso:RU-VLA,RU-VLA,56.398054,38.736961,Q103377,583350,,17605101001,,active,,wikidata,,2026-09-15,
wd:Q104735,wikidata,city,Белогорск,,Belogorsk,,iso:RU-AMU,RU-AMU,50.91666667,128.48333333,Q104735,2026895,,10710000001,,active,,wikidata,,2026-09-15,
wd:Q104354,wikidata,city,Багратионовск,,Bagrationovsk,,iso:RU-KGD,RU-KGD,54.38333333,20.63333333,Q104354,579760,,27503000001,,active,,wikidata,,2026-09-15,
wd:Q104278,wikidata,city,Бабаево,,Babaevo,,iso:RU-VLG,RU-VLG,59.38333333,35.95,Q104278,580006,,19605101001,,active,,wikidata,,2026-09-15,
wd:Q104545,wikidata,city,Балабаново,,Balabanovo,,iso:RU-KLU,RU-KLU,55.18333333,36.65,Q104545,579529,,29606105001,,active,,wikidata,,2026-09-15,
wd:Q104801,wikidata,city,Белоусово,,Belousovo,,iso:RU-KLU,RU-KLU,55.09166667,36.66666667,Q104801,577856,,29613157001,,active,,wikidata,,2026-09-15,
wd:Q102435,wikidata,city,Калач-на-Дону,,Kalach-na-Donu,,iso:RU-VGG,RU-VGG,48.68333333,43.53333333,Q102435,554397,,18616101001,,active,,wikidata,,2026-09-15,
wd:Q104660,wikidata,city,Белая Холуница,,Belaya Kholunitsa,,iso:RU-KIR,RU-KIR,58.83333333,50.85,Q104660,578152,,33605101001,,active,,wikidata,,2026-09-15,
wd:Q103604,wikidata,city,Андреаполь,,Andreapol,,iso:RU-TVE,RU-TVE,56.65,32.26666667,Q103604,582105,,28602101001,,active,,wikidata,,2026-09-15,
wd:Q103196,wikidata,city,Алагир,,Alagir,,iso:RU-SE,RU-SE,43.04166667,44.21055556,Q103196,802078,,90605101001,,active,,wikidata,,2026-09-15,
wd:Q103850,wikidata,city,Арсеньев,,Arsenyev,,iso:RU-PRI,RU-PRI,44.16666667,133.26666667,Q103850,2027468,,05703000001,,active,,wikidata,,2026-09-15,
wd:Q104143,wikidata,city,Аткарск,,Atkarsk,,iso:RU-SAR,RU-SAR,51.86666667,45,Q104143,580420,,63604101001,,active,,wikidata,,2026-09-15,
wd:Q104345,wikidata,city,Бавлы,,Bavly,,iso:RU-TA,RU-TA,54.4,53.25,Q104345,578638,,92614101001,,active,,wikidata,,2026-09-15,
wd:Q104030,wikidata,city,Артемовский,Артёмовский,Artyomovsky,,iso:RU-SVE,RU-SVE,57.36666667,61.86666667,Q104030,1511368,,65703000001,,active,,wikidata,,2026-09-15,
wd:Q104538,wikidata,city,Баксан,,Baksan,,iso:RU-KB,RU-KB,43.68333333,43.53333333,Q104538,579574,,83703000001,,active,,wikidata,,2026-09-15,
wd:Q105035,wikidata,city,Беслан,,Beslan,,iso:RU-SE,RU-SE,43.18333333,44.53333333,Q105035,576697,,90635101001,,active,,wikidata,,2026-09-15,
wd:Q104773,wikidata,city,Беломорск,,Belomorsk,,iso:RU-KR,RU-KR,64.51666667,34.76666667,Q104773,577922,,86604101001,,active,,wikidata,,2026-09-15,
wd:Q104299,wikidata,city,Бабушкин,,Mysovsk,,iso:RU-BU,RU-BU,51.71666667,105.86666667,Q104299,2027276,,81624103001,,active,,wikidata,,2026-09-15,
wd:Q104564,wikidata,city,Балашов,,Balashov,,iso:RU-SAR,RU-SAR,51.55,43.16666667,Q104564,579460,,63608101001,,active,,wikidata,,2026-09-15,
wd:Q104658,wikidata,city,Белая Калитва,,Belaya Kalitva,,iso:RU-ROS,RU-ROS,48.16666667,40.78333333,Q104658,578155,,60606101001,,active,,wikidata,,2026-09-15,
wd:Q102521,wikidata,city,Адыгейск,,Adygeysk,,iso:RU-AD,RU-AD,44.88,39.19,Q102521,483142,,79703000001,,active,,wikidata,,2026-09-15,
wd:Q104703,wikidata,city,городское поселение Белебей,,Belebey,,iso:RU-BA,RU-BA,54.1,54.13333333,Q104703,578120,,80609101001,,active,,wikidata,,2026-09-15,
wd:Q104707,wikidata,city,Белев,Белёв,Belyov,,iso:RU-TUL,RU-TUL,53.8,36.13333333,Q104707,578091,,70606101001,,active,,wikidata,,2026-09-15,
wd:Q104367,wikidata,city,Байкальск,,Baykalsk,,iso:RU-IRK,RU-IRK,51.51722222,104.15611111,Q104367,2026979,,25634108001,,active,,wikidata,,2026-09-15,
wd:Q103176,wikidata,city,Аксай,,Aksay,,iso:RU-ROS,RU-ROS,47.26666667,39.86666667,Q103176,583673,,60602101001,,active,,wikidata,,2026-09-15,
wd:Q103212,wikidata,city,Алапаевск,,Alapayevsk,,iso:RU-SVE,RU-SVE,57.85,61.7,Q103212,1511954,,65728000001,,active,,wikidata,,2026-09-15,
wd:Q104111,wikidata,city,Асино,,Asino,,iso:RU-NVS,RU-NVS,57,86.15,Q104111,1511309,,69608101001,,active,,wikidata,,2026-09-15,
wd:Q104374,wikidata,city,Баймак,,Baymak,,iso:RU-BA,RU-BA,52.58333333,58.31666667,Q104374,578534,,80606101001,,active,,wikidata,,2026-09-15,
wd:Q105023,wikidata,city,Березовский,Берёзовский,Beryozovsky,,iso:RU-SVE,RU-SVE,56.9,60.8,Q105023,1510203,,65731000001,,active,,wikidata,,2026-09-15,
wd:Q133816,wikidata,city,Ворсма,,Vorsma,,iso:RU-NIZ,RU-NIZ,55.98333333,43.26666667,Q133816,471760,,22642103001,,active,,wikidata,,2026-09-15,
wd:Q134181,wikidata,city,Вышний Волочек,Вышний Волочёк,Vyshny Volochyok,,iso:RU-TVE,RU-TVE,57.59125,34.56453,Q134181,470252,,28714000001,,active,,wikidata,,2026-09-15,
wd:Q133093,wikidata,city,Вилючинск,,Vilyuchinsk,,iso:RU-KAM,RU-KAM,52.93333333,158.4,Q133093,2118647,,30735000001,,active,,wikidata,,2026-09-15,
wd:Q133010,wikidata,city,Верхнеуральск,,Verkhneuralsk,,iso:RU-CHE,RU-CHE,53.88333333,59.21666667,Q133010,475463,,75617101001,,active,,wikidata,,2026-09-15,
wd:Q132739,wikidata,city,Бронницы,,Bronnitsy,,iso:RU-MOS,RU-MOS,55.422,38.2631,Q132739,571557,,46705000001,,active,,wikidata,,2026-09-15,
wd:Q132855,wikidata,city,Буй,,Buy,,iso:RU-KOS,RU-KOS,58.48333333,41.51666667,Q132855,570508,,34705000001,,active,,wikidata,,2026-09-15,
wd:Q132974,wikidata,city,Венев,Венёв,Venyov,,iso:RU-TUL,RU-TUL,54.35,38.26666667,Q132974,475881,,70612101001,,active,,wikidata,,2026-09-15,
wd:Q134306,wikidata,city,Гаврилов Посад,,Gavrilov Posad,,iso:RU-IVA,RU-IVA,56.56666667,40.11666667,Q134306,561783,,24603101001,,active,,wikidata,,2026-09-15,
wd:Q133291,wikidata,city,Волгореченск,,Volgorechensk,,iso:RU-KOS,RU-KOS,57.43333333,41.16666667,Q133291,472750,,34706000001,,active,,wikidata,,2026-09-15,
wd:Q134375,wikidata,city,Галич,,Galich,,iso:RU-KOS,RU-KOS,58.38333333,42.35,Q134375,562161,,34708000001,,active,,wikidata,,2026-09-15,
wd:Q133057,wikidata,city,Верхоянск,,Verkhoyansk,,iso:RU-SA,RU-SA,67.55,133.38333333,Q133057,2013465,,98616103001,,active,,wikidata,,2026-09-15,
wd:Q141606,wikidata,city,Игарка,,Igarka,,iso:RU-KYA,RU-KYA,67.46666667,86.56666667,Q141606,1505991,,04654117001,,active,,wikidata,,2026-09-15,
wd:Q141666,wikidata,city,Избербаш,,Izberbash,,iso:RU-DA,RU-DA,42.56666667,47.86666667,Q141666,554894,,82715000001,,active,,wikidata,,2026-09-15,
wd:Q133819,wikidata,city,Карабаново,,Karabanovo,,iso:RU-VLA,RU-VLA,56.30888889,38.70138889,Q133819,552977,,17605105001,,active,,wikidata,,2026-09-15,
wd:Q132981,wikidata,city,Верея,,Vereya,,iso:RU-MOS,RU-MOS,55.33333333,36.18333333,Q132981,475701,,46750000011,,active,,wikidata,,2026-09-15,
wd:Q132972,wikidata,city,Вельск,,Velsk,,iso:RU-ARK,RU-ARK,61.06666667,42.1,Q132972,475938,,11605101001,,active,,wikidata,,2026-09-15,
wd:Q133049,wikidata,city,Верхняя Тура,,Verkhnyaya Tura,,iso:RU-SVE,RU-SVE,58.35743333,59.82244444,Q133049,474462,,65734000001,,active,,wikidata,,2026-09-15,
wd:Q132957,wikidata,city,Валуйки,,Valuyki,,iso:RU-BEL,RU-BEL,50.18333333,38.11666667,Q132957,477192,,14620101001,,active,,wikidata,,2026-09-15,
wd:Q141814,wikidata,city,Инза,,Inza,,iso:RU-ULY,RU-ULY,53.85,46.35,Q141814,556283,,73610101001,,active,,wikidata,,2026-09-15,
wd:Q132718,wikidata,city,Боровск,,Borovsk,,iso:RU-KLU,RU-KLU,55.2,36.48333333,Q132718,572070,,29606101001,,active,,wikidata,,2026-09-15,
wd:Q134169,wikidata,city,Высоковск,,Vysokovsk,,iso:RU-MOS,RU-MOS,56.31666667,36.55,Q134169,470083,,46737000006,,active,,wikidata,,2026-09-15,
wd:Q132724,wikidata,city,Бородино,,Borodino,,iso:RU-KYA,RU-KYA,55.9,94.9,Q132724,1508943,,04707000001,,active,,wikidata,,2026-09-15,
wd:Q132939,wikidata,city,Бутурлиновка,,Buturlinovka,,iso:RU-VOR,RU-VOR,50.825,40.58888889,Q132939,570563,,20608101001,,active,,wikidata,,2026-09-15,
wd:Q132931,wikidata,city,Буйнакск,,Buynaksk,,iso:RU-DA,RU-DA,42.81666667,47.11666667,Q132931,570479,,82705000001,,active,,wikidata,,2026-09-15,
wd:Q132806,wikidata,city,Бугульма,,Bugulma,,iso:RU-TA,RU-TA,54.53333333,52.78333333,Q132806,571170,,92617101001,,active,,wikidata,,2026-09-15,
wd:Q134163,wikidata,city,Выкса,,Vyksa,,iso:RU-NIZ,RU-NIZ,55.31944444,42.17305556,Q134163,470444,,22715000001,,active,,wikidata,,2026-09-15,
wd:Q134366,wikidata,city,Гаджиево,,Gadzhiyevo,,iso:RU-MUR,RU-MUR,69.25527778,33.31666667,Q134366,562245,,47737000005,,active,,wikidata,,2026-09-15,
wd:Q132832,wikidata,city,Буденновск,Будённовск,Budyonnovsk,,iso:RU-STA,RU-STA,44.78333333,44.15,Q132832,571306,,07612101001,,active,,wikidata,,2026-09-15,
wd:Q132698,wikidata,city,Борисоглебск,,Borisoglebsk,,iso:RU-VOR,RU-VOR,51.36666667,42.08333333,Q132698,572525,,20710000001,,active,,wikidata,,2026-09-15,
wd:Q133299,wikidata,city,Вуктыл,,Vuktyl,,iso:RU-KO,RU-KO,63.86666667,57.31666667,Q133299,470905,,87712000001,,active,,wikidata,,2026-09-15,
wd:Q133061,wikidata,city,Весьегонск,,Vesyegonsk,,iso:RU-TVE,RU-TVE,58.65,37.26666667,Q133061,473943,,28510000001,,active,,wikidata,,2026-09-15,
wd:Q133089,wikidata,city,Вилюйск,,Vilyuysk,,iso:RU-SA,RU-SA,63.75,121.61666667,Q133089,2013392,,98618101001,,active,,wikidata,,2026-09-15,
wd:Q132977,wikidata,city,Верещагино,,Vereshchagino,,iso:RU-PER,RU-PER,58.06666667,54.65,Q132977,475777,,57612101001,,active,,wikidata,,2026-09-15,
wd:Q133825,wikidata,city,Воскресенск,,Voskresensk,,iso:RU-MOS,RU-MOS,55.31666667,38.68333333,Q133825,471656,,46710000001,,active,,wikidata,,2026-09-15,
wd:Q132960,wikidata,city,Велиж,,Velizh,,iso:RU-SMO,RU-SMO,55.6,31.2,Q132960,475955,,66603101001,,active,,wikidata,,2026-09-15,
wd:Q133075,wikidata,city,Видное,,Vidnoye,,iso:RU-MOS,RU-MOS,55.55,37.7,Q133075,473778,,46707000001,,active,,wikidata,,2026-09-15,
wd:Q132846,wikidata,city,Буинск,,Buinsk,,iso:RU-TA,RU-TA,54.96666667,48.28333333,Q132846,571155,,92618101001,,active,,wikidata,,2026-09-15,
wd:Q134206,wikidata,city,Вяземский,,Vyazemsky,,iso:RU-KHA,RU-KHA,47.53333333,134.75,Q134206,2013229,,08617101001,,active,,wikidata,,2026-09-15,
wd:Q133071,wikidata,city,Ветлуга,,Vetluga,,iso:RU-NIZ,RU-NIZ,57.85555556,45.78111111,Q133071,473910,,22618101001,,active,,wikidata,,2026-09-15,
wd:Q134296,wikidata,city,Вязники,,Vyazniki,,iso:RU-IVA,RU-IVA,56.24333333,42.12916667,Q134296,470666,,17610101001,,active,,wikidata,,2026-09-15,
wd:Q133029,wikidata,city,Верхний Тагил,,Verkhny Tagil,,iso:RU-SVE,RU-SVE,57.38333333,59.93333333,Q133029,474821,,65733000001,,active,,wikidata,,2026-09-15,
wd:Q133102,wikidata,city,Вичуга,,Vichuga,,iso:RU-IVA,RU-IVA,57.2,41.91666667,Q133102,473788,,24703000001,,active,,wikidata,,2026-09-15,
wd:Q141697,wikidata,city,Изобильный,,Izobilny,,iso:RU-STA,RU-STA,45.36666667,41.71666667,Q141697,554770,,07620101001,,active,,wikidata,,2026-09-15,
wd:Q133052,wikidata,city,Верхотурье,,Verkhoturye,,iso:RU-SVE,RU-SVE,58.86666667,60.8,Q133052,1487219,,65709000001,,active,,wikidata,,2026-09-15,
wd:Q132947,wikidata,city,Валдай,,Valday,,iso:RU-NGR,RU-NGR,57.96666667,33.25,Q132947,477301,,49608101001,,active,,wikidata,,2026-09-15,
wd:Q133099,wikidata,city,Вихоревка,,Vikhorevka,,iso:RU-IRK,RU-IRK,56.11666667,101.16666667,Q133099,2013399,,25604103001,,active,,wikidata,,2026-09-15,
wd:Q132714,wikidata,city,Боровичи,,Borovichi,,iso:RU-NGR,RU-NGR,58.4,33.91666667,Q132714,572154,,49606101001,,active,,wikidata,,2026-09-15,
wd:Q173883,wikidata,city,Новоалександровск,,Novoalexandrovsk,,iso:RU-STA,RU-STA,45.49333333,41.21833333,Q173883,519106,,07643101001,,active,,wikidata,,2026-09-15,
wd:Q163845,wikidata,city,Навашино,,Navashino,,iso:RU-NIZ,RU-NIZ,55.53333333,42.2,Q163845,523198,,22730000001,,active,,wikidata,,2026-09-15,
wd:Q172470,wikidata,city,Нерюнгри,,Neryungri,,iso:RU-SA,RU-SA,56.65833333,124.725,Q172470,2019309,,98660101001,,active,,wikidata,,2026-09-15,
wd:Q175505,wikidata,city,Нолинск,,Nolinsk,,iso:RU-KIR,RU-KIR,57.55722222,49.93416667,Q175505,520041,,33627101001,,active,,wikidata,,2026-09-15,
wd:Q175141,wikidata,city,Новомичуринск,,Novomichurinsk,,iso:RU-RYA,RU-RYA,54.03333333,39.75,Q175141,518602,,61625114001,,active,,wikidata,,2026-09-15,
wd:Q165773,wikidata,city,Невель,,Nevel,,iso:RU-PSK,RU-PSK,56.01666667,29.93333333,Q165773,522410,,58620101001,,active,,wikidata,,2026-09-15,
wd:Q175541,wikidata,city,Нытва,,Nytva,,iso:RU-PER,RU-PER,57.93333333,55.33333333,Q175541,516576,,57727000001,,active,,wikidata,,2026-09-15,
wd:Q175209,wikidata,city,Новоржев,,Novorzhev,,iso:RU-PSK,RU-PSK,57.03333333,29.33333333,Q175209,518236,,58623101001,,active,,wikidata,,2026-09-15,
wd:Q175258,wikidata,city,Новосиль,,Novosil,,iso:RU-ORL,RU-ORL,52.96666667,37.05,Q175258,517947,,54643101001,,active,,wikidata,,2026-09-15,
wd:Q174185,wikidata,city,Ряжск,,Ryazhsk,,iso:RU-RYA,RU-RYA,53.71666667,40.06666667,Q174185,500047,,61630101001,,active,,wikidata,,2026-09-15,
wd:Q165790,wikidata,city,Невельск,,Nevelsk,,iso:RU-SAK,RU-SAK,46.65,141.86666667,Q165790,2122894,,64728000001,,active,,wikidata,,2026-09-15,
wd:Q172575,wikidata,city,Нефтегорск,,Neftegorsk,,iso:RU-SAM,RU-SAM,52.8,51.16666667,Q172575,522945,,36630101001,,active,,wikidata,,2026-09-15,
wd:Q162079,wikidata,city,Похвистнево,,Pokhvistnevo,,iso:RU-SAM,RU-SAM,53.65,52.13333333,Q162079,507624,,36727000001,,active,,wikidata,,2026-09-15,
wd:Q175371,wikidata,city,Новоузенск,,Novouzensk,,iso:RU-SAR,RU-SAR,50.45,48.15,Q175371,517739,,63630101001,,active,,wikidata,,2026-09-15,
wd:Q175360,wikidata,city,Новотроицк,,Novotroitsk,,iso:RU-ORE,RU-ORE,51.2009,58.298328,Q175360,517836,,53720000001,,active,,wikidata,,2026-09-15,
wd:Q174155,wikidata,city,Новокубанск,,Novokubansk,,iso:RU-KDA,RU-KDA,45.1,41.05,Q174155,518682,,03634101001,,active,,wikidata,,2026-09-15,
wd:Q159222,wikidata,city,Морозовск,,Morozovsk,,iso:RU-ROS,RU-ROS,48.35,41.83333333,Q159222,525162,,60634101001,,active,,wikidata,,2026-09-15,
wd:Q165844,wikidata,city,Невьянск,,Nevyansk,,iso:RU-SVE,RU-SVE,57.48333333,60.2,Q165844,1497795,,65714000001,,active,,wikidata,,2026-09-15,
wd:Q163907,wikidata,city,Назарово,,Nazarovo,,iso:RU-KYA,RU-KYA,56.00638889,90.39138889,Q163907,1497951,,04726000001,,active,,wikidata,,2026-09-15,
wd:Q162761,wikidata,city,Мышкин,,Myshkin,,iso:RU-YAR,RU-YAR,57.78333333,38.45,Q162761,523859,,78621101001,,active,,wikidata,,2026-09-15,
wd:Q175552,wikidata,city,Нюрба,,Nyurba,,iso:RU-SA,RU-SA,63.28333333,118.33333333,Q175552,2018735,,98626101001,,active,,wikidata,,2026-09-15,
wd:Q173943,wikidata,city,Нововоронеж,,Novovoronezh,,iso:RU-VOR,RU-VOR,51.31666667,39.21666667,Q173943,517716,,20727000001,,active,,wikidata,,2026-09-15,
wd:Q159261,wikidata,city,Московский,,Moskovsky,,iso:RU-MOW,RU-MOW,55.59911,37.35495,Q159261,857690,,,,active,,wikidata,,2026-09-15,
wd:Q172484,wikidata,city,Нестеров,,Nesterov,,iso:RU-KGD,RU-KGD,54.63333333,22.56666667,Q172484,522508,,27624101001,,active,,wikidata,,2026-09-15,
wd:Q159217,wikidata,city,Мончегорск,,Monchegorsk,,iso:RU-MUR,RU-MUR,67.93944444,32.91555556,Q159217,525404,,47715000001,,active,,wikidata,,2026-09-15,
wd:Q175380,wikidata,city,Новоульяновск,,Novoulyanovsk,,iso:RU-ULY,RU-ULY,54.15,48.38333333,Q175380,517766,,73715000001,,active,,wikidata,,2026-09-15,
wd:Q163864,wikidata,city,Наволоки,,Navoloki,,iso:RU-IVA,RU-IVA,57.46666667,41.96666667,Q163864,523161,,24611104001,,active,,wikidata,,2026-09-15,
wd:Q162640,wikidata,city,Мураши,,Murashi,,iso:RU-KIR,RU-KIR,59.38333333,48.96666667,Q162640,524414,,33624101001,,active,,wikidata,,2026-09-15,
wd:Q175407,wikidata,city,Новохоперск,Новохопёрск,Novokhopyorsk,,iso:RU-VOR,RU-VOR,51.1,41.61666667,Q175407,518745,,20627101001,,active,,wikidata,,2026-09-15,
wd:Q159240,wikidata,city,Мосальск,,Mosalsk,,iso:RU-KLU,RU-KLU,54.48333333,34.98333333,Q159240,525084,,29629101001,,active,,wikidata,,2026-09-15,
wd:Q173925,wikidata,city,Новоаннинский,,Novoanninsky,,iso:RU-VGG,RU-VGG,50.51666667,42.66666667,Q173925,519062,,18638101001,,active,,wikidata,,2026-09-15,
wd:Q174124,wikidata,city,Новодвинск,,Novodvinsk,,iso:RU-ARK,RU-ARK,64.41666667,40.81666667,Q174124,518909,,11715000001,,active,,wikidata,,2026-09-15,
wd:Q175533,wikidata,city,Нурлат,,Norlat,,iso:RU-TA,RU-TA,54.43333333,50.8,Q175533,516716,,92646101001,,active,,wikidata,,2026-09-15,
wd:Q163954,wikidata,city,Называевск,,Nazyvayevsk,,iso:RU-OMS,RU-OMS,55.56666667,71.35,Q163954,1497932,,52636101001,,active,,wikidata,,2026-09-15,
wd:Q163986,wikidata,city,Нариманов,,Narimanov,,iso:RU-AST,RU-AST,46.68333333,47.85,Q163986,523443,,12640101001,,active,,wikidata,,2026-09-15,
wd:Q172671,wikidata,city,Нижнеудинск,,Nizhneudinsk,,iso:RU-IRK,RU-IRK,54.9,99.01666667,Q172671,1497549,,25628101001,,active,,wikidata,,2026-09-15,
wd:Q174138,wikidata,city,Новозыбков,,Novozybkov,,iso:RU-BRY,RU-BRY,52.53333333,31.93333333,Q174138,517269,,15720000001,,active,,wikidata,,2026-09-15,
wd:Q173858,wikidata,city,Новая Ляля,,Novaya Lyalya,,iso:RU-SVE,RU-SVE,59.05,60.6,Q173858,1497276,,65716000001,,active,,wikidata,,2026-09-15,
wd:Q159501,wikidata,city,Муравленко,,Muravlenko,,iso:RU-TYU,RU-TYU,63.79444444,74.49722222,Q159501,1540711,,71955000001,,active,,wikidata,,2026-09-15,
wd:Q173047,wikidata,city,Никольск,,Nikolsk,,iso:RU-VLG,RU-VLG,59.53333333,45.45,Q173047,521773,,19634101001,,active,,wikidata,,2026-09-15,
wd:Q173008,wikidata,city,Нижняя Салда,,Nizhnyaya Salda,,iso:RU-SVE,RU-SVE,58.08333333,60.71666667,Q173008,1497393,,65750000001,,active,,wikidata,,2026-09-15,
wd:Q173015,wikidata,city,Нижняя Тура,,Nizhnyaya Tura,,iso:RU-SVE,RU-SVE,58.62083333,59.84777778,Q173015,520204,,65715000001,,active,,wikidata,,2026-09-15,
wd:Q172448,wikidata,city,Нерехта,,Nerekhta,,iso:RU-KOS,RU-KOS,57.45,40.58333333,Q172448,522594,,34626101001,,active,,wikidata,,2026-09-15,
wd:Q172366,wikidata,city,Нелидово,,Nelidovo,,iso:RU-TVE,RU-TVE,56.21666667,32.78333333,Q172366,522775,,28643101001,,active,,wikidata,,2026-09-15,
wd:Q165682,wikidata,city,Нарткала,,Nartkala,,iso:RU-KB,RU-KB,43.55,43.85,Q165682,523405,,83640101001,,active,,wikidata,,2026-09-15,
wd:Q173026,wikidata,city,Николаевск,,Nikolayevsk,,iso:RU-VGG,RU-VGG,50.01666667,45.45,Q173026,521874,,18636101001,,active,,wikidata,,2026-09-15,
wd:Q173903,wikidata,city,Новоалтайск,,Novoaltaysk,,iso:RU-ALT,RU-ALT,53.4,83.93333333,Q173903,1497173,,01713000001,,active,,wikidata,,2026-09-15,
wd:Q172608,wikidata,city,Нефтекумск,,Neftekumsk,,iso:RU-STA,RU-STA,44.75055556,44.97972222,Q172608,797781,,07641101001,,active,,wikidata,,2026-09-15,
wd:Q175353,wikidata,city,Новосокольники,,Novosokolniki,,iso:RU-LEN,RU-LEN,56.33333333,30.15,Q175353,517921,,58626101001,,active,,wikidata,,2026-09-15,
wd:Q177805,wikidata,city,Оханск,,Okhansk,,iso:RU-PER,RU-PER,57.71666667,55.38333333,Q177805,516073,,57642101001,,active,,wikidata,,2026-09-15,
wd:Q183093,wikidata,city,Поронайск,,Poronaysk,,iso:RU-SAK,RU-SAK,49.21666667,143.1,Q183093,2121909,,64740000001,,active,,wikidata,,2026-09-15,
wd:Q178152,wikidata,city,Перевоз,,Perevoz,,iso:RU-NIZ,RU-NIZ,55.59611111,44.54472222,Q178152,511287,,22644101001,,active,,wikidata,,2026-09-15,
wd:Q180082,wikidata,city,Стрежевой,,Strezhevoy,,iso:RU-TOM,RU-TOM,60.73333333,77.58333333,Q180082,1490796,,69710000001,,active,,wikidata,,2026-09-15,
wd:Q177829,wikidata,city,Очер,Очёр,Ochyor,,iso:RU-PER,RU-PER,57.88333333,54.71666667,Q177829,516256,,57644101001,,active,,wikidata,,2026-09-15,
wd:Q183183,wikidata,city,Пошехонье,,Poshekhonye,,iso:RU-MOS,RU-MOS,58.5,39.11666667,Q183183,506029,,78634101001,,active,,wikidata,,2026-09-15,
wd:Q177867,wikidata,city,Павловск,,Pavlovsk,,iso:RU-VOR,RU-VOR,50.458625,40.09333333,Q177867,512053,,20633101001,,active,,wikidata,,2026-09-15,
wd:Q179387,wikidata,city,Печора,,Pechora,,iso:RU-KO,RU-KO,65.144154,57.219689,Q179387,511794,,87620101001,,active,,wikidata,,2026-09-15,
wd:Q176264,wikidata,city,Озеры,Озёры,Ozyory,,iso:RU-MOS,RU-MOS,54.85,38.55,Q176264,513378,,46738000006,,active,,wikidata,,2026-09-15,
wd:Q179439,wikidata,city,Пионерский,,Pionersky,,iso:RU-KGD,RU-KGD,54.95,20.21666667,Q179439,509437,,27717000001,,active,,wikidata,,2026-09-15,
wd:Q176773,wikidata,city,Остров,,Ostrov,,iso:RU-PSK,RU-PSK,57.33333333,28.35,Q176773,514171,,58633101001,,active,,wikidata,,2026-09-15,
wd:Q176738,wikidata,city,Оса,,Osa,,iso:RU-PER,RU-PER,57.28333333,55.45,Q176738,514706,,57640101001,,active,,wikidata,,2026-09-15,
wd:Q176753,wikidata,city,Осинники,,Osinniki,,iso:RU-KEM,RU-KEM,53.61666667,87.33333333,Q176753,1495974,,32734000001,,active,,wikidata,,2026-09-15,
wd:Q184185,wikidata,city,Пролетарск,,Proletarsk,,iso:RU-ROS,RU-ROS,46.70305556,41.71916667,Q184185,504831,,60645101001,,active,,wikidata,,2026-09-15,
wd:Q182918,wikidata,city,Полярные Зори,,Polyarnye Zori,,iso:RU-MUR,RU-MUR,67.36583333,32.49805556,Q182918,506762,,47719000001,,active,,wikidata,,2026-09-15,
wd:Q178132,wikidata,city,Первомайск,,Pervomaysk,,iso:RU-NIZ,RU-NIZ,54.86666667,43.8,Q178132,511002,,22734000001,,active,,wikidata,,2026-09-15,
wd:Q177737,wikidata,city,Острогожск,,Ostrogozhsk,,iso:RU-VOR,RU-VOR,50.86666667,39.06666667,Q177737,514198,,20631101001,,active,,wikidata,,2026-09-15,
wd:Q178238,wikidata,city,Пестово,,Pestovo,,iso:RU-NGR,RU-NGR,58.6,35.81666667,Q178238,510364,,49632101001,,active,,wikidata,,2026-09-15,
wd:Q183106,wikidata,city,Порхов,,Porkhov,,iso:RU-PSK,RU-PSK,57.76666667,29.55,Q183106,506278,,58647101001,,active,,wikidata,,2026-09-15,
wd:Q178175,wikidata,city,Пересвет,,Peresvet,,iso:RU-MOS,RU-MOS,56.41666667,38.18333333,Q178175,6931086,,46728000011,,active,,wikidata,,2026-09-15,
wd:Q178857,wikidata,city,Петровск,,Petrovsk,,iso:RU-SAR,RU-SAR,52.31666667,45.38333333,Q178857,509987,,63635101001,,active,,wikidata,,2026-09-15,
wd:Q177770,wikidata,city,Отрадный,,Otradny,,iso:RU-SAM,RU-SAM,53.36666667,51.35,Q177770,513883,,36724000001,,active,,wikidata,,2026-09-15,
wd:Q178188,wikidata,city,Переславль-Залесский,,Pereslavl-Zalessky,,iso:RU-YAR,RU-YAR,56.73813333,38.85615278,Q178188,511359,,78705000001,,active,,wikidata,,2026-09-15,
wd:Q182906,wikidata,city,Полысаево,,Polysayevo,,iso:RU-KEM,RU-KEM,54.6,86.28333333,Q182906,1494456,,32732000001,,active,,wikidata,,2026-09-15,
wd:Q175795,wikidata,city,Озерск,Озёрск,Ozyorsk,,iso:RU-KGD,RU-KGD,54.41666667,22.01666667,Q175795,513406,,27516000001,,active,,wikidata,,2026-09-15,
wd:Q179407,wikidata,city,Печоры,,Pechory,,iso:RU-PSK,RU-PSK,57.81666667,27.6,Q179407,511785,,58640101001,,active,,wikidata,,2026-09-15,
wd:Q176395,wikidata,city,Омутнинск,,Omutninsk,,iso:RU-KIR,RU-KIR,58.66666667,52.18333333,Q176395,515267,,33628101001,,active,,wikidata,,2026-09-15,
wd:Q181548,wikidata,city,Покровск,,Pokrovsk,,iso:RU-SA,RU-SA,61.48333333,129.15,Q181548,2017824,,98644101001,,active,,wikidata,,2026-09-15,
wd:Q177839,wikidata,city,Павлово,,Pavlovo,,iso:RU-NIZ,RU-NIZ,55.96194444,43.09,Q177839,827329,,22642101001,,active,,wikidata,,2026-09-15,
wd:Q178322,wikidata,city,Петров Вал,,Petrov Val,,iso:RU-VGG,RU-VGG,50.13333333,45.21666667,Q178322,509826,,18618103001,,active,,wikidata,,2026-09-15,
wd:Q179464,wikidata,city,Плавск,,Plavsk,,iso:RU-MOS,RU-MOS,53.7,37.3,Q179464,509052,,70638101001,,active,,wikidata,,2026-09-15,
wd:Q176761,wikidata,city,Осташков,,Ostashkov,,iso:RU-TVE,RU-TVE,57.15,33.1,Q176761,514259,,28645101001,,active,,wikidata,,2026-09-15,
wd:Q177782,wikidata,city,Оха,,Okha,,iso:RU-SAK,RU-SAK,53.58888889,142.94916667,Q177782,2122614,,64736000001,,active,,wikidata,,2026-09-15,
wd:Q176592,wikidata,city,Онега,,Onega,,iso:RU-ARK,RU-ARK,63.91666667,38.08333333,Q176592,515246,,11646101001,,active,,wikidata,,2026-09-15,
wd:Q183145,wikidata,city,Почеп,,Pochep,,iso:RU-BRY,RU-BRY,52.93333333,33.45,Q183145,508656,,15644101001,,active,,wikidata,,2026-09-15,
wd:Q179495,wikidata,city,Поворино,,Povorino,,iso:RU-VOR,RU-VOR,51.2,42.25,Q179495,505806,,20639101001,,active,,wikidata,,2026-09-15,
wd:Q176348,wikidata,city,Олекминск,Олёкминск,Olyokminsk,,iso:RU-SA,RU-SA,60.38333333,120.43333333,Q176348,2018571,,98641101001,,active,,wikidata,,2026-09-15,
wd:Q177723,wikidata,city,Островной,,Ostrovnoy,,iso:RU-MUR,RU-MUR,68.05305556,39.51305556,Q177723,556268,,47731000001,,active,,wikidata,,2026-09-15,
wd:Q183208,wikidata,city,Приволжск,,Privolzhsk,,iso:RU-IVA,RU-IVA,57.38333333,41.28333333,Q183208,505060,,24620106001,,active,,wikidata,,2026-09-15,
wd:Q177920,wikidata,city,Палласовка,,Pallasovka,,iso:RU-VGG,RU-VGG,50.05,46.88333333,Q177920,513042,,18645101001,,active,,wikidata,,2026-09-15,
wd:Q175601,wikidata,city,Няндома,,Nyandoma,,iso:RU-ARK,RU-ARK,61.66666667,40.2,Q175601,516647,,11644101001,,active,,wikidata,,2026-09-15,
wd:Q177908,wikidata,city,Павловский Посад,,Pavlovsky Posad,,iso:RU-MOS,RU-MOS,55.78333333,38.65,Q177908,512023,,46759000001,,active,,wikidata,,2026-09-15,
wd:Q184095,wikidata,city,Приморско-Ахтарск,,Primorsko-Akhtarsk,,iso:RU-KDA,RU-KDA,46.05,38.18333333,Q184095,505259,,03641101001,,active,,wikidata,,2026-09-15,
wd:Q183162,wikidata,city,Починок,,Pochinok,,iso:RU-SMO,RU-SMO,54.4,32.45,Q183162,508606,,66633101001,,active,,wikidata,,2026-09-15,
wd:Q183193,wikidata,city,Правдинск,,Pravdinsk,,iso:RU-KGD,RU-KGD,54.45,21.01666667,Q183193,505599,,27519000001,,active,,wikidata,,2026-09-15,
wd:Q175727,wikidata,city,Обь,,Ob,,iso:RU-NVS,RU-NVS,54.99166667,82.7125,Q175727,1496421,,50717000001,,active,,wikidata,,2026-09-15,
wd:Q176325,wikidata,city,Октябрьский,,Oktyabrsky,,iso:RU-BA,RU-BA,54.48333333,53.48333333,Q176325,515879,,80735000001,,active,,wikidata,,2026-09-15,
wd:Q179486,wikidata,city,Плес,Плёс,Plyos,,iso:RU-IVA,RU-IVA,57.45,41.5,Q179486,509029,,24620104001,,active,,wikidata,,2026-09-15,
wd:Q179372,wikidata,city,Петушки,,Petushki,,iso:RU-MOS,RU-MOS,55.93333333,39.46666667,Q179372,509697,,17646101001,,active,,wikidata,,2026-09-15,
wd:Q183223,wikidata,city,Приморск,,Primorsk,,iso:RU-KGD,RU-KGD,54.73333333,20,Q183223,505270,,27605102051,,active,,wikidata,,2026-09-15,
wd:Q179361,wikidata,city,Петухово,,"Petukhovo (town), Kurgan Oblast",,iso:RU-KGN,RU-KGN,55.06666667,67.88333333,Q179361,1495022,,37626101001,,active,,wikidata,,2026-09-15,
wd:Q181550,wikidata,city,Слюдянка,,Slyudyanka,,iso:RU-IRK,RU-IRK,51.65944444,103.70611111,Q181550,2016422,,25634101001,,active,,wikidata,,2026-09-15,
wd:Q178105,wikidata,city,Певек,,Pevek,,iso:RU-CHU,RU-CHU,69.70333333,170.27888889,Q178105,2122090,,77705000001,,active,,wikidata,,2026-09-15,
wd:Q178090,wikidata,city,Партизанск,,Partizansk,,iso:RU-PRI,RU-PRI,43.13333333,133.13333333,Q178090,2018116,,05717000001,,active,,wikidata,,2026-09-15,
wd:Q179454,wikidata,city,Питкяранта,,Pitkyaranta,,iso:RU-KR,RU-KR,61.56666667,31.48333333,Q179454,509234,,86633101001,,active,,wikidata,,2026-09-15,
wd:Q154630,wikidata,city,Когалым,,Kogalym,,iso:RU-KHM,RU-KHM,62.26666667,74.48333333,Q154630,6695754,,71883000001,,active,,wikidata,,2026-09-15,
wd:Q154711,wikidata,city,Кологрив,,Kologriv,,iso:RU-KOS,RU-KOS,58.82522778,44.31144444,Q154711,546282,,34612101001,,active,,wikidata,,2026-09-15,
wd:Q159124,wikidata,city,Мичуринск,,Michurinsk,,iso:RU-TAM,RU-TAM,52.89222222,40.49277778,Q159124,527191,,68715000001,,active,,wikidata,,2026-09-15,
wd:Q145810,wikidata,city,Кизляр,,Kizlyar,,iso:RU-DA,RU-DA,43.85472222,46.71388889,Q145810,547840,,82730000001,,active,,wikidata,,2026-09-15,
wd:Q159081,wikidata,city,Михайловка,,Mikhaylovka,,iso:RU-VGG,RU-VGG,50.06666667,43.23333333,Q159081,527012,,18720000001,,active,,wikidata,,2026-09-15,
wd:Q154669,wikidata,city,Козловка,,Kozlovka,,iso:RU-CU,RU-CU,55.83333333,48.25,Q154669,543133,,97619101001,,active,,wikidata,,2026-09-15,
wd:Q158848,wikidata,city,Мещовск,,Meshchovsk,,iso:RU-KLU,RU-KLU,54.31666667,35.28333333,Q158848,527405,,29627101001,,active,,wikidata,,2026-09-15,
wd:Q153698,wikidata,city,Клин,,Klin,,iso:RU-MOS,RU-MOS,56.33388889,36.7125,Q153698,547523,,46737000001,,active,,wikidata,,2026-09-15,
wd:Q154785,wikidata,city,Комсомольск,,Komsomolsk,,iso:RU-IVA,RU-IVA,57.03333333,40.38333333,Q154785,545736,,24613101001,,active,,wikidata,,2026-09-15,
wd:Q153734,wikidata,city,Княгинино,,Knyaginino,,iso:RU-NIZ,RU-NIZ,55.81666667,45.03333333,Q153734,547162,,22633101001,,active,,wikidata,,2026-09-15,
wd:Q176337,wikidata,city,Окуловка,,"Okulovka (town), Novgorod Oblast",,iso:RU-NGR,RU-NGR,58.38333333,33.3,Q176337,515771,,49628101001,,active,,wikidata,,2026-09-15,
wd:Q159112,wikidata,city,Михайловск,,Mikhaylovsk,,iso:RU-STA,RU-STA,45.12833333,42.02555556,Q159112,802557,,07658101001,,active,,wikidata,,2026-09-15,
wd:Q153787,wikidata,city,Ковылкино,,Kovylkino,,iso:RU-MO,RU-MO,54.03333333,43.91666667,Q153787,543436,,89629101001,,active,,wikidata,,2026-09-15,
wd:Q145993,wikidata,city,Шумиха,,Shumikha,,iso:RU-KGN,RU-KGN,55.23333333,63.28333333,Q145993,1491999,,37642101001,,active,,wikidata,,2026-09-15,
wd:Q158798,wikidata,city,Мелеуз,,Meleuz,,iso:RU-BA,RU-BA,52.96467,55.93277,Q158798,527717,,80641101001,,active,,wikidata,,2026-09-15,
wd:Q155229,wikidata,city,Кораблино,,Korablino,,iso:RU-RYA,RU-RYA,53.91666667,40.01666667,Q155229,545001,,61612101001,,active,,wikidata,,2026-09-15,
wd:Q154661,wikidata,city,Козельск,,Kozelsk,,iso:RU-KLU,RU-KLU,54.03527778,35.77666667,Q154661,543348,,29616101001,,active,,wikidata,,2026-09-15,
wd:Q158864,wikidata,city,Микунь,,Mikun,,iso:RU-KO,RU-KO,62.35,50.06666667,Q158864,526600,,87644105001,,active,,wikidata,,2026-09-15,
wd:Q155095,wikidata,city,Конаково,,Konakovo,,iso:RU-TVE,RU-TVE,56.7129024,36.7783056,Q155095,545673,,28630101001,,active,,wikidata,,2026-09-15,
wd:Q154704,wikidata,city,Кола,,Kola,,iso:RU-MUR,RU-MUR,68.88129,33.01968,Q154704,546554,,47605101001,,active,,wikidata,,2026-09-15,
wd:Q159071,wikidata,city,Михайлов,,Mikhaylov,,iso:RU-RYA,RU-RYA,54.23333333,39.03333333,Q159071,527034,,61617101001,,active,,wikidata,,2026-09-15,
wd:Q152906,wikidata,city,Лакинск,,Lakinsk,,iso:RU-IVA,RU-IVA,56.01694444,39.94944444,Q152906,537107,,17650110001,,active,,wikidata,,2026-09-15,
wd:Q159139,wikidata,city,Можайск,,Mozhaysk,,iso:RU-MOS,RU-MOS,55.5,36.03333333,Q159139,524712,,46545000001,,active,,wikidata,,2026-09-15,
wd:Q155122,wikidata,city,Кондрово,,Kondrovo,,iso:RU-KLU,RU-KLU,54.80639,35.92778,Q155122,545575,,29608101001,,active,,wikidata,,2026-09-15,
wd:Q154725,wikidata,city,Колпашево,,Kolpashevo,,iso:RU-TOM,RU-TOM,58.31666667,82.91666667,Q154725,1502862,,69632101001,,active,,wikidata,,2026-09-15,
wd:Q158788,wikidata,city,Меленки,,Melenki,,iso:RU-VLA,RU-VLA,55.33333333,41.63333333,Q158788,527740,,17642101001,,active,,wikidata,,2026-09-15,
wd:Q150346,wikidata,city,Ялуторовск,,Yalutorovsk,,iso:RU-TYU,RU-TYU,56.65,66.3,Q150346,1486468,,71715000001,,active,,wikidata,,2026-09-15,
wd:Q159134,wikidata,city,Могоча,,Mogocha,,iso:RU-ZAB,RU-ZAB,53.73333333,119.76666667,Q159134,2019912,,76626101001,,active,,wikidata,,2026-09-15,
wd:Q159097,wikidata,city,Михайловск,,Mikhaylovsk,,iso:RU-SVE,RU-SVE,56.43333333,59.11666667,Q159097,526815,,65628104001,,active,,wikidata,,2026-09-15,
wd:Q158775,wikidata,city,Мезень,,Mezen',,iso:RU-ARK,RU-ARK,65.85,44.23333333,Q158775,527321,,11642101001,,active,,wikidata,,2026-09-15,
wd:Q146372,wikidata,city,Лукоянов,,Lukoyanov,,iso:RU-NIZ,RU-NIZ,55.03833333,44.49777778,Q146372,533400,,22639101001,,active,,wikidata,,2026-09-15,
wd:Q146468,wikidata,city,Кинель,,Kinel,,iso:RU-SAM,RU-SAM,53.23333333,50.61666667,Q146468,548625,,36708000001,,active,,wikidata,,2026-09-15,
wd:Q153715,wikidata,city,Клинцы,,Klintsy,,iso:RU-BRY,RU-BRY,52.75277778,32.23611111,Q153715,547475,,15715000001,,active,,wikidata,,2026-09-15,
wd:Q145906,wikidata,city,Опочка,,Opochka,,iso:RU-PSK,RU-PSK,56.71666667,28.65,Q145906,515155,,58629101001,,active,,wikidata,,2026-09-15,
wd:Q146043,wikidata,city,Нерчинск,,Nerchinsk,,iso:RU-ZAB,RU-ZAB,51.98333333,116.58333333,Q146043,2019326,,76628101001,,active,,wikidata,,2026-09-15,
wd:Q153380,wikidata,city,Кинешма,,Kineshma,,iso:RU-IVA,RU-IVA,57.45,42.15,Q153380,548605,,24705000001,,active,,wikidata,,2026-09-15,
wd:Q153490,wikidata,city,Киров,,Kirov,,iso:RU-KLU,RU-KLU,54.08333333,34.3,Q153490,548410,,29614101001,,active,,wikidata,,2026-09-15,
wd:Q153392,wikidata,city,Киреевск,,Kireyevsk,,iso:RU-TUL,RU-TUL,53.93333333,37.93333333,Q153392,548506,,70628101001,,active,,wikidata,,2026-09-15,
wd:Q146334,wikidata,city,Луза,,Luza,,iso:RU-KIR,RU-KIR,60.61666667,47.28333333,Q146334,533143,,33522000001,,active,,wikidata,,2026-09-15,
wd:Q154648,wikidata,city,Кодинск,,Kodinsk,,iso:RU-KYA,RU-KYA,58.6,99.18333333,Q154648,1503037,,04624101001,,active,,wikidata,,2026-09-15,
wd:Q158872,wikidata,city,Миллерово,,Millerovo,,iso:RU-ROS,RU-ROS,48.91666667,40.4,Q158872,526558,,60632101001,,active,,wikidata,,2026-09-15,
wd:Q154747,wikidata,city,Кольчугино,,Kolchugino,,iso:RU-VLA,RU-VLA,56.29916667,39.38305556,Q154747,546521,,17640101001,,active,,wikidata,,2026-09-15,
wd:Q153453,wikidata,city,Кириллов,,Kirillov,,iso:RU-VLG,RU-VLG,59.86666667,38.38333333,Q153453,548478,,19628101001,,active,,wikidata,,2026-09-15,
wd:Q159149,wikidata,city,Можга,,Mozhga,,iso:RU-UD,RU-UD,56.45,52.21666667,Q159149,524699,,94730000001,,active,,wikidata,,2026-09-15,
wd:Q155133,wikidata,city,Константиновск,,Konstantinovsk,,iso:RU-ROS,RU-ROS,47.58333333,41.1,Q155133,545277,,60625101001,,active,,wikidata,,2026-09-15,
wd:Q158816,wikidata,city,Менделеевск,,Mendeleyevsk,,iso:RU-TA,RU-TA,55.9,52.31666667,Q158816,527579,,92639101001,,active,,wikidata,,2026-09-15,
wd:Q159041,wikidata,city,Миньяр,,Minyar,,iso:RU-CHE,RU-CHE,55.06666667,57.55,Q159041,526408,,75609103001,,active,,wikidata,,2026-09-15,
wd:Q158936,wikidata,city,Минеральные Воды,,Mineralnye Vody,,iso:RU-STA,RU-STA,44.20083333,43.1125,Q158936,526480,,07721000001,,active,,wikidata,,2026-09-15,
wd:Q153412,wikidata,city,Киренск,,Kirensk,,iso:RU-IRK,RU-IRK,57.78333333,108.1,Q153412,2022083,,25620101001,,active,,wikidata,,2026-09-15,
wd:Q158830,wikidata,city,Мензелинск,,Menzelinsk,,iso:RU-TA,RU-TA,55.71666667,53.08333333,Q158830,527529,,92640101001,,active,,wikidata,,2026-09-15,
wd:Q153636,wikidata,city,Кирс,,Kirs,,iso:RU-KIR,RU-KIR,59.33716667,52.24547222,Q153636,548333,,33607101001,,active,,wikidata,,2026-09-15,
wd:Q153609,wikidata,city,Кировск,,Kirovsk,,iso:RU-MUR,RU-MUR,67.61416667,33.67166667,Q153609,548391,,47712000001,,active,,wikidata,,2026-09-15,
wd:Q146419,wikidata,city,Кимовск,,Kimovsk,,iso:RU-TUL,RU-TUL,53.96666667,38.53333333,Q146419,548658,,70626101001,,active,,wikidata,,2026-09-15,
wd:Q143247,wikidata,city,Исилькуль,,Isilkul,,iso:RU-OMS,RU-OMS,54.90888889,71.26055556,Q143247,1505438,,52615101001,,active,,wikidata,,2026-09-15,
wd:Q143052,wikidata,city,Ипатово,,Ipatovo,,iso:RU-STA,RU-STA,45.71666667,42.9,Q143052,556230,,07622101001,,active,,wikidata,,2026-09-15,
wd:Q72360,wikidata,city,Дмитриев,,Dmitriyev,,iso:RU-KRS,RU-KRS,52.12888889,35.07555556,Q72360,566015,,01944992,,active,,wikidata,,2026-09-15,
wd:Q145476,wikidata,city,Касли,,Kasli,,iso:RU-CHE,RU-CHE,55.88333333,60.75,Q145476,1504251,,75626101001,,active,,wikidata,,2026-09-15,
wd:Q145426,wikidata,city,Карталы,,Kartaly,,iso:RU-CHE,RU-CHE,53.05,60.65,Q145426,1504317,,75623101001,,active,,wikidata,,2026-09-15,
wd:Q144123,wikidata,city,Камызяк,,Kamyzyak,,iso:RU-AST,RU-AST,46.11666667,48.08333333,Q144123,553248,,12625101001,,active,,wikidata,,2026-09-15,
wd:Q83621,wikidata,city,Иланский,,Ilansky,,iso:RU-KYA,RU-KYA,56.23333333,96.06666667,Q83621,1505933,,04618101001,,active,,wikidata,,2026-09-15,
wd:Q102307,wikidata,city,Вязьма,,Vyazma,,iso:RU-SMO,RU-SMO,55.21027778,34.285,Q102307,470676,,66605101001,,active,,wikidata,,2026-09-15,
wd:Q145115,wikidata,city,Карачев,,Karachev,,iso:RU-BRY,RU-BRY,53.11666667,34.98333333,Q145115,552920,,15624101001,,active,,wikidata,,2026-09-15,
wd:Q143775,wikidata,city,Калязин,,Kalyazin,,iso:RU-TVE,RU-TVE,57.23333333,37.85,Q143775,553884,,28622101001,,active,,wikidata,,2026-09-15,
wd:Q72656,wikidata,city,Обоянь,,Oboyan,,iso:RU-KRS,RU-KRS,51.20885,36.26371111,Q72656,516400,,38626101001,,active,,wikidata,,2026-09-15,
wd:Q145621,wikidata,city,Кашин,,Kashin,,iso:RU-TVE,RU-TVE,57.36,37.60388889,Q145621,551986,,28624101001,,active,,wikidata,,2026-09-15,
wd:Q145552,wikidata,city,Катав-Ивановск,,Katav-Ivanovsk,,iso:RU-CHE,RU-CHE,54.75,58.2,Q145552,551794,,75629101001,,active,,wikidata,,2026-09-15,
wd:Q145261,wikidata,city,Каргополь,,Kargopol,,iso:RU-ARK,RU-ARK,61.5,38.93333333,Q145261,552465,,11618101001,,active,,wikidata,,2026-09-15,
wd:Q143839,wikidata,city,Каменка,,Kamenka,,iso:RU-PNZ,RU-PNZ,53.18333333,44.05,Q143839,553725,,56629101001,,active,,wikidata,,2026-09-15,
wd:Q83339,wikidata,city,Волчанск,,Volchansk,,iso:RU-SVE,RU-SVE,59.93333333,60.05,Q83339,1486984,,65735000001,,active,,wikidata,,2026-09-15,
wd:Q143481,wikidata,city,Кадников,,Kadnikov,,iso:RU-VLG,RU-VLG,59.5,40.33333333,Q143481,554554,,19638104001,,active,,wikidata,,2026-09-15,
wd:Q143697,wikidata,city,Калининск,,Kalininsk,,iso:RU-SAR,RU-SAR,51.5,44.45,Q143697,554199,,63621101001,,active,,wikidata,,2026-09-15,
wd:Q143614,wikidata,city,Калачинск,,Kalachinsk,,iso:RU-OMS,RU-OMS,55.05,74.58333333,Q143614,1505074,,52618101001,,active,,wikidata,,2026-09-15,
wd:Q142009,wikidata,city,Инсар,,Insar,,iso:RU-MO,RU-MO,53.86666667,44.36666667,Q142009,556318,,89624101001,,active,,wikidata,,2026-09-15,
wd:Q144844,wikidata,city,Карабаш,,Karabash,,iso:RU-CHE,RU-CHE,55.48333333,60.2,Q144844,1504636,,75715000001,,active,,wikidata,,2026-09-15,
wd:Q145187,wikidata,city,Каргат,,Kargat,,iso:RU-NVS,RU-NVS,55.2,80.28333333,Q145187,1504380,,50619101001,,active,,wikidata,,2026-09-15,
wd:Q102152,wikidata,city,Волоколамск,,Volokolamsk,,iso:RU-MOS,RU-MOS,56.03333333,35.95,Q102152,472433,,46508000001,,active,,wikidata,,2026-09-15,
wd:Q143297,wikidata,city,Истра,,Istra,,iso:RU-MOS,RU-MOS,55.91666667,36.86666667,Q143297,555746,,46533000001,,active,,wikidata,,2026-09-15,
wd:Q145012,wikidata,city,Карасук,,Karasuk,,iso:RU-NVS,RU-NVS,53.73333333,78.03333333,Q145012,1504489,,50617101001,,active,,wikidata,,2026-09-15,
wd:Q72373,wikidata,city,Заозерный,Заозёрный,Zaozyorny,,iso:RU-KYA,RU-KYA,55.96666667,94.7,Q72373,1485487,,04647101001,,active,,wikidata,,2026-09-15,
wd:Q145669,wikidata,city,Кедровый,,Kedrovy,,iso:RU-TOM,RU-TOM,57.56666667,79.56666667,Q145669,1540484,,69707000001,,active,,wikidata,,2026-09-15,
wd:Q72704,wikidata,city,Суджа,,Sudzha,,iso:RU-KRS,RU-KRS,51.19138889,35.27055556,Q72704,486816,,38640101001,,active,,wikidata,,2026-09-15,
wd:Q145583,wikidata,city,Качканар,,Kachkanar,,iso:RU-SVE,RU-SVE,58.7,59.48333333,Q145583,554599,,65743000001,,active,,wikidata,,2026-09-15,
wd:Q145406,wikidata,city,Карпинск,,Karpinsk,,iso:RU-SVE,RU-SVE,59.76666667,60,Q145406,1504343,,65742000001,,active,,wikidata,,2026-09-15,
wd:Q102364,wikidata,city,Ельня,,Yelnya,,iso:RU-SMO,RU-SMO,54.56666667,33.16666667,Q102364,467753,,66619101001,,active,,wikidata,,2026-09-15,
wd:Q143557,wikidata,city,Калач,,Kalach,,iso:RU-VOR,RU-VOR,50.42583333,41.01555556,Q143557,554410,,20615101001,,active,,wikidata,,2026-09-15,
wd:Q144057,wikidata,city,Камень-на-Оби,,Kamen-na-Obi,,iso:RU-ALT,RU-ALT,53.79194444,81.34861111,Q144057,1504871,,01616101001,,active,,wikidata,,2026-09-15,
wd:Q76493,wikidata,city,Дзержинск,,Dzerzhinsk,,iso:RU-NIZ,RU-NIZ,56.23333333,43.45,Q76493,563708,,22721000001,,active,,wikidata,,2026-09-15,
wd:Q145567,wikidata,city,Катайск,,Kataysk,,iso:RU-KGN,RU-KGN,56.3,62.56666667,Q145567,1504212,,37612101001,,active,,wikidata,,2026-09-15,
wd:Q102334,wikidata,city,Дмитров,,Dmitrov,,iso:RU-MOS,RU-MOS,56.35,37.53333333,Q102334,565955,,46515000001,,active,,wikidata,,2026-09-15,
wd:Q144969,wikidata,city,Карабулак,,Karabulak,,iso:RU-IN,RU-IN,43.3,44.9,Q144969,552951,,26710000001,,active,,wikidata,,2026-09-15,
wd:Q145638,wikidata,city,Кашира,,Kashira,,iso:RU-MOS,RU-MOS,54.83333333,38.15,Q145638,551964,,46735000001,,active,,wikidata,,2026-09-15,
wd:Q143722,wikidata,city,Калтан,,Kaltan,,iso:RU-KEM,RU-KEM,53.51666667,87.26666667,Q143722,1504972,,32715000001,,active,,wikidata,,2026-09-15,
wd:Q144097,wikidata,city,Камешково,,Kameshkovo,,iso:RU-IVA,RU-IVA,56.34916667,40.99777778,Q144097,553389,,17625101001,,active,,wikidata,,2026-09-15,
wd:Q143376,wikidata,city,Ишимбай,,Ishimbay,,iso:RU-BA,RU-BA,53.45,56.03333333,Q143376,555980,,80631101001,,active,,wikidata,,2026-09-15,
wd:Q143334,wikidata,city,Ишим,,Ishim,,iso:RU-TYU,RU-TYU,56.11666667,69.5,Q143334,1505453,,71705000001,,active,,wikidata,,2026-09-15,
wd:Q155515,wikidata,city,Кохма,,Kokhma,,iso:RU-IVA,RU-IVA,56.93333333,41.08333333,Q155515,546672,,24706000001,,active,,wikidata,,2026-09-15,
wd:Q156046,wikidata,city,Курильск,,Kurilsk,,iso:RU-SAK,RU-SAK,45.22611111,147.87666667,Q156046,2123979,,64720000001,,active,,wikidata,,2026-09-15,
wd:Q134707,wikidata,city,Гурьевск,,Guryevsk,,iso:RU-KGD,RU-KGD,54.76666667,20.6,Q134707,557906,,27707000001,,active,,wikidata,,2026-09-15,
wd:Q155818,wikidata,city,городской округ Октябрьск,,Oktyabrsk,,iso:RU-SAM,RU-SAM,53.16666667,48.66666667,Q155818,515938,,36718000001,,active,,wikidata,,2026-09-15,
wd:Q156209,wikidata,city,Куртамыш,,Kurtamysh,,iso:RU-KGN,RU-KGN,54.9,64.43333333,Q156209,1501255,,37616101001,,active,,wikidata,,2026-09-15,
wd:Q134667,wikidata,city,Грязовец,,Gryazovets,,iso:RU-VLG,RU-VLG,58.88333333,40.25,Q134667,558236,,19624101001,,active,,wikidata,,2026-09-15,
wd:Q155615,wikidata,city,Краснознаменск,,Krasnoznamensk,,iso:RU-MOS,RU-MOS,55.6,37.03333333,Q155615,6417459,,46706000001,,active,,wikidata,,2026-09-15,
wd:Q134732,wikidata,city,Гусиноозерск,Гусиноозёрск,Gusinoozyorsk,,iso:RU-BU,RU-BU,51.28333333,106.51666667,Q134732,2023782,,81648101001,,active,,wikidata,,2026-09-15,
wd:Q155774,wikidata,city,Красноуральск,,Krasnouralsk,,iso:RU-SVE,RU-SVE,58.35,60.05,Q155774,1502060,,65746000001,,active,,wikidata,,2026-09-15,
wd:Q155853,wikidata,city,Кременки,Кремёнки,Kremyonki,,iso:RU-KLU,RU-KLU,54.88916667,37.12333333,Q155853,541235,,29613160001,,active,,wikidata,,2026-09-15,
wd:Q134760,wikidata,city,Дальнереченск,,Dalnerechensk,,iso:RU-PRI,RU-PRI,45.93333333,133.73333333,Q134760,2025159,,05708000001,,active,,wikidata,,2026-09-15,
wd:Q134528,wikidata,city,Гороховец,,Gorokhovets,,iso:RU-VLA,RU-VLA,56.20277778,42.6925,Q134528,559459,,17615101001,,active,,wikidata,,2026-09-15,
wd:Q155893,wikidata,city,Кстово,,Kstovo,,iso:RU-NIZ,RU-NIZ,56.15166667,44.19555556,Q155893,540103,,22637101001,,active,,wikidata,,2026-09-15,
wd:Q134670,wikidata,city,Губаха,,Gubakha,,iso:RU-PER,RU-PER,58.86666667,57.58333333,Q134670,558209,,57516000001,,active,,wikidata,,2026-09-15,
wd:Q155912,wikidata,city,Кувандык,,Kuvandyk,,iso:RU-ORE,RU-ORE,51.48333333,57.35,Q155912,538138,,53714000001,,active,,wikidata,,2026-09-15,
wd:Q134717,wikidata,city,Гурьевск,,Guryevsk,,iso:RU-KEM,RU-KEM,54.28333333,85.93333333,Q134717,1506073,,32602101001,,active,,wikidata,,2026-09-15,
wd:Q155560,wikidata,city,Красновишерск,,Krasnovishersk,,iso:RU-PER,RU-PER,60.4,57.06666667,Q155560,542184,,57626101001,,active,,wikidata,,2026-09-15,
wd:Q134686,wikidata,city,Губкинский,,Gubkinsky,,iso:RU-TYU,RU-TYU,64.43333333,76.5,Q134686,1539209,,71952000001,,active,,wikidata,,2026-09-15,
wd:Q155836,wikidata,city,Красный Холм,,Krasny Kholm,,iso:RU-TVE,RU-TVE,58.05,37.01666667,Q155836,541704,,28632101001,,active,,wikidata,,2026-09-15,
wd:Q134770,wikidata,city,Данилов,,Danilov,,iso:RU-YAR,RU-YAR,58.18333333,40.18333333,Q134770,567183,,78615101001,,active,,wikidata,,2026-09-15,
wd:Q155553,wikidata,city,Красноармейск,,Krasnoarmeysk,,iso:RU-SAR,RU-SAR,51.01666667,45.7,Q155553,542464,,63622101001,,active,,wikidata,,2026-09-15,
wd:Q155732,wikidata,city,Краснослободск,,Krasnoslobodsk,,iso:RU-VGG,RU-VGG,48.7,44.56666667,Q155732,542213,,18651107001,,active,,wikidata,,2026-09-15,
wd:Q155923,wikidata,city,Кувшиново,,Kuvshinovo,,iso:RU-TVE,RU-TVE,57.03333333,34.16666667,Q155923,538104,,28634101001,,active,,wikidata,,2026-09-15,
wd:Q155902,wikidata,city,Кубинка,,Kubinka,,iso:RU-MOS,RU-MOS,55.57638889,36.69472222,Q155902,540030,,46755000016,,active,,wikidata,,2026-09-15,
wd:Q134512,wikidata,city,Городище,,Gorodishche,,iso:RU-PNZ,RU-PNZ,53.26666667,45.7,Q134512,559643,,56618101001,,active,,wikidata,,2026-09-15,
wd:Q134473,wikidata,city,Горбатов,,Gorbatov,,iso:RU-NIZ,RU-NIZ,56.13333333,43.06666667,Q134473,560285,,22642105001,,active,,wikidata,,2026-09-15,
wd:Q155968,wikidata,city,Кумертау,,Kumertau,,iso:RU-BA,RU-BA,52.76666667,55.78333333,Q155968,539283,,80723000001,,active,,wikidata,,2026-09-15,
wd:Q155745,wikidata,city,Краснослободск,,Krasnoslobodsk,,iso:RU-MO,RU-MO,54.43333333,43.78333333,Q155745,542212,,89634101001,,active,,wikidata,,2026-09-15,
wd:Q155624,wikidata,city,Краснокаменск,,Krasnokamensk,,iso:RU-ZAB,RU-ZAB,50.1,118.03333333,Q155624,2021618,,76621101001,,active,,wikidata,,2026-09-15,
wd:Q134519,wikidata,city,Городовиковск,,Gorodovikovsk,,iso:RU-KL,RU-KL,46.08333333,41.93333333,Q134519,559475,,85605101001,,active,,wikidata,,2026-09-15,
wd:Q155797,wikidata,city,Красный Кут,,Krasny Kut,,iso:RU-SAR,RU-SAR,50.95,46.96666667,Q155797,541647,,63623101001,,active,,wikidata,,2026-09-15,
wd:Q155606,wikidata,city,Краснознаменск,,Krasnoznamensk,,iso:RU-KGD,RU-KGD,54.95,22.5,Q155606,541947,,27513000001,,active,,wikidata,,2026-09-15,
wd:Q134735,wikidata,city,Гусь-Хрустальный,,Gus-Khrustalny,,iso:RU-VLA,RU-VLA,55.61666667,40.65,Q134735,557775,,17720000001,,active,,wikidata,,2026-09-15,
wd:Q134506,wikidata,city,Городец,,Gorodets,,iso:RU-NIZ,RU-NIZ,56.65027778,43.47027778,Q134506,559678,,22628101001,,active,,wikidata,,2026-09-15,
wd:Q134663,wikidata,city,Грязи,,Gryazi,,iso:RU-LIP,RU-LIP,52.5,39.93333333,Q134663,558312,,42606101001,,active,,wikidata,,2026-09-15,
wd:Q134693,wikidata,city,Гудермес,,Gudermes,,iso:RU-CE,RU-CE,43.35,46.1,Q134693,558118,,96610101001,,active,,wikidata,,2026-09-15,
wd:Q155990,wikidata,city,Купино,,Kupino,,iso:RU-NVS,RU-NVS,54.36666667,77.3,Q155990,1501365,,50632101001,,active,,wikidata,,2026-09-15,
wd:Q156066,wikidata,city,Куровское,,Kurovskoye,,iso:RU-MOS,RU-MOS,55.58333333,38.91666667,Q156066,538601,,46757000011,,active,,wikidata,,2026-09-15,
wd:Q134493,wikidata,city,Горняк,,Gornyak,,iso:RU-ALT,RU-ALT,51,81.46666667,Q134493,1506260,,01625101001,,active,,wikidata,,2026-09-15,
wd:Q134776,wikidata,city,Данков,,Dankov,,iso:RU-LIP,RU-LIP,53.25,39.15,Q134776,567109,,42609101001,,active,,wikidata,,2026-09-15,
wd:Q134752,wikidata,city,Далматово,,Dalmatovo,,iso:RU-KGN,RU-KGN,56.26666667,62.91666667,Q134752,1507565,,37608101001,,active,,wikidata,,2026-09-15,
wd:Q155541,wikidata,city,Красноармейск,,Krasnoarmeysk,,iso:RU-MOS,RU-MOS,56.1,38.13333333,Q155541,542463,,46758000011,,active,,wikidata,,2026-09-15,
wd:Q134656,wikidata,city,Гремячинск,,Gremyachinsk,,iso:RU-PER,RU-PER,58.56666667,57.83333333,Q134656,558885,,57516000006,,active,,wikidata,,2026-09-15,
wd:Q155829,wikidata,city,Красный Сулин,,Krasny Sulin,,iso:RU-ROS,RU-ROS,47.88333333,40.06666667,Q155829,541404,,60626101001,,active,,wikidata,,2026-09-15,
wd:Q156261,wikidata,city,Куса,,Kusa,,iso:RU-CHE,RU-CHE,55.33333333,59.43333333,Q156261,538442,,75638101001,,active,,wikidata,,2026-09-15,
wd:Q134396,wikidata,city,Гдов,,Gdov,,iso:RU-PSK,RU-PSK,58.75,27.81666667,Q134396,561679,,58608101001,,active,,wikidata,,2026-09-15,
wd:Q134483,wikidata,city,Горнозаводск,,Gornozavodsk,,iso:RU-PER,RU-PER,58.38333333,58.31666667,Q134483,559752,,57614101001,,active,,wikidata,,2026-09-15,
wd:Q155532,wikidata,city,Красавино,,Krasavino,,iso:RU-VLG,RU-VLG,60.96666667,46.48333333,Q155532,542908,,19614105001,,active,,wikidata,,2026-09-15,
wd:Q134531,wikidata,city,Горячий Ключ,,Goryachy Klyuch,,iso:RU-KDA,RU-KDA,44.63083333,39.13,Q134531,559317,,03709000001,,active,,wikidata,,2026-09-15,
wd:Q134446,wikidata,city,Голицыно,,Golitsyno,,iso:RU-MOS,RU-MOS,55.61472222,36.98722222,Q134446,560756,,46755000006,,active,,wikidata,,2026-09-15,
wd:Q155597,wikidata,city,Краснозаводск,,Krasnozavodsk,,iso:RU-MOS,RU-MOS,56.43805556,38.22944444,Q155597,541950,,46728000006,,active,,wikidata,,2026-09-15,
wd:Q155785,wikidata,city,Красноуфимск,,Krasnoufimsk,,iso:RU-SVE,RU-SVE,56.61666667,57.76666667,Q155785,542199,,65747000001,,active,,wikidata,,2026-09-15,
wd:Q155955,wikidata,city,Куйбышев,,Kuybyshev,,iso:RU-NVS,RU-NVS,55.45027778,78.3075,Q155955,1501141,,50630101001,,active,,wikidata,,2026-09-15,
wd:Q196592,wikidata,city,Тайга,,Tayga,,iso:RU-KEM,RU-KEM,56.06666667,85.61666667,Q196592,1489907,,32740000001,,active,,wikidata,,2026-09-15,
wd:Q194648,wikidata,city,Сковородино,,Skovorodino,,iso:RU-AMU,RU-AMU,53.98333333,123.93333333,Q194648,2016443,,10649101001,,active,,wikidata,,2026-09-15,
wd:Q196594,wikidata,city,Тайшет,,Tayshet,,iso:RU-IRK,RU-IRK,55.93333333,98.01666667,Q196594,1489870,,25636101001,,active,,wikidata,,2026-09-15,
wd:Q194438,wikidata,city,Сибай,,Sibay,,iso:RU-BA,RU-BA,52.7,58.65,Q194438,493160,,80743000001,,active,,wikidata,,2026-09-15,
wd:Q196531,wikidata,city,Сысерть,,Sysert,,iso:RU-SVE,RU-SVE,56.5,60.81666667,Q196531,1490402,,65722000001,,active,,wikidata,,2026-09-15,
wd:Q196520,wikidata,city,Суровикино,,Surovikino,,iso:RU-VGG,RU-VGG,48.6,42.85,Q196520,486071,,18653101001,,active,,wikidata,,2026-09-15,
wd:Q196498,wikidata,city,Ступино,,Stupino,,iso:RU-MOS,RU-MOS,54.88694444,38.07722222,Q196498,486968,,46776000001,,active,,wikidata,,2026-09-15,
wd:Q194708,wikidata,city,Славск,,Slavsk,,iso:RU-KGD,RU-KGD,55.05,21.66666667,Q194708,492112,,27727000001,,active,,wikidata,,2026-09-15,
wd:Q196387,wikidata,city,Соль-Илецк,,Sol-Iletsk,,iso:RU-ORE,RU-ORE,51.16666667,54.98333333,Q196387,491019,,53725000001,,active,,wikidata,,2026-09-15,
wd:Q196464,wikidata,city,Среднеколымск,,Srednekolymsk,,iso:RU-SA,RU-SA,67.45,153.7,Q196464,2121025,,98646101001,,active,,wikidata,,2026-09-15,
wd:Q196402,wikidata,city,Сосновоборск,,Sosnovoborsk,,iso:RU-KYA,RU-KYA,56.13333333,93.36666667,Q196402,1491291,,04733000001,,active,,wikidata,,2026-09-15,
wd:Q194030,wikidata,city,Сергач,,Sergach,,iso:RU-NIZ,RU-NIZ,55.53333333,45.46666667,Q194030,496802,,22648101001,,active,,wikidata,,2026-09-15,
wd:Q196388,wikidata,city,Сольвычегодск,,Solvychegodsk,,iso:RU-ARK,RU-ARK,61.33333333,46.91666667,Q196388,490743,,11627104001,,active,,wikidata,,2026-09-15,
wd:Q196469,wikidata,city,Сретенск,,Sretensk,,iso:RU-ZAB,RU-ZAB,52.25,117.71666667,Q196469,2016110,,76640101001,,active,,wikidata,,2026-09-15,
wd:Q196516,wikidata,city,Сураж,,Surazh,,iso:RU-BRY,RU-BRY,53.01666667,32.4,Q196516,486148,,15654101001,,active,,wikidata,,2026-09-15,
wd:Q196599,wikidata,city,Талдом,,Taldom,,iso:RU-MOS,RU-MOS,56.73333333,37.53333333,Q196599,484826,,46778000001,,active,,wikidata,,2026-09-15,
wd:Q196399,wikidata,city,Сосенский,,Sosensky,,iso:RU-KLU,RU-KLU,54.05,35.96666667,Q196399,490437,,29616104001,,active,,wikidata,,2026-09-15,
wd:Q196446,wikidata,city,Спасск-Дальний,,Spassk-Dalny,,iso:RU-PRI,RU-PRI,44.6,132.81666667,Q196446,2016187,,05720000001,,active,,wikidata,,2026-09-15,
wd:Q195683,wikidata,city,Слободской,,Slobodskoy,,iso:RU-KIR,RU-KIR,58.72416667,50.16116667,Q195683,491882,,33713000001,,active,,wikidata,,2026-09-15,
wd:Q196392,wikidata,city,Сорочинск,,Sorochinsk,,iso:RU-ORE,RU-ORE,52.43333333,53.15,Q196392,490554,,53727000001,,active,,wikidata,,2026-09-15,
wd:Q196358,wikidata,city,Снежногорск,,Snezhnogorsk,,iso:RU-MUR,RU-MUR,69.19416667,33.23305556,Q196358,795243,,47737000011,,active,,wikidata,,2026-09-15,
wd:Q196497,wikidata,city,Струнино,,Strunino,,iso:RU-VLA,RU-VLA,56.37333333,38.585,Q196497,487095,,17605108001,,active,,wikidata,,2026-09-15,
wd:Q196435,wikidata,city,Спас-Деменск,,Spas-Demensk,,iso:RU-KLU,RU-KLU,54.409808,34.018992,Q196435,489868,,29634101001,,active,,wikidata,,2026-09-15,
wd:Q196373,wikidata,city,Советск,,Sovetsk,,iso:RU-TUL,RU-TUL,53.93333333,37.63333333,Q196373,490069,,70648104001,,active,,wikidata,,2026-09-15,
wd:Q196526,wikidata,city,Сухиничи,,Sukhinichi,,iso:RU-KLU,RU-KLU,54.1,35.35,Q196526,486665,,29636101001,,active,,wikidata,,2026-09-15,
wd:Q196458,wikidata,city,Спасск-Рязанский,,Spassk-Ryazansky,,iso:RU-RYA,RU-RYA,54.4,40.38333333,Q196458,489741,,61646101001,,active,,wikidata,,2026-09-15,
wd:Q194623,wikidata,city,Сим,,Sim,,iso:RU-CHE,RU-CHE,54.99305556,57.69833333,Q194623,492944,,75609105001,,active,,wikidata,,2026-09-15,
wd:Q196476,wikidata,city,Старая Купавна,,Staraya Kupavna,,iso:RU-MOS,RU-MOS,55.8,38.18333333,Q196476,489162,,46751000006,,active,,wikidata,,2026-09-15,
wd:Q196501,wikidata,city,Суворов,,Suvorov,,iso:RU-TUL,RU-TUL,54.11666667,36.5,Q196501,485888,,70640101001,,active,,wikidata,,2026-09-15,
wd:Q194020,wikidata,city,Серафимович,,Serafimovich,,iso:RU-VGG,RU-VGG,49.58333333,42.73333333,Q194020,496957,,18650101001,,active,,wikidata,,2026-09-15,
wd:Q194693,wikidata,city,Славгород,,Slavgorod,,iso:RU-ALT,RU-ALT,53,78.65,Q194693,1491706,,01719000001,,active,,wikidata,,2026-09-15,
wd:Q196400,wikidata,city,Сосновка,,Sosnovka,,iso:RU-KIR,RU-KIR,56.25,51.28333333,Q196400,490276,,33610104001,,active,,wikidata,,2026-09-15,
wd:Q196380,wikidata,city,Солигалич,,Soligalich,,iso:RU-KOS,RU-KOS,59.08333333,42.28333333,Q196380,491025,,34640101001,,active,,wikidata,,2026-09-15,
wd:Q196386,wikidata,city,Солнечногорск,,Solnechnogorsk,,iso:RU-MOS,RU-MOS,56.185114,36.977618,Q196386,490996,,46771000001,,active,,wikidata,,2026-09-15,
wd:Q196415,wikidata,city,Сосногорск,,Sosnogorsk,,iso:RU-KO,RU-KO,63.58333333,53.93333333,Q196415,490391,,87626122001,,active,,wikidata,,2026-09-15,
wd:Q196514,wikidata,city,Суоярви,,Suoyarvi,,iso:RU-KR,RU-KR,62.08333333,32.36666667,Q196514,486186,,86650101001,,active,,wikidata,,2026-09-15,
wd:Q196525,wikidata,city,Сусуман,,Susuman,,iso:RU-MAG,RU-MAG,62.78083333,148.15388889,Q196525,2120864,,44713000001,,active,,wikidata,,2026-09-15,
wd:Q196369,wikidata,city,Советск,,Sovetsk,,iso:RU-KIR,RU-KIR,57.60130556,48.93861111,Q196369,490067,,33636101001,,active,,wikidata,,2026-09-15,
wd:Q196359,wikidata,city,Собинка,,Sobinka,,iso:RU-IVA,RU-IVA,55.99,40.01666667,Q196359,491480,,17650101001,,active,,wikidata,,2026-09-15,
wd:Q196357,wikidata,city,Снежинск,,Snezhinsk,,iso:RU-CHE,RU-CHE,56.08333333,60.73333333,Q196357,1536289,,75746000001,,active,,wikidata,,2026-09-15,
wd:Q196443,wikidata,city,Спасск,,Spassk,,iso:RU-PNZ,RU-PNZ,53.93333333,43.18333333,Q196443,578369,,56606101001,,active,,wikidata,,2026-09-15,
wd:Q196522,wikidata,city,Сурск,,Sursk,,iso:RU-PNZ,RU-PNZ,53.08333333,45.7,Q196522,486048,,56618108001,,active,,wikidata,,2026-09-15,
wd:Q194001,wikidata,city,Сенгилей,,Sengiley,,iso:RU-SAM,RU-SAM,53.96666667,48.8,Q194001,497094,,73636101001,,active,,wikidata,,2026-09-15,
wd:Q196397,wikidata,city,Сортавала,,Sortavala,,iso:RU-KR,RU-KR,61.7,30.66666667,Q196397,490466,,86510000001,,active,,wikidata,,2026-09-15,
wd:Q196533,wikidata,city,Сычевка,Сычёвка,Sychyovka,,iso:RU-SMO,RU-SMO,55.82527778,34.27361111,Q196533,485280,,66646101001,,active,,wikidata,,2026-09-15,
wd:Q196377,wikidata,city,Советский,,Sovetsky,,iso:RU-KHM,RU-KHM,61.36666667,63.56666667,Q196377,1491230,,71824104001,,active,,wikidata,,2026-09-15,
wd:Q196466,wikidata,city,Среднеуральск,,Sredneuralsk,,iso:RU-SVE,RU-SVE,56.98333333,60.46666667,Q196466,1491159,,65757000001,,active,,wikidata,,2026-09-15,
wd:Q196479,wikidata,city,Старая Русса,,Staraya Russa,,iso:RU-NGR,RU-NGR,57.98333333,31.35,Q196479,489088,,49639101001,,active,,wikidata,,2026-09-15,
wd:Q196374,wikidata,city,Советская Гавань,,Sovetskaya Gavan,,iso:RU-KHA,RU-KHA,48.96666667,140.28333333,Q196374,2121052,,08642101001,,active,,wikidata,,2026-09-15,
wd:Q196378,wikidata,city,Сокол,,Sokol,,iso:RU-VLG,RU-VLG,59.46666667,40.11666667,Q196378,491281,,19638101001,,active,,wikidata,,2026-09-15,
wd:Q196439,wikidata,city,Спас-Клепики,,Spas-Klepiki,,iso:RU-RYA,RU-RYA,55.13333333,40.16666667,Q196439,489862,,61610101001,,active,,wikidata,,2026-09-15,
wd:Q196390,wikidata,city,Сольцы,,Soltsy,,iso:RU-LEN,RU-LEN,58.11666667,30.31666667,Q196390,490750,,49638101001,,active,,wikidata,,2026-09-15,
wd:Q196483,wikidata,city,Стародуб,,Starodub,,iso:RU-BRY,RU-BRY,52.58333333,32.76666667,Q196483,488852,,15750000001,,active,,wikidata,,2026-09-15,
wd:Q196964,wikidata,city,Усть-Кут,,Ust-Kut,,iso:RU-IRK,RU-IRK,56.8,105.83333333,Q196964,2013923,,25644101001,,active,,wikidata,,2026-09-15,
wd:Q197410,wikidata,city,Харабали,,Kharabali,,iso:RU-AST,RU-AST,47.4,47.25,Q197410,550671,,12645101001,,active,,wikidata,,2026-09-15,
wd:Q196938,wikidata,city,Усть-Джегута,,Ust-Dzheguta,,iso:RU-KC,RU-KC,44.09277778,41.98222222,Q196938,478130,,91635101001,,active,,wikidata,,2026-09-15,
wd:Q196792,wikidata,city,Удачный,,Udachny,,iso:RU-SA,RU-SA,66.4,112.3,Q196792,2014624,,98631109001,,active,,wikidata,,2026-09-15,
wd:Q197393,wikidata,city,Фурманов,,Furmanov,,iso:RU-IVA,RU-IVA,57.25,41.1,Q197393,562309,,24631101001,,active,,wikidata,,2026-09-15,
wd:Q196649,wikidata,city,Терек,,Terek,,iso:RU-KB,RU-KB,43.48333333,44.13333333,Q196649,483495,,83635101001,,active,,wikidata,,2026-09-15,
wd:Q196975,wikidata,city,Усть-Лабинск,,Ust-Labinsk,,iso:RU-KDA,RU-KDA,45.21777778,39.68944444,Q196975,478044,,03657101001,,active,,wikidata,,2026-09-15,
wd:Q196654,wikidata,city,Тимашевск,Тимашёвск,Timashyovsk,,iso:RU-KDA,RU-KDA,45.61666667,38.93333333,Q196654,482965,,03653101001,,active,,wikidata,,2026-09-15,
wd:Q196637,wikidata,city,Теберда,,Teberda,,iso:RU-KC,RU-KC,43.45133333,41.74216667,Q196637,483873,,91705000006,,active,,wikidata,,2026-09-15,
wd:Q196833,wikidata,city,Урай,,Uray,,iso:RU-KHM,RU-KHM,60.13333333,64.78333333,Q196833,1488429,,71878000001,,active,,wikidata,,2026-09-15,
wd:Q196925,wikidata,city,Усолье-Сибирское,,Usolye-Sibirskoye,,iso:RU-IRK,RU-IRK,52.75,103.65,Q196925,2014022,,25736000001,,active,,wikidata,,2026-09-15,
wd:Q197356,wikidata,city,Фатеж,,Fatezh,,iso:RU-KRS,RU-KRS,52.08944444,35.85888889,Q197356,563300,,38644101001,,active,,wikidata,,2026-09-15,
wd:Q196710,wikidata,city,Туран,,Turan,,iso:RU-TY,RU-TY,52.15,93.91666667,Q196710,1488950,,93635101001,,active,,wikidata,,2026-09-15,
wd:Q197345,wikidata,city,Учалы,,Uchaly,,iso:RU-BA,RU-BA,54.31666667,59.38333333,Q197345,479703,,80653101001,,active,,wikidata,,2026-09-15,
wd:Q196603,wikidata,city,Талица,,Talitsa,,iso:RU-CHE,RU-CHE,57.0125,63.72916667,Q196603,1490281,,65724000001,,active,,wikidata,,2026-09-15,
wd:Q197560,wikidata,city,Хвалынск,,Khvalynsk,,iso:RU-SAR,RU-SAR,52.48333333,48.1,Q197560,548982,,63649101001,,active,,wikidata,,2026-09-15,
wd:Q197382,wikidata,city,Фокино,,Fokino,,iso:RU-BRY,RU-BRY,53.45,34.41666667,Q197382,562573,,15710000001,,active,,wikidata,,2026-09-15,
wd:Q197006,wikidata,city,Устюжна,,Ustyuzhna,,iso:RU-VLG,RU-VLG,58.83333333,36.43333333,Q197006,477795,,19650101001,,active,,wikidata,,2026-09-15,
wd:Q196747,wikidata,city,Тюкалинск,,Tyukalinsk,,iso:RU-OMS,RU-OMS,55.86666667,72.2,Q196747,1488780,,52656101001,,active,,wikidata,,2026-09-15,
wd:Q197386,wikidata,city,Фрязино,,Fryazino,,iso:RU-MOS,RU-MOS,55.95,38.05,Q197386,562319,,46780000001,,active,,wikidata,,2026-09-15,
wd:Q196815,wikidata,city,Узловая,,Uzlovaya,,iso:RU-TUL,RU-TUL,53.9839,38.15984,Q196815,477494,,70644101001,,active,,wikidata,2026-09-17,2026-09-18,coords from geonames-ru
wd:Q196845,wikidata,city,Урус-Мартан,,Urus-Martan,,iso:RU-CE,RU-CE,43.12236,45.536599,Q196845,478581,,96634101001,,active,,wikidata,,2026-09-15,
wd:Q197473,wikidata,city,Харовск,,Kharovsk,,iso:RU-VLG,RU-VLG,59.96425,40.19121,Q197473,550512,,19652101001,,active,,wikidata,,2026-09-15,
wd:Q196645,wikidata,city,Темников,,Temnikov,,iso:RU-MO,RU-MO,54.63333333,43.21666667,Q196645,483684,,89649101001,,active,,wikidata,,2026-09-15,
wd:Q196705,wikidata,city,Туймазы,,Tuymazy,,iso:RU-BA,RU-BA,54.6,53.7,Q196705,480089,,80651101001,,active,,wikidata,,2026-09-15,
wd:Q197351,wikidata,city,Уяр,,Uyar,,iso:RU-KYA,RU-KYA,55.81666667,94.31666667,Q197351,1487922,,04657101001,,active,,wikidata,,2026-09-15,
wd:Q196651,wikidata,city,Тетюши,,Täteş,,iso:RU-TA,RU-TA,54.93333333,48.83333333,Q196651,483150,,92655101001,,active,,wikidata,,2026-09-15,
wd:Q196616,wikidata,city,Таруса,,Tarusa,,iso:RU-KLU,RU-KLU,54.71666667,37.18333333,Q196616,484287,,29638101001,,active,,wikidata,,2026-09-15,
wd:Q196611,wikidata,city,Тарко-Сале,,Tarko-Sale,,iso:RU-TYU,RU-TYU,64.91472222,77.77277778,Q196611,1490085,,71940000001,,active,,wikidata,,2026-09-15,
wd:Q196622,wikidata,city,Татарск,,Tatarsk,,iso:RU-NVS,RU-NVS,55.21666667,75.96666667,Q196622,1490003,,50650101001,,active,,wikidata,,2026-09-15,
wd:Q196904,wikidata,city,Усинск,,Usinsk,,iso:RU-KO,RU-KO,65.99977222,57.54142222,Q196904,863061,,87723000001,,active,,wikidata,,2026-09-15,
wd:Q196839,wikidata,city,Уржум,,Urzhum,,iso:RU-KIR,RU-KIR,57.11666667,50,Q196839,478532,,33641101001,,active,,wikidata,,2026-09-15,
wd:Q196669,wikidata,city,Томмот,,Tommot,,iso:RU-SA,RU-SA,58.96666667,126.26666667,Q196669,2015179,,98603105001,,active,,wikidata,,2026-09-15,
wd:Q196729,wikidata,city,Тында,,Tynda,,iso:RU-AMU,RU-AMU,55.15,124.71666667,Q196729,2014718,,10732000001,,active,,wikidata,,2026-09-15,
wd:Q196711,wikidata,city,Туринск,,Turinsk,,iso:RU-SVE,RU-SVE,58.03333333,63.7,Q196711,1488933,,65726000001,,active,,wikidata,,2026-09-15,
wd:Q196700,wikidata,city,Трубчевск,,Trubchevsk,,iso:RU-BRY,RU-BRY,52.58333333,33.76666667,Q196700,481350,,15656101001,,active,,wikidata,,2026-09-15,
wd:Q196686,wikidata,city,Трехгорный,Трёхгорный,Tryokhgorny,,iso:RU-CHE,RU-CHE,54.8,58.45,Q196686,830844,,75707000001,,active,,wikidata,,2026-09-15,
wd:Q196660,wikidata,city,Тогучин,,Toguchin,,iso:RU-NVS,RU-NVS,55.23333333,84.38333333,Q196660,1489508,,50652101001,,active,,wikidata,,2026-09-15,
wd:Q197383,wikidata,city,Фокино,,Fokino,,iso:RU-PRI,RU-PRI,42.96666667,132.4,Q197383,2015310,,05747000001,,active,,wikidata,,2026-09-15,
wd:Q196798,wikidata,city,Удомля,,Udomlya,,iso:RU-TVE,RU-TVE,57.88333333,35.01666667,Q196798,452949,,28751000001,,active,,wikidata,,2026-09-15,
wd:Q196922,wikidata,city,Усолье,,Usolye,,iso:RU-PER,RU-PER,59.41666667,56.68333333,Q196922,478269,,57708000006,,active,,wikidata,,2026-09-15,
wd:Q196643,wikidata,city,Тейково,,Teykovo,,iso:RU-IVA,RU-IVA,56.85,40.55,Q196643,483137,,24707000001,,active,,wikidata,,2026-09-15,
wd:Q196827,wikidata,city,Унеча,,Unecha,,iso:RU-BRY,RU-BRY,52.85,32.68333333,Q196827,479028,,15658101001,,active,,wikidata,,2026-09-15,
wd:Q196778,wikidata,city,Углегорск,,Uglegorsk,,iso:RU-SAK,RU-SAK,49.06666667,142.03333333,Q196778,2120261,,64752000001,,active,,wikidata,,2026-09-15,
wd:Q196694,wikidata,city,Троицк,,Troitsk,,iso:RU-CHE,RU-CHE,54.08333333,61.56666667,Q196694,1489246,,75752000001,,active,,wikidata,,2026-09-15,
wd:Q196835,wikidata,city,Урень,,Uren,,iso:RU-NIZ,RU-NIZ,57.46666667,45.78333333,Q196835,478757,,22654101001,,active,,wikidata,,2026-09-15,
wd:Q196709,wikidata,city,Тулун,,Tulun,,iso:RU-IRK,RU-IRK,54.56666667,100.56666667,Q196709,2014927,,25732000001,,active,,wikidata,,2026-09-15,
wd:Q196803,wikidata,city,Ужур,,Uzhur,,iso:RU-KYA,RU-KYA,55.31666667,89.81666667,Q196803,1487882,,04656101001,,active,,wikidata,,2026-09-15,
wd:Q196907,wikidata,city,Усмань,,Usman,,iso:RU-LIP,RU-LIP,52.05,39.73333333,Q196907,478317,,42648101001,,active,,wikidata,,2026-09-15,
wd:Q196629,wikidata,city,Таштагол,,Tashtagol,,iso:RU-KEM,RU-KEM,52.76666667,87.86666667,Q196629,1490042,,32627101001,,active,,wikidata,,2026-09-15,
wd:Q196607,wikidata,city,Тара,,Tara,,iso:RU-OMS,RU-OMS,56.87527778,74.41361111,Q196607,1490140,,52654101001,,active,,wikidata,,2026-09-15,
wd:Q196666,wikidata,city,Томари,,Tomari,,iso:RU-SAK,RU-SAK,47.76666667,142.06666667,Q196666,2120530,,64748000001,,active,,wikidata,,2026-09-15,
wd:Q196946,wikidata,city,Усть-Илимск,,Ust-Ilimsk,,iso:RU-IRK,RU-IRK,58,102.66666667,Q196946,2013952,,25738000001,,active,,wikidata,,2026-09-15,
wd:Q135829,wikidata,city,Железноводск,,Zheleznovodsk,,iso:RU-STA,RU-STA,44.13333333,43.03333333,Q135829,463340,,07712000001,,active,,wikidata,,2026-09-15,
wd:Q157510,wikidata,city,Лермонтов,,Lermontov,,iso:RU-STA,RU-STA,44.10527778,42.97166667,Q157510,535886,,07718000001,,active,,wikidata,,2026-09-15,
wd:Q134786,wikidata,city,Дедовск,,Dedovsk,,iso:RU-MOS,RU-MOS,55.86666667,37.13333333,Q134786,566854,,46533000006,,active,,wikidata,,2026-09-15,
wd:Q135446,wikidata,city,Дорогобуж,,Dorogobuzh,,iso:RU-SMO,RU-SMO,54.92,33.30777778,Q135446,565202,,66614101001,,active,,wikidata,,2026-09-15,
wd:Q157523,wikidata,city,Лесной,,Lesnoy,,iso:RU-SVE,RU-SVE,58.63333333,59.78333333,Q157523,829005,,65749000001,,active,,wikidata,,2026-09-15,
wd:Q135675,wikidata,city,Емва,,Yemva,,iso:RU-KO,RU-KO,62.58333333,50.85,Q135675,467525,,87608101001,,active,,wikidata,,2026-09-15,
wd:Q135358,wikidata,city,Дмитровск,,Dmitrovsk,,iso:RU-ORL,RU-ORL,52.505,35.14638889,Q135358,565908,,54612101001,,active,,wikidata,,2026-09-15,
wd:Q135473,wikidata,city,Дубовка,,Dubovka,,iso:RU-VGG,RU-VGG,49.05,44.83333333,Q135473,564654,,18608101001,,active,,wikidata,,2026-09-15,
wd:Q157439,wikidata,city,Лахденпохья,,Lakhdenpokhya,,iso:RU-KR,RU-KR,61.51666667,30.2,Q157439,537147,,86618101001,,active,,wikidata,,2026-09-15,
wd:Q156337,wikidata,city,Кяхта,,Kyakhta,,iso:RU-BU,RU-BU,50.35,106.45,Q156337,2021066,,81633101001,,active,,wikidata,,2026-09-15,
wd:Q135275,wikidata,city,Дигора,,Digora,,iso:RU-SE,RU-SE,43.15891667,44.15733333,Q135275,566243,,90615101001,,active,,wikidata,,2026-09-15,
wd:Q136361,wikidata,city,Жирновск,,Zhirnovsk,,iso:RU-VGG,RU-VGG,50.98333333,44.76666667,Q136361,462984,,18612101001,,active,,wikidata,,2026-09-15,
wd:Q134790,wikidata,city,Демидов,,Demidov,,iso:RU-SMO,RU-SMO,55.26666667,31.51666667,Q134790,566751,,66611101001,,active,,wikidata,,2026-09-15,
wd:Q135456,wikidata,city,Дрезна,,Drezna,,iso:RU-MOS,RU-MOS,55.75,38.83333333,Q135456,565007,,46757000006,,active,,wikidata,,2026-09-15,
wd:Q135386,wikidata,city,Добрянка,,Dobryanka,,iso:RU-PER,RU-PER,58.45,56.41666667,Q135386,565778,,57616101001,,active,,wikidata,,2026-09-15,
wd:Q136383,wikidata,city,Жуков,,Zhukov,,iso:RU-KLU,RU-KLU,55.03333333,36.75,Q136383,462792,,29613101001,,active,,wikidata,,2026-09-15,
wd:Q136669,wikidata,city,Заполярный,,Zapolyarny,,iso:RU-MUR,RU-MUR,69.42583333,30.82055556,Q136669,464790,,47615103001,,active,,wikidata,,2026-09-15,
wd:Q135657,wikidata,city,Елизово,,Yelizovo,,iso:RU-KAM,RU-KAM,53.18333333,158.38333333,Q135657,2119538,,30607101001,,active,,wikidata,,2026-09-15,
wd:Q135665,wikidata,city,Еманжелинск,,Yemanzhelinsk,,iso:RU-CHE,RU-CHE,54.75,61.31666667,Q135665,1486039,,75619101001,,active,,wikidata,,2026-09-15,
wd:Q136411,wikidata,city,Жуковка,,Zhukovka,,iso:RU-BRY,RU-BRY,53.53388889,33.72805556,Q136411,462822,,15622101001,,active,,wikidata,,2026-09-15,
wd:Q157666,wikidata,city,Лобня,,Lobnya,,iso:RU-MOS,RU-MOS,56.01666667,37.48333333,Q157666,534595,,46740000001,,active,,wikidata,,2026-09-15,
wd:Q135968,wikidata,city,Железногорск-Илимский,,Zheleznogorsk-Ilimsky,,iso:RU-IRK,RU-IRK,56.58333333,104.11666667,Q135968,2012557,,25626101001,,active,,wikidata,,2026-09-15,
wd:Q135559,wikidata,city,Дятьково,,Dyatkovo,,iso:RU-BRY,RU-BRY,53.6,34.33333333,Q135559,563822,,15616104001,,active,,wikidata,,2026-09-15,
wd:Q135394,wikidata,city,Долгопрудный,,Dolgoprudny,,iso:RU-MOS,RU-MOS,55.93333333,37.5,Q135394,565614,,46716000001,,active,,wikidata,,2026-09-15,
wd:Q135809,wikidata,city,Ефремов,,Yefremov,,iso:RU-TUL,RU-TUL,53.149167,38.082585,Q135809,468390,,70714000001,,active,,wikidata,,2026-09-15,
wd:Q136340,wikidata,city,Жиздра,,Zhizdra,,iso:RU-KLU,RU-KLU,53.75027778,34.73611111,Q136340,462914,,29612101001,,active,,wikidata,,2026-09-15,
wd:Q157660,wikidata,city,Лихославль,,Likhoslavl,,iso:RU-TVE,RU-TVE,57.11666667,35.46666667,Q157660,535261,,28638101001,,active,,wikidata,,2026-09-15,
wd:Q136528,wikidata,city,Заволжье,,Zavolzhye,,iso:RU-NIZ,RU-NIZ,56.6425,43.39277778,Q136528,464101,,22628103001,,active,,wikidata,,2026-09-15,
wd:Q135754,wikidata,city,Ершов,,Yershov,,iso:RU-SAR,RU-SAR,51.35,48.28333333,Q135754,467120,,63617101001,,active,,wikidata,,2026-09-15,
wd:Q136456,wikidata,city,Завитинск,,Zavitinsk,,iso:RU-AMU,RU-AMU,50.11666667,129.43333333,Q136456,2012626,,10621101001,,active,,wikidata,,2026-09-15,
wd:Q135549,wikidata,city,Дюртюли,,Dyurtyuli,,iso:RU-BA,RU-BA,55.48333333,54.86666667,Q135549,563719,,80624101001,,active,,wikidata,,2026-09-15,
wd:Q135686,wikidata,city,Енисейск,,Yeniseysk,,iso:RU-KYA,RU-KYA,58.46666667,92.13333333,Q135686,1485997,,04712000001,,active,,wikidata,,2026-09-15,
wd:Q135466,wikidata,city,Дубна,,Dubna,,iso:RU-MOS,RU-MOS,56.73638889,37.1625,Q135466,564719,,46718000001,,active,,wikidata,,2026-09-15,
wd:Q135696,wikidata,city,Ермолино,,Yermolino,,iso:RU-KLU,RU-KLU,55.2,36.6,Q135696,467238,,29606157001,,active,,wikidata,,2026-09-15,
wd:Q157447,wikidata,city,Лебедянь,,Lebedyan,,iso:RU-LIP,RU-LIP,53.01155278,39.12811667,Q157447,536518,,42633101001,,active,,wikidata,,2026-09-15,
wd:Q135406,wikidata,city,Долинск,,Dolinsk,,iso:RU-SAK,RU-SAK,47.31666667,142.8,Q135406,2125945,,64712000001,,active,,wikidata,,2026-09-15,
wd:Q157723,wikidata,city,Лосино-Петровский,,Losino-Petrovsky,,iso:RU-MOS,RU-MOS,55.86666667,38.2,Q157723,534015,,46742000001,,active,,wikidata,,2026-09-15,
wd:Q157590,wikidata,city,Ликино-Дулево,Ликино-Дулёво,Likino-Dulyovo,,iso:RU-MOS,RU-MOS,55.7,38.95,Q157590,535243,,46757000016,,active,,wikidata,,2026-09-15,
wd:Q136551,wikidata,city,Задонск,,Zadonsk,,iso:RU-LIP,RU-LIP,52.38333333,38.91666667,Q136551,465726,,42624101001,,active,,wikidata,,2026-09-15,
wd:Q157764,wikidata,city,Лысково,,Lyskovo,,iso:RU-NIZ,RU-NIZ,56.01277778,45.02527778,Q157764,532715,,22640101001,,active,,wikidata,,2026-09-15,
wd:Q136490,wikidata,city,Заволжск,,Zavolzhsk,,iso:RU-IVA,RU-IVA,57.48333333,42.13333333,Q136490,464112,,24605101001,,active,,wikidata,,2026-09-15,
wd:Q157478,wikidata,city,Лесозаводск,,Lesozavodsk,,iso:RU-PRI,RU-PRI,45.46666667,133.4,Q157478,2020812,,05711000001,,active,,wikidata,,2026-09-15,
wd:Q135616,wikidata,city,Ейск,,Yeysk,,iso:RU-KDA,RU-KDA,46.71111111,38.27333333,Q135616,466885,,03616101001,,active,,wikidata,,2026-09-15,
wd:Q136656,wikidata,city,Западная Двина,,Zapadnaya Dvina,,iso:RU-TVE,RU-TVE,56.26666667,32.08333333,Q136656,464891,,28616101001,,active,,wikidata,,2026-09-15,
wd:Q135543,wikidata,city,Духовщина,,Dukhovshchina,,iso:RU-SMO,RU-SMO,55.2,32.41666667,Q135543,564234,,66616101001,,active,,wikidata,,2026-09-15,
wd:Q136758,wikidata,city,Заречный,,Zarechny,,iso:RU-SVE,RU-SVE,56.81666667,61.31666667,Q136758,1485445,,65737000001,,active,,wikidata,,2026-09-15,
wd:Q136223,wikidata,city,Жердевка,,Zherdevka,,iso:RU-TAM,RU-TAM,51.83333333,41.46666667,Q136223,463217,,68604101001,,active,,wikidata,,2026-09-15,
wd:Q136585,wikidata,city,Закаменск,,Zakamensk,,iso:RU-BU,RU-BU,50.38333333,103.28333333,Q136585,2012728,,81621101001,,active,,wikidata,,2026-09-15,
wd:Q135482,wikidata,city,Дудинка,,Dudinka,,iso:RU-KYA,RU-KYA,69.4,86.18333333,Q135482,1507116,,04653101001,,active,,wikidata,,2026-09-15,
wd:Q136576,wikidata,city,Заинск,,Zäy,,iso:RU-TA,RU-TA,55.3,52.01666667,Q136576,465543,,92627101001,,active,,wikidata,,2026-09-15,
wd:Q135189,wikidata,city,Дзержинский,,Dzerzhinsky,,iso:RU-MOS,RU-MOS,55.63333333,37.85,Q135189,563705,,46711000001,,active,,wikidata,,2026-09-15,
wd:Q156614,wikidata,city,Лагань,,Lagan,,iso:RU-KL,RU-KL,45.38333333,47.36666667,Q156614,551846,,85615101001,,active,,wikidata,,2026-09-15,
wd:Q157458,wikidata,city,городское поселение Лениногорск,,Leninogorsk,,iso:RU-TA,RU-TA,54.59886944,52.44227222,Q157458,536162,,92636101001,,active,,wikidata,,2026-09-15,
wd:Q136692,wikidata,city,Зарайск,,Zaraysk,,iso:RU-MOS,RU-MOS,54.76527778,38.88361111,Q136692,464687,,46529000001,,active,,wikidata,,2026-09-15,
wd:Q157566,wikidata,city,Лесосибирск,,Lesosibirsk,,iso:RU-KYA,RU-KYA,58.23333333,92.48333333,Q157566,1500607,,04722000001,,active,,wikidata,,2026-09-15,
wd:Q135370,wikidata,city,Дно,,Dno,,iso:RU-PSK,RU-PSK,57.83333333,29.96666667,Q135370,565885,,58612101001,,active,,wikidata,,2026-09-15,
wd:Q136310,wikidata,city,Жигулевск,Жигулёвск,Zhigulyovsk,,iso:RU-SAM,RU-SAM,53.4,49.5,Q136310,463082,,36704000001,,active,,wikidata,,2026-09-15,
wd:Q156648,wikidata,city,Лаишево,,Layış,,iso:RU-TA,RU-TA,55.4,49.55,Q156648,537158,,92634101001,,active,,wikidata,,2026-09-15,
wd:Q157493,wikidata,city,Ленск,,Lensk,,iso:RU-SA,RU-SA,60.71666667,114.9,Q157493,2020838,,98627101001,,active,,wikidata,,2026-09-15,
wd:Q157613,wikidata,city,Липки,,Lipki,,iso:RU-MOS,RU-MOS,53.95,37.7,Q157613,535088,,70628113001,,active,,wikidata,,2026-09-15,
wd:Q136471,wikidata,city,Заводоуковск,,Zavodoukovsk,,iso:RU-TYU,RU-TYU,56.5,66.55,Q136471,1485357,,71703000001,,active,,wikidata,,2026-09-15,
wd:Q156602,wikidata,city,Лабытнанги,,Labytnangi,,iso:RU-TYU,RU-TYU,66.65,66.4,Q156602,1500933,,71953000001,,active,,wikidata,,2026-09-15,
wd:Q157469,wikidata,city,Ленинск,,Leninsk,,iso:RU-VGG,RU-VGG,48.7,45.2,Q157469,536156,,18630101001,,active,,wikidata,,2026-09-15,
wd:Q157757,wikidata,city,Луховицы,,Lukhovitsy,,iso:RU-MOS,RU-MOS,54.96666667,39.025,Q157757,533543,,46547000001,,active,,wikidata,,2026-09-15,
wd:Q135650,wikidata,city,Елабуга,,Yelabuga,,iso:RU-TA,RU-TA,55.76666667,52.03333333,Q135650,468082,,92626101001,,active,,wikidata,,2026-09-15,
wd:Q135213,wikidata,city,Дивногорск,,Divnogorsk,,iso:RU-KYA,RU-KYA,55.95,92.38333333,Q135213,1507379,,04709000001,,active,,wikidata,,2026-09-15,
wd:Q105056,wikidata,city,Бикин,,Bikin,,iso:RU-KHA,RU-KHA,46.81666667,134.25,Q105056,2026696,,08609101001,,active,,wikidata,,2026-09-15,
wd:Q105253,wikidata,city,Боготол,,Bogotol,,iso:RU-KYA,RU-KYA,56.2,89.51666667,Q105253,1509852,,04706000001,,active,,wikidata,,2026-09-15,
wd:Q105360,wikidata,city,Бор,,Bor,,iso:RU-NIZ,RU-NIZ,56.36027778,44.05916667,Q105360,572665,,22712000001,,active,,wikidata,,2026-09-15,
wd:Q136834,wikidata,city,Звенигород,,Zvenigorod,,iso:RU-MOS,RU-MOS,55.73333333,36.85,Q136834,461920,,46755000011,,active,,wikidata,,2026-09-15,
wd:Q158405,wikidata,city,Мегион,,Megion,,iso:RU-KHM,RU-KHM,61.03305556,76.10972222,Q158405,1499053,,71873000001,,active,,wikidata,,2026-09-15,
wd:Q157955,wikidata,city,Малгобек,,Malgobek,,iso:RU-IN,RU-IN,43.51666667,44.58333333,Q157955,531129,,26715000001,,active,,wikidata,,2026-09-15,
wd:Q157961,wikidata,city,Малмыж,,Malmyzh,,iso:RU-KIR,RU-KIR,56.51666667,50.66666667,Q157961,530972,,33623101001,,active,,wikidata,,2026-09-15,
wd:Q139794,wikidata,city,Зеленокумск,,Zelenokumsk,,iso:RU-STA,RU-STA,44.4,43.867,Q139794,463824,,07650101001,,active,,wikidata,,2026-09-15,
wd:Q105150,wikidata,city,Бирюч,,Biryuch,,iso:RU-BEL,RU-BEL,50.65,38.4,Q105150,542333,,14642151001,,active,,wikidata,,2026-09-15,
wd:Q120299,wikidata,city,Хадыженск,,Khadyzhensk,,iso:RU-KDA,RU-KDA,44.42388889,39.53722222,Q120299,550846,,03605109001,,active,,wikidata,,2026-09-15,
wd:Q105272,wikidata,city,Бодайбо,,Bodaybo,,iso:RU-IRK,RU-IRK,57.85055556,114.19333333,Q105272,2026583,,25602101001,,active,,wikidata,,2026-09-15,
wd:Q157841,wikidata,city,Людиново,,Lyudinovo,,iso:RU-KLU,RU-KLU,53.86666667,34.46666667,Q157841,532459,,29620101001,,active,,wikidata,,2026-09-15,
wd:Q158357,wikidata,city,Маркс,,Marks,,iso:RU-SAR,RU-SAR,51.7,46.75,Q158357,529073,,63626101001,,active,,wikidata,,2026-09-15,
wd:Q158437,wikidata,city,Медынь,,Medyn,,iso:RU-KLU,RU-KLU,54.96666667,35.86666667,Q158437,527869,,29625101001,,active,,wikidata,,2026-09-15,
wd:Q105392,wikidata,city,Вытегра,,Vytegra,,iso:RU-VLG,RU-VLG,61,36.45,Q105392,469960,,19622101001,,active,,wikidata,,2026-09-15,
wd:Q158393,wikidata,city,Мглин,,Mglin,,iso:RU-BRY,RU-BRY,53.06111111,32.84833333,Q158393,527217,,15636101001,,active,,wikidata,,2026-09-15,
wd:Q141290,wikidata,city,Знаменск,,Znamensk,,iso:RU-AST,RU-AST,48.58333333,45.75,Q141290,831130,,12719000001,,active,,wikidata,,2026-09-15,
wd:Q140012,wikidata,city,Зима,,Zima,,iso:RU-IRK,RU-IRK,53.91666667,102.05,Q140012,2012484,,25720000001,,active,,wikidata,,2026-09-15,
wd:Q105284,wikidata,city,Болгар,,Bolğar,,iso:RU-TA,RU-TA,54.96666667,49.03333333,Q105284,570990,,92632101001,,active,,wikidata,,2026-09-15,
wd:Q105264,wikidata,city,Богучар,,Boguchar,,iso:RU-VOR,RU-VOR,49.93333333,40.55,Q105264,575457,,20605101001,,active,,wikidata,,2026-09-15,
wd:Q140117,wikidata,city,Злынка,,Zlynka,,iso:RU-BRY,RU-BRY,52.43333333,31.73333333,Q140117,462413,,15623101001,,active,,wikidata,,2026-09-15,
wd:Q105548,wikidata,city,Чернушка,,Chernushka,,iso:RU-PER,RU-PER,56.5,56.08333333,Q105548,568608,,57757000001,,active,,wikidata,,2026-09-15,
wd:Q111048,wikidata,city,Великий Устюг,,Veliky Ustyug,,iso:RU-VLG,RU-VLG,60.75888889,46.30388889,Q111048,476062,,19614101001,,active,,wikidata,,2026-09-15,
wd:Q105298,wikidata,city,Бологое,,Bologoye,,iso:RU-TVE,RU-TVE,57.878721,34.078869,Q105298,575349,,28608101001,,active,,wikidata,,2026-09-15,
wd:Q158005,wikidata,city,Малоярославец,,Maloyaroslavets,,iso:RU-KLU,RU-KLU,55,36.46666667,Q158005,530849,,29623101001,,active,,wikidata,,2026-09-15,
wd:Q105208,wikidata,city,Благодарный,,Blagodarny,,iso:RU-STA,RU-STA,45.1029039,43.4251513,Q105208,576172,,07510000001,,active,,wikidata,,2026-09-15,
wd:Q158010,wikidata,city,Мамадыш,,Mamadış,,iso:RU-TA,RU-TA,55.716,51.41,Q158010,529709,,92638101001,,active,,wikidata,,2026-09-15,
wd:Q105433,wikidata,city,Донецк,,Donetsk,,iso:RU-ROS,RU-ROS,48.33691944,39.94489167,Q105433,565348,,60717000001,,active,,wikidata,,2026-09-15,
wd:Q105413,wikidata,city,Георгиевск,,Georgiyevsk,,iso:RU-STA,RU-STA,44.15,43.46666667,Q105413,561627,,07707000001,,active,,wikidata,,2026-09-15,
wd:Q141260,wikidata,city,Змеиногорск,,Zmeinogorsk,,iso:RU-ALT,RU-ALT,51.158006,82.187352,Q141260,1485042,,01614101001,,active,,wikidata,,2026-09-15,
wd:Q136848,wikidata,city,Зверево,,Zverevo,,iso:RU-ROS,RU-ROS,48.02,40.12,Q136848,461910,,60718000001,,active,,wikidata,,2026-09-15,
wd:Q158411,wikidata,city,Медвежьегорск,,Medvezhyegorsk,,iso:RU-KR,RU-KR,62.91713,34.45689,Q158411,527888,,86624101001,,active,,wikidata,,2026-09-15,
wd:Q105141,wikidata,city,Бирюсинск,,Biryusinsk,,iso:RU-IRK,RU-IRK,55.95,97.81666667,Q105141,1510041,,25636105001,,active,,wikidata,,2026-09-15,
wd:Q105503,wikidata,city,Мыски,,Myski,,iso:RU-KEM,RU-KEM,53.7,87.81666667,Q105503,1498129,,32728000001,,active,,wikidata,,2026-09-15,
wd:Q158424,wikidata,city,Медногорск,,Mednogorsk,,iso:RU-ORE,RU-ORE,51.422085,57.595296,Q158424,528109,,53715000001,,active,,wikidata,,2026-09-15,
wd:Q105372,wikidata,city,Борзя,,Borzya,,iso:RU-ZAB,RU-ZAB,50.38333333,116.53333333,Q105372,2026126,,76609101001,,active,,wikidata,,2026-09-15,
wd:Q139840,wikidata,city,Зерноград,,Zernograd,,iso:RU-ROS,RU-ROS,46.85,40.3,Q139840,463637,,60618101001,,active,,wikidata,,2026-09-15,
wd:Q157832,wikidata,city,Любим,,Lyubim,,iso:RU-YAR,RU-YAR,58.35,40.7,Q157832,532600,,78618101001,,active,,wikidata,,2026-09-15,
wd:Q105554,wikidata,city,Яхрома,,Yakhroma,,iso:RU-MOS,RU-MOS,56.28333333,37.48333333,Q105554,469655,,46515000006,,active,,wikidata,,2026-09-15,
wd:Q105342,wikidata,city,Большой Камень,,Bolshoy Kamen,,iso:RU-PRI,RU-PRI,43.11666667,132.35,Q105342,2026303,,05706000001,,active,,wikidata,,2026-09-15,
wd:Q157990,wikidata,city,Малоархангельск,,Maloarkhangelsk,,iso:RU-ORL,RU-ORL,52.4,36.5,Q157990,530966,,54632101001,,active,,wikidata,,2026-09-15,
wd:Q105306,wikidata,city,Болотное,,Bolotnoye,,iso:RU-NVS,RU-NVS,55.66666667,84.4,Q105306,1509819,,50606101001,,active,,wikidata,,2026-09-15,
wd:Q105538,wikidata,city,Урюпинск,,Uryupinsk,,iso:RU-VGG,RU-VGG,50.8,42.01666667,Q105538,478544,,18725000001,,active,,wikidata,,2026-09-15,
wd:Q105465,wikidata,city,Мирный,,Mirny,,iso:RU-ARK,RU-ARK,62.76027778,40.33527778,Q105465,831129,,11725000001,,active,,wikidata,,2026-09-15,
wd:Q139867,wikidata,city,Зея,,Zeya,,iso:RU-AMU,RU-AMU,53.73333333,127.25,Q139867,2012593,,10712000001,,active,,wikidata,,2026-09-15,
wd:Q105425,wikidata,city,Дегтярск,,Degtyarsk,,iso:RU-SVE,RU-SVE,56.7,60.1,Q105425,1507488,,65736000001,,active,,wikidata,,2026-09-15,
wd:Q141342,wikidata,city,Зубцов,,Zubtsov,,iso:RU-TVE,RU-TVE,56.16666667,34.58333333,Q141342,462008,,28618101001,,active,,wikidata,,2026-09-15,
wd:Q157945,wikidata,city,Малая Вишера,,Malaya Vishera,,iso:RU-NGR,RU-NGR,58.85,32.21666667,Q157945,531257,,49620101001,,active,,wikidata,,2026-09-15,
wd:Q157850,wikidata,city,Лянтор,,Lyantor,,iso:RU-KHM,RU-KHM,61.61666667,72.16666667,Q157850,1541359,,71826105001,,active,,wikidata,,2026-09-15,
wd:Q157930,wikidata,city,Макаров,,Makarov,,iso:RU-SAK,RU-SAK,48.62698,142.77999,Q157930,2123614,,64724000001,,active,,wikidata,,2026-09-15,
wd:Q105243,wikidata,city,Богородск,,Bogorodsk,,iso:RU-NIZ,RU-NIZ,56.09972222,43.50722222,Q105243,575560,,22607101001,,active,,wikidata,,2026-09-15,
wd:Q157936,wikidata,city,Макарьев,,Makaryev,,iso:RU-KOS,RU-KOS,57.88333333,43.8,Q157936,532138,,34618101001,,active,,wikidata,,2026-09-15,
wd:Q158101,wikidata,city,Мамоново,,Mamonovo,,iso:RU-KGD,RU-KGD,54.46666667,19.93333333,Q158101,2609901,,27712000001,,active,,wikidata,,2026-09-15,
wd:Q105215,wikidata,city,Бобров,,Bobrov,,iso:RU-VOR,RU-VOR,51.09444444,40.03222222,Q105215,575948,,20604101001,,active,,wikidata,,2026-09-15,
wd:Q105179,wikidata,city,Благовещенск,,Blagoveshchensk,,iso:RU-BA,RU-BA,55.03333333,55.98333333,Q105179,576116,,80615101001,,active,,wikidata,,2026-09-15,
wd:Q105116,wikidata,city,Билибино,,Bilibino,,iso:RU-CHU,RU-CHU,68.05,166.45,Q105116,2126682,,77609101001,,active,,wikidata,,2026-09-15,
wd:Q105315,wikidata,city,Болохово,,Bolokhovo,,iso:RU-TUL,RU-TUL,54.08333333,37.81666667,Q105315,575343,,70628108001,,active,,wikidata,,2026-09-15,
wd:Q136813,wikidata,city,Звенигово,,Zvenigovo,,iso:RU-ME,RU-ME,55.96666667,48.01666667,Q136813,461916,,88612101001,,active,,wikidata,,2026-09-15,
wd:Q105520,wikidata,city,Семилуки,,Semiluki,,iso:RU-VOR,RU-VOR,51.68333333,39.03333333,Q105520,497206,,20649101001,,active,,wikidata,,2026-09-15,
wd:Q105133,wikidata,city,Бирск,,Birsk,,iso:RU-BA,RU-BA,55.41666667,55.53333333,Q105133,576317,,80613101001,,active,,wikidata,,2026-09-15,
wd:Q157779,wikidata,city,Лыткарино,,Lytkarino,,iso:RU-MOS,RU-MOS,55.58333333,37.90833333,Q157779,532657,,46741000001,,active,,wikidata,,2026-09-15,
wd:Q157938,wikidata,city,Макушино,,Makushino,,iso:RU-KGN,RU-KGN,55.2,67.25,Q157938,1500036,,37620101001,,active,,wikidata,,2026-09-15,
wd:Q105323,wikidata,city,Болхов,,Bolkhov,,iso:RU-ORL,RU-ORL,53.45,36,Q105323,575365,,54604101001,,active,,wikidata,,2026-09-15,
wd:Q184220,wikidata,city,Пугачев,Пугачёв,Pugachyov,,iso:RU-SAR,RU-SAR,52.01333333,48.8025,Q184220,504250,,63637101001,,active,,wikidata,,2026-09-15,
wd:Q187032,wikidata,city,Шацк,,Shatsk,,iso:RU-RYA,RU-RYA,54.03333333,41.7,Q187032,495532,,61656101001,,active,,wikidata,,2026-09-15,
wd:Q184193,wikidata,city,Протвино,,Protvino,,iso:RU-MOS,RU-MOS,54.86666667,37.21666667,Q184193,504576,,46770000006,,active,,wikidata,,2026-09-15,
wd:Q193425,wikidata,city,Рыльск,,Rylsk,,iso:RU-KRS,RU-KRS,51.56666667,34.68333333,Q193425,695019,,38634101001,,active,,wikidata,,2026-09-15,
wd:Q193363,wikidata,city,Рошаль,,Roshal,,iso:RU-MOS,RU-MOS,55.66666667,39.88333333,Q193363,501320,,46586000006,,active,,wikidata,,2026-09-15,
wd:Q193269,wikidata,city,Рассказово,,Rasskazovo,,iso:RU-TAM,RU-TAM,52.66666667,41.88333333,Q193269,502793,,68725000001,,active,,wikidata,,2026-09-15,
wd:Q155331,wikidata,city,Корсаков,,Korsakov,,iso:RU-SAK,RU-SAK,46.63333333,142.76666667,Q155331,2124286,,64716000001,,active,,wikidata,,2026-09-15,
wd:Q193906,wikidata,city,Североуральск,,Severouralsk,,iso:RU-SVE,RU-SVE,60.15,59.93333333,Q193906,496275,,65755000001,,active,,wikidata,,2026-09-15,
wd:Q193722,wikidata,city,Сергиев Посад,,Sergiyev Posad,,iso:RU-MOS,RU-MOS,56.3,38.13333333,Q193722,496638,,46728000001,,active,,wikidata,,2026-09-15,
wd:Q141538,wikidata,city,Ивантеевка,,Ivanteyevka,,iso:RU-MOS,RU-MOS,55.97,37.92,Q141538,555111,,46758000006,,active,,wikidata,,2026-09-15,
wd:Q193473,wikidata,city,Сальск,,Salsk,,iso:RU-ROS,RU-ROS,46.48333333,41.53333333,Q193473,499161,,60650101001,,active,,wikidata,,2026-09-15,
wd:Q193936,wikidata,city,Семенов,Семёнов,Semyonov,,iso:RU-NIZ,RU-NIZ,56.8,44.5,Q193936,497450,,22737000001,,active,,wikidata,,2026-09-15,
wd:Q155470,wikidata,city,городское поселение Котово,,Kotovo,,iso:RU-VGG,RU-VGG,50.31666667,44.8,Q155470,543633,,18626101001,,active,,wikidata,,2026-09-15,
wd:Q193930,wikidata,city,Сельцо,,Seltso,,iso:RU-BRY,RU-BRY,53.36944444,34.1,Q193930,497610,,15725000001,,active,,wikidata,,2026-09-15,
wd:Q184562,wikidata,city,Радужный,,Raduzhny,,iso:RU-KHM,RU-KHM,62.13333333,77.46666667,Q184562,1540356,,71877000001,,active,,wikidata,,2026-09-15,
wd:Q193575,wikidata,city,Сафоново,,Safonovo,,iso:RU-SMO,RU-SMO,55.1,33.25,Q193575,499453,,66641101001,,active,,wikidata,,2026-09-15,
wd:Q193288,wikidata,city,Реж,,Rezh,,iso:RU-SVE,RU-SVE,57.36666667,61.4,Q193288,1493648,,65720000001,,active,,wikidata,,2026-09-15,
wd:Q193396,wikidata,city,Руза,,Ruza,,iso:RU-MOS,RU-MOS,55.69888889,36.19527778,Q193396,500303,,46566000001,,active,,wikidata,,2026-09-15,
wd:Q193318,wikidata,city,Родники,,Rodniki,,iso:RU-IVA,RU-IVA,57.105,41.73055556,Q193318,501730,,24623101001,,active,,wikidata,,2026-09-15,
wd:Q184258,wikidata,city,Пучеж,,Puchezh,,iso:RU-IVA,RU-IVA,56.98333333,43.16666667,Q184258,504294,,24621101001,,active,,wikidata,,2026-09-15,
wd:Q193662,wikidata,city,Северобайкальск,,Severobaykalsk,,iso:RU-BU,RU-BU,55.63333333,109.31666667,Q193662,2016910,,81720000001,,active,,wikidata,,2026-09-15,
wd:Q193922,wikidata,city,Сегежа,,Segezha,,iso:RU-KR,RU-KR,63.74147,34.32218,Q193922,497927,,86645101001,,active,,wikidata,,2026-09-15,
wd:Q193328,wikidata,city,Рославль,,Roslavl,,iso:RU-SMO,RU-SMO,53.94916667,32.85694444,Q193328,501283,,66636101001,,active,,wikidata,,2026-09-15,
wd:Q141578,wikidata,city,Ивдель,,Ivdel,,iso:RU-SVE,RU-SVE,60.68333333,60.43333333,Q141578,1505260,,65738000001,,active,,wikidata,,2026-09-15,
wd:Q141373,wikidata,city,Зуевка,,Zuyevka,,iso:RU-KIR,RU-KIR,58.40333333,51.13036111,Q141373,461964,,33614101001,,active,,wikidata,,2026-09-15,
wd:Q155405,wikidata,city,Котельники,,Kotelniki,,iso:RU-MOS,RU-MOS,55.66166667,37.86722222,Q155405,543731,,46739000001,,active,,wikidata,,2026-09-15,
wd:Q193388,wikidata,city,Рудня,,Rudnya,,iso:RU-SMO,RU-SMO,54.95,31.06666667,Q193388,500667,,66638101001,,active,,wikidata,,2026-09-15,
wd:Q193403,wikidata,city,Рузаевка,,Ruzayevka,,iso:RU-MO,RU-MO,54.06666667,44.95,Q193403,500299,,89643101001,,active,,wikidata,,2026-09-15,
wd:Q193941,wikidata,city,Семикаракорск,,Semikarakorsk,,iso:RU-ROS,RU-ROS,47.51666667,40.8,Q193941,497218,,60651101001,,active,,wikidata,,2026-09-15,
wd:Q184225,wikidata,city,Пудож,,Pudozh,,iso:RU-KR,RU-KR,61.8,36.53333333,Q184225,504269,,86642101001,,active,,wikidata,,2026-09-15,
wd:Q193631,wikidata,city,Свирск,,Svirsk,,iso:RU-IRK,RU-IRK,53.08333333,103.33333333,Q193631,2015842,,25746000001,,active,,wikidata,,2026-09-15,
wd:Q193371,wikidata,city,Ртищево,,Rtishchevo,,iso:RU-SAR,RU-SAR,52.25,43.78333333,Q193371,500886,,63641101001,,active,,wikidata,,2026-09-15,
wd:Q193455,wikidata,city,Салаир,,Salair,,iso:RU-KEM,RU-KEM,54.23333333,85.8,Q193455,1493224,,32602104001,,active,,wikidata,,2026-09-15,
wd:Q193636,wikidata,city,Свободный,,Svobodny,,iso:RU-AMU,RU-AMU,51.38333333,128.13333333,Q193636,2015833,,10730000001,,active,,wikidata,,2026-09-15,
wd:Q193641,wikidata,city,Себеж,,Sebezh,,iso:RU-PSK,RU-PSK,56.28333333,28.48333333,Q193641,498001,,58654101001,,active,,wikidata,,2026-09-15,
wd:Q193419,wikidata,city,Рыбное,,Rybnoye,,iso:RU-RYA,RU-RYA,54.73333333,39.51666667,Q193419,499975,,61627101001,,active,,wikidata,,2026-09-15,
wd:Q184242,wikidata,city,Пустошка,,Pustoshka,,iso:RU-PSK,RU-PSK,56.33333333,29.36666667,Q184242,503878,,58650101001,,active,,wikidata,,2026-09-15,
wd:Q193333,wikidata,city,Россошь,,Rossosh,,iso:RU-VOR,RU-VOR,50.19833333,39.56722222,Q193333,501231,,20647101001,,active,,wikidata,,2026-09-15,
wd:Q155349,wikidata,city,Коряжма,,Koryazhma,,iso:RU-ARK,RU-ARK,61.3,47.16666667,Q155349,544370,,11708000001,,active,,wikidata,,2026-09-15,
wd:Q193595,wikidata,city,Светлогорск,,Svetlogorsk,,iso:RU-KGD,RU-KGD,54.9394,20.1565,Q193595,485699,,27734000001,,active,,wikidata,,2026-09-15,
wd:Q193652,wikidata,city,Северо-Курильск,,Severo-Kurilsk,,iso:RU-SAK,RU-SAK,50.68333333,156.11666667,Q193652,2121385,,64743000001,,active,,wikidata,,2026-09-15,
wd:Q184537,wikidata,city,Радужный,,Raduzhny,,iso:RU-VLA,RU-VLA,55.99777778,40.32972222,Q184537,7117885,,17737000001,,active,,wikidata,,2026-09-15,
wd:Q193569,wikidata,city,Сатка,,Satka,,iso:RU-CHE,RU-CHE,55.05,59.05,Q193569,498418,,75649101001,,active,,wikidata,,2026-09-15,
wd:Q193342,wikidata,city,Ростов Великий,,Rostov Veliky,,iso:RU-YAR,RU-YAR,57.18333333,39.41666667,Q193342,501183,,78637101001,,active,,wikidata,,2026-09-15,
wd:Q155426,wikidata,city,Котельниково,,Kotelnikovo,,iso:RU-VGG,RU-VGG,47.63333333,43.13333333,Q155426,543728,,18624101001,,active,,wikidata,,2026-09-15,
wd:Q155365,wikidata,city,Костерево,Костерёво,Kosteryovo,,iso:RU-MOS,RU-MOS,55.93333333,39.63333333,Q155365,461720,,17646110001,,active,,wikidata,,2026-09-15,
wd:Q193604,wikidata,city,Светлоград,,Svetlograd,,iso:RU-STA,RU-STA,45.33083333,42.85111111,Q193604,485698,,07646101001,,active,,wikidata,,2026-09-15,
wd:Q158731,wikidata,city,Межгорье,,Mezhgorye,,iso:RU-BA,RU-BA,54.05,57.81666667,Q158731,,,80707000001,,active,,wikidata,,2026-09-15,
wd:Q155455,wikidata,city,Котлас,,Kotlas,,iso:RU-ARK,RU-ARK,61.25,46.65,Q155455,543704,,11710000001,,active,,wikidata,,2026-09-15,
wd:Q193586,wikidata,city,Саянск,,Sajanshk,,iso:RU-IRK,RU-IRK,54.11666667,102.16666667,Q193586,2055166,,25726000001,,active,,wikidata,,2026-09-15,
wd:Q193917,wikidata,city,Севск,,Sevsk,,iso:RU-BRY,RU-BRY,52.15,34.49388889,Q193917,496246,,15648101001,,active,,wikidata,,2026-09-15,
wd:Q184346,wikidata,city,Пущино,,Pushchino,,iso:RU-MOS,RU-MOS,54.83333333,37.61666667,Q184346,504042,,46770000011,,active,,wikidata,,2026-09-15,
wd:Q198155,wikidata,city,Шадринск,,Shadrinsk,,iso:RU-KGN,RU-KGN,56.08333333,63.63333333,Q198155,1492517,,37705000001,,active,,wikidata,,2026-09-15,
wd:Q198364,wikidata,city,Щекино,Щёкино,Shchekino,,iso:RU-TUL,RU-TUL,54,37.51666667,Q198364,495394,,70648101001,,active,,wikidata,,2026-09-15,
wd:Q198173,wikidata,city,Шарыпово,,Sharypovo,,iso:RU-KYA,RU-KYA,55.525,89.2,Q198173,1492401,,04740000001,,active,,wikidata,,2026-09-15,
wd:Q198412,wikidata,city,Электрогорск,,Elektrogorsk,,iso:RU-MOS,RU-MOS,55.88333333,38.78333333,Q198412,563524,,46759000006,,active,,wikidata,,2026-09-15,
wd:Q197902,wikidata,city,Чекалин,,Chekalin,,iso:RU-TUL,RU-TUL,54.1,36.25,Q197902,569615,,70640108001,,active,,wikidata,,2026-09-15,
wd:Q198033,wikidata,city,Чермоз,Чёрмоз,Chyormoz,,iso:RU-PER,RU-PER,58.78333333,56.15,Q198033,569122,,57759000006,,active,,wikidata,,2026-09-15,
wd:Q197643,wikidata,city,Чадан,,Chadan,,iso:RU-TY,RU-TY,51.28333333,91.56666667,Q197643,1508501,,93615101001,,active,,wikidata,,2026-09-15,
wd:Q198358,wikidata,city,Шуя,,Shuya,,iso:RU-IVA,RU-IVA,56.85,41.36666667,Q198358,493231,,24711000001,,active,,wikidata,,2026-09-15,
wd:Q197934,wikidata,city,Чердынь,,Cherdyn,,iso:RU-PER,RU-PER,60.4,56.48333333,Q197934,569359,,57656101001,,active,,wikidata,,2026-09-15,
wd:Q198143,wikidata,city,Чусовой,,Chusovoy,,iso:RU-PER,RU-PER,58.28333333,57.81666667,Q198143,567434,,57658101001,,active,,wikidata,,2026-09-15,
wd:Q198427,wikidata,city,Электроугли,,Elektrougli,,iso:RU-MOS,RU-MOS,55.71666667,38.21666667,Q198427,563522,,46751000011,,active,,wikidata,,2026-09-15,
wd:Q198140,wikidata,city,Чулым,,Chulym,,iso:RU-NVS,RU-NVS,55.09,80.97027778,Q198140,1507679,,50659101001,,active,,wikidata,,2026-09-15,
wd:Q198182,wikidata,city,Шарья,,Sharya,,iso:RU-KOS,RU-KOS,58.36666667,45.5,Q198182,495619,,34730000001,,active,,wikidata,,2026-09-15,
wd:Q197691,wikidata,city,Чаплыгин,,Chaplygin,,iso:RU-LIP,RU-LIP,53.24166667,39.96666667,Q197691,569934,,42656101001,,active,,wikidata,,2026-09-15,
wd:Q198125,wikidata,city,Чкаловск,,Chkalovsk,,iso:RU-NIZ,RU-NIZ,56.76666667,43.25,Q198125,567902,,22755000001,,active,,wikidata,,2026-09-15,
wd:Q198210,wikidata,city,Шахунья,,Shakhunya,,iso:RU-NIZ,RU-NIZ,57.68333333,46.6,Q198210,496012,,22758000001,,active,,wikidata,,2026-09-15,
wd:Q198306,wikidata,city,Шилка,,Shilka,,iso:RU-ZAB,RU-ZAB,51.85,116.03333333,Q198306,2016708,,76654101001,,active,,wikidata,,2026-09-15,
wd:Q197954,wikidata,city,Черепаново,,Cherepanovo,,iso:RU-NVS,RU-NVS,54.21666667,83.36666667,Q197954,1508161,,50657101001,,active,,wikidata,,2026-09-15,
wd:Q197573,wikidata,city,Хилок,,Khilok,,iso:RU-ZAB,RU-ZAB,51.35,110.45,Q197573,2022463,,76647101001,,active,,wikidata,,2026-09-15,
wd:Q198400,wikidata,city,Щучье,,Shchuchye,,iso:RU-KGN,RU-KGN,55.21666667,62.76666667,Q198400,1492320,,37644101001,,active,,wikidata,,2026-09-15,
wd:Q198152,wikidata,city,Шагонар,,Shagonar,,iso:RU-TY,RU-TY,51.53333333,92.9,Q198152,1492499,,93654101001,,active,,wikidata,,2026-09-15,
wd:Q198311,wikidata,city,Шимановск,,Shimanovsk,,iso:RU-AMU,RU-AMU,52,127.66666667,Q198311,2016701,,10740000001,,active,,wikidata,,2026-09-15,
wd:Q198753,wikidata,city,Эртиль,,Ertil,,iso:RU-VOR,RU-VOR,51.83333333,40.8,Q198753,563420,,20658101001,,active,,wikidata,,2026-09-15,
wd:Q198102,wikidata,city,Чистополь,,Chistopol,,iso:RU-TA,RU-TA,55.36666667,50.63333333,Q198102,567990,,92659101001,,active,,wikidata,,2026-09-15,
wd:Q198047,wikidata,city,Черноголовка,,Chernogolovka,,iso:RU-MOS,RU-MOS,56.01472222,38.38972222,Q198047,568808,,46781000001,,active,,wikidata,,2026-09-15,
wd:Q198163,wikidata,city,Шали,,Shali,,iso:RU-CE,RU-CE,43.15,45.9,Q198163,495957,,96637101001,,active,,wikidata,,2026-09-15,
wd:Q197625,wikidata,city,Цивильск,,Tsivilsk,,iso:RU-CU,RU-CU,55.86666667,47.48333333,Q197625,480851,,97641101001,,active,,wikidata,,2026-09-15,
wd:Q198299,wikidata,city,Шенкурск,,Shenkursk,,iso:RU-ARK,RU-ARK,62.1,42.9,Q198299,494884,,11658101001,,active,,wikidata,,2026-09-15,
wd:Q197620,wikidata,city,Хотьково,,Khotkovo,,iso:RU-MOS,RU-MOS,56.2535,37.97682,Q197620,549373,,46728000016,,active,,wikidata,,2026-09-15,
wd:Q198135,wikidata,city,Чудово,,Chudovo,,iso:RU-NGR,RU-NGR,59.12805556,31.65916667,Q198135,567774,,49650101001,,active,,wikidata,,2026-09-15,
wd:Q198190,wikidata,city,Шатура,,Shatura,,iso:RU-MOS,RU-MOS,55.56666667,39.53333333,Q198190,495518,,46586000001,,active,,wikidata,,2026-09-15,
wd:Q198145,wikidata,city,Чухлома,,Chukhloma,,iso:RU-KOS,RU-KOS,58.75,42.7,Q198145,567695,,34646101001,,active,,wikidata,,2026-09-15,
wd:Q197942,wikidata,city,Черемхово,,Cheremkhovo,,iso:RU-IRK,RU-IRK,53.15,103.06666667,Q197942,2025527,,25745000001,,active,,wikidata,,2026-09-15,
wd:Q197595,wikidata,city,Холм,,Kholm,,iso:RU-NGR,RU-NGR,57.15,31.18333333,Q197595,549797,,49647101001,,active,,wikidata,,2026-09-15,
wd:Q198087,wikidata,city,Чехов,,Chekhov,,iso:RU-MOS,RU-MOS,55.14805556,37.47694444,Q198087,569591,,46584000001,,active,,wikidata,,2026-09-15,
wd:Q197609,wikidata,city,Холмск,,Kholmsk,,iso:RU-KHA,RU-KHA,47.04027778,142.04305556,Q197609,2124615,,64754000001,,active,,wikidata,,2026-09-15,
wd:Q2137,wikidata,city,Тотьма,,Totma,,iso:RU-VLG,RU-VLG,59.98333333,42.76666667,Q2137,481960,,19646101001,,active,,wikidata,,2026-09-15,
wd:Q197890,wikidata,city,Чегем,,Chegem,,iso:RU-KB,RU-KB,43.56333333,43.58638889,Q197890,569639,,83645101001,,active,,wikidata,,2026-09-15,
wd:Q197677,wikidata,city,Чапаевск,,Chapayevsk,,iso:RU-SAM,RU-SAM,52.98333333,49.71666667,Q197677,569955,,36750000001,,active,,wikidata,,2026-09-15,
wd:Q197860,wikidata,city,Чебаркуль,,Chebarkul,,iso:RU-CHE,RU-CHE,54.97777778,60.37,Q197860,1508350,,75758000001,,active,,wikidata,,2026-09-15,
wd:Q197637,wikidata,city,Цимлянск,,Tsimlyansk,,iso:RU-ROS,RU-ROS,47.64666667,42.09472222,Q197637,480876,,60657101001,,active,,wikidata,,2026-09-15,
wd:Q15250,wikidata,city,Высоцк,,Vysotsk,,iso:RU-LEN,RU-LEN,60.62555556,28.56833333,Q15250,469995,,41615104001,,active,,wikidata,,2026-09-15,
wd:Q1274263,wikidata,city,Кукмор,,Kukmor,,iso:RU-TA,RU-TA,56.1855,50.8944,Q1274263,539689,,92633151051,,active,,wikidata,,2026-09-15,
wd:Q15287,wikidata,city,Новая Ладога,,Novaya Ladoga,,iso:RU-LEN,RU-LEN,60.10194444,32.30555556,Q15287,519630,,41609104001,,active,,wikidata,,2026-09-15,
wd:Q199016,wikidata,city,Ясногорск,,Yasnogorsk,,iso:RU-TUL,RU-TUL,54.47938333,37.69335556,Q199016,468671,,70650101001,,active,,wikidata,,2026-09-15,
wd:Q198820,wikidata,city,Южноуральск,,Yuzhnouralsk,,iso:RU-CHE,RU-CHE,54.45,61.25,Q198820,1485634,,75764000001,,active,,wikidata,,2026-09-15,
wd:Q15275,wikidata,city,Лодейное Поле,,Lodeynoye Pole,,iso:RU-LEN,RU-LEN,60.73333333,33.55,Q15275,534560,,41627101001,,active,,wikidata,,2026-09-15,
wd:Q198816,wikidata,city,Южно-Сухокумск,,Yuzhno-Sukhokumsk,,iso:RU-DA,RU-DA,44.66666667,45.65,Q198816,466060,,82738000001,,active,,wikidata,,2026-09-15,
wd:Q15245,wikidata,city,Волхов,,Volkhov,,iso:RU-LEN,RU-LEN,59.91666667,32.33333333,Q15245,472722,,41609101001,,active,,wikidata,,2026-09-15,
wd:Q633664,wikidata,city,Белоозерский,Белоозёрский,Beloozyorsky,,iso:RU-MOS,RU-MOS,55.46138889,38.44222222,Q633664,577901,,46710000006,,active,,wikidata,,2026-09-15,
wd:Q15238,wikidata,city,Волосово,,Volosovo,,iso:RU-LEN,RU-LEN,59.44722222,29.48472222,Q15238,472357,,41606101001,,active,,wikidata,,2026-09-15,
wd:Q5668,wikidata,city,Гвардейск,,Gvardeysk,,iso:RU-KGD,RU-KGD,54.65,21.06666667,Q5668,557710,,27706000001,,active,,wikidata,,2026-09-15,
wd:Q199022,wikidata,city,Ясный,,Yasny,,iso:RU-ORE,RU-ORE,51.03333333,59.86666667,Q199022,468657,,53732000001,,active,,wikidata,,2026-09-15,
wd:Q198842,wikidata,city,Юрюзань,,Yuryuzan,,iso:RU-CHE,RU-CHE,54.86666667,58.43333333,Q198842,466200,,75629116001,,active,,wikidata,,2026-09-15,
wd:Q5584,wikidata,city,Зеленоградск,,Zelenogradsk,,iso:RU-KGD,RU-KGD,54.95,20.48333333,Q5584,463828,,27510000001,,active,,wikidata,,2026-09-15,
wd:Q2029443,wikidata,city,Сунжа,,Sunzha,,iso:RU-IN,RU-IN,43.31666667,45.06666667,Q2029443,515083,,26720000001,,active,,wikidata,,2026-09-15,
wd:Q5655,wikidata,city,Черняховск,,Chernyakhovsk,,iso:RU-KGD,RU-KGD,54.63333333,21.81666667,Q5655,568595,,27739000001,,active,,wikidata,,2026-09-15,
wd:Q7977,wikidata,city,Приозерск,,Priozersk,,iso:RU-LEN,RU-LEN,61.03928,30.12907,Q7977,505230,,41639101001,,active,,wikidata,,2026-09-15,
wd:Q15235,wikidata,city,Пикалево,Пикалёво,Pikalyovo,,iso:RU-LEN,RU-LEN,59.520767,34.151389,Q15235,509598,,41603102001,,active,,wikidata,,2026-09-15,
wd:Q198973,wikidata,city,Янаул,,Yanaul,,iso:RU-BA,RU-BA,56.26666667,54.93333333,Q198973,469178,,80659101001,,active,,wikidata,,2026-09-15,
wd:Q15236,wikidata,city,Бокситогорск,,Boksitogorsk,,iso:RU-LEN,RU-LEN,59.47361111,33.84777778,Q15236,575410,,41603101001,,active,,wikidata,,2026-09-15,
wd:Q2096486,wikidata,city,Циолковский,,Tsiolkovsky,,iso:RU-AMU,RU-AMU,51.76025278,128.121175,Q2096486,6641869,,10770000051,,active,,wikidata,,2026-09-15,
wd:Q199004,wikidata,city,Ярцево,,Yartsevo,,iso:RU-SMO,RU-SMO,55.06666667,32.68333333,Q199004,468866,,66658101001,,active,,wikidata,,2026-09-15,
wd:Q1794350,wikidata,city,Курчалой,,Kurchaloy,,iso:RU-CE,RU-CE,43.20194444,46.08805556,Q1794350,538913,,96612101001,,active,,wikidata,,2026-09-15,
wd:Q198977,wikidata,city,Яранск,,Yaransk,,iso:RU-KIR,RU-KIR,57.30330556,47.86880556,Q198977,469005,,33650101001,,active,,wikidata,,2026-09-15,
wd:Q5665,wikidata,city,Светлый,,Svetly,,iso:RU-KGD,RU-KGD,54.68333333,20.13333333,Q5665,485660,,27725000001,,active,,wikidata,,2026-09-15,
wd:Q15270,wikidata,city,Кингисеппское городское поселение,,Kingisepp,,iso:RU-LEN,RU-LEN,59.36666667,28.6,Q15270,548602,,41621101001,,active,,wikidata,,2026-09-15,
wd:Q15307,wikidata,city,Приморск,,Primorsk,,iso:RU-LEN,RU-LEN,60.36666667,28.61666667,Q15307,505269,,41615108001,,active,,wikidata,,2026-09-15,
wd:Q5099,wikidata,city,Надым,,Nadym,,iso:RU-TYU,RU-TYU,65.53333333,72.51666667,Q5099,1498087,,71936000001,,active,,wikidata,,2026-09-15,
wd:Q7938,wikidata,city,Киришское городское поселение,,Kirishi,,iso:RU-LEN,RU-LEN,59.44972222,32.00861111,Q7938,548442,,41624101001,,active,,wikidata,,2026-09-15,
wd:Q15279,wikidata,city,Любань,,Lyuban,,iso:RU-LEN,RU-LEN,59.35,31.25,Q15279,532637,,41648105001,,active,,wikidata,,2026-09-15,
wd:Q7705,wikidata,city,Коммунар,,Kommunar,,iso:RU-LEN,RU-LEN,59.62166667,30.39361111,Q7705,545788,,41618105001,,active,,wikidata,,2026-09-15,
wd:Q15281,wikidata,city,Никольское,,Nikolskoye,,iso:RU-LEN,RU-LEN,59.7,30.78333333,Q15281,521509,,41648108001,,active,,wikidata,,2026-09-15,
wd:Q4201239,wikidata,city,Иннополис,,Innopolis,,iso:RU-TA,RU-TA,55.7505,48.747,Q4201239,11280178,,92620109001,,active,,wikidata,,2026-09-15,
wd:Q7054,wikidata,city,Дальнегорск,,Dalnegorsk,,iso:RU-PRI,RU-PRI,44.55388889,135.56611111,Q7054,2051471,,05707000001,,active,,wikidata,,2026-09-15,
wd:Q15301,wikidata,city,Подпорожье,,Podporozhye,,iso:RU-LEN,RU-LEN,60.91666667,34.16666667,Q15301,508034,,41636101001,,active,,wikidata,,2026-09-15,
wd:Q5660,wikidata,city,Балтийск,,Baltiysk,,iso:RU-KGD,RU-KGD,54.65,19.91666667,Q5660,2609906,,27705000001,,active,,wikidata,,2026-09-15,
wd:Q198852,wikidata,city,Юхнов,,Yukhnov,,iso:RU-KLU,RU-KLU,54.75,35.23333333,Q198852,466658,,29650101001,,active,,wikidata,,2026-09-15,
wd:Q15256,wikidata,city,Ивангород,,Ivangorod,,iso:RU-LEN,RU-LEN,59.36537889,28.21971194,Q15256,555624,,41621102001,,active,,wikidata,,2026-09-15,
wd:Q5663,wikidata,city,Гусев,,Gusev,,iso:RU-KGD,RU-KGD,54.59222,22.19972,Q5663,557882,,,,active,,wikidata,,2026-09-15,
wd:Q198826,wikidata,city,Юрьев-Польский,,Yuryev-Polsky,,iso:RU-VLA,RU-VLA,56.5,39.68333333,Q198826,466215,,17656101001,,active,,wikidata,,2026-09-15,
wd:Q198834,wikidata,city,Юрьевецкое городское поселение,,Yuryevets,,iso:RU-IVA,RU-IVA,57.31666667,43.1,Q198834,466258,,24637101001,,active,,wikidata,,2026-09-15,
wd:Q5671,wikidata,city,Неман,,Neman,,iso:RU-KGD,RU-KGD,55.03333333,22.03333333,Q5671,522742,,27514000001,,active,,wikidata,,2026-09-15,
wd:Q198802,wikidata,city,Южа,,Yuzha,,iso:RU-IVA,RU-IVA,56.58333333,42.01666667,Q198802,466084,,24635101001,,active,,wikidata,,2026-09-15,
wd:Q15306,wikidata,city,Светогорск,,Svetogorsk,,iso:RU-LEN,RU-LEN,61.10833333,28.85833333,Q15306,485639,,41615114001,,active,,wikidata,,2026-09-15,
wd:Q15273,wikidata,city,Кировск,,Kirovsk,,iso:RU-LEN,RU-LEN,59.87527778,30.98138889,Q15273,548392,,41625101001,,active,,wikidata,,2026-09-15,
wd:Q4244555,wikidata,city,Кудрово,,Kudrovo,,iso:RU-LEN,RU-LEN,59.90861111,30.51361111,Q4244555,,,41612155005,,active,,wikidata,,2026-09-15,
wd:Q15264,wikidata,city,Каменногорск,,Kamennogorsk,,iso:RU-LEN,RU-LEN,60.95083333,29.13083333,Q15264,553518,,41615106001,,active,,wikidata,,2026-09-15,
wd:Q198990,wikidata,city,Яровое,,Yarovoye,,iso:RU-ALT,RU-ALT,52.93333333,78.58333333,Q198990,1486340,,01730000001,,active,,wikidata,,2026-09-15,
wd:Q16978,wikidata,city,Крымск,,Krymsk,,iso:RU-KDA,RU-KDA,44.93333333,38,Q16978,540251,,03625101001,,active,,wikidata,,2026-09-15,
wd:Q15309,wikidata,city,Сертолово,,Sertolovo,,iso:RU-LEN,RU-LEN,60.143531,30.217179,Q15309,496519,,41612102001,,active,,wikidata,,2026-09-15,
wd:Q16969,wikidata,city,Гулькевичи,,Gulkevichi,,iso:RU-KDA,RU-KDA,45.36027778,40.69452778,Q16969,558066,,03613101001,,active,,wikidata,,2026-09-15,
wd:Q15775,wikidata,city,Геленджик,,Gelendzhik,,iso:RU-KDA,RU-KDA,44.56083333,38.07666667,Q15775,561667,,03708000001,,active,,wikidata,,2026-09-15,
wd:Q15339,wikidata,city,Шлиссельбург,,Shlisselburg,,iso:RU-LEN,RU-LEN,59.945,31.03472222,Q15339,493970,,41625102001,,active,,wikidata,,2026-09-15,
wd:Q15311,wikidata,city,Сланцы,,Slantsy,,iso:RU-LEN,RU-LEN,59.11777778,28.08805556,Q15311,492162,,41642101001,,active,,wikidata,,2026-09-15,
wd:Q46736,wikidata,city,Ардон,,Ardon,,iso:RU-SE,RU-SE,43.16666667,44.28333333,Q46736,581179,,90610101001,,active,,wikidata,,2026-09-15,
wd:Q108405443,wikidata,city,Спутник,,Sputnik,,iso:RU-PRI,RU-PRI,43.3256,131.9733,Q108405443,,,,,active,,wikidata,,2026-09-15,
wd:Q46639,wikidata,city,Моздок,,Mozdok,,iso:RU-SE,RU-SE,43.75,44.65,Q46639,524736,,90630101001,,active,,wikidata,,2026-09-15,
wd:Q4412457,wikidata,city,Северо-Задонск,,Severo-Zadonsk,,iso:RU-TUL,RU-TUL,54.03433333,38.39608333,Q4412457,496269,,,,active,,wikidata,,2026-09-15,
wd:Q4249235,wikidata,city,Кусково,,Kuskovo,,iso:RU-MOS,RU-MOS,55.73416667,37.82611111,Q4249235,538321,,,,active,,wikidata,,2026-09-15,
wd:Q23116,wikidata,city,Ладушкин,,Ladushkin,,iso:RU-KGD,RU-KGD,54.56666667,20.16666667,Q23116,537229,,27711000001,,active,,wikidata,,2026-09-15,
wd:Q15320,wikidata,city,Сясьстрой,,Syasstroy,,iso:RU-LEN,RU-LEN,60.13694444,32.55583333,Q15320,485313,,41609108001,,active,,wikidata,,2026-09-15,
wd:Q4323399,wikidata,city,Нововятский район,,Novovyatsk,,iso:RU-KIR,RU-KIR,58.50833333,49.69944444,Q4323399,,,,,active,,wikidata,,2026-09-15,
wd:Q15323,wikidata,city,Отрадное,,Otradnoye,,iso:RU-LEN,RU-LEN,59.77416667,30.79444444,Q15323,513898,,41625104001,,active,,wikidata,,2026-09-15,
wd:Q59246,wikidata,city,Нязепетровск,,Nyazepetrovsk,,iso:RU-CHE,RU-CHE,56.05,59.6,Q59246,516615,,75644101001,,active,,wikidata,,2026-09-15,
wd:Q48562,wikidata,city,Торопец,,Toropets,,iso:RU-TVE,RU-TVE,56.5,31.63333333,Q48562,482042,,28655101001,,active,,wikidata,,2026-09-15,
wd:Q49583,wikidata,city,Олонец,,Olonets,,iso:RU-KR,RU-KR,60.98333333,32.96666667,Q49583,515403,,86630101001,,active,,wikidata,,2026-09-15,
wd:Q16982,wikidata,city,Курганинск,,Kurganinsk,,iso:RU-KDA,RU-KDA,44.88333333,40.6,Q16982,538836,,03627101001,,active,,wikidata,,2026-09-15,
wd:Q15337,wikidata,city,Тосно,,Tosno,,iso:RU-LEN,RU-LEN,59.54111111,30.875,Q15337,481964,,41648101001,,active,,wikidata,,2026-09-15,
wd:Q16971,wikidata,city,Кореновск,,Korenovsk,,iso:RU-KDA,RU-KDA,45.46666667,39.45,Q16971,544896,,03621101001,,active,,wikidata,,2026-09-15,
wd:Q15764,wikidata,city,Апшеронск,,Apsheronsk,,iso:RU-KDA,RU-KDA,44.46083333,39.74055556,Q15764,581313,,03605101001,,active,,wikidata,,2026-09-15,
wd:Q59704,wikidata,city,Зеленогорск,,Zelenogorsk,,iso:RU-KYA,RU-KYA,56.1,94.58333333,Q59704,1488253,,04737000001,,active,,wikidata,,2026-09-15,
wd:Q15774,wikidata,city,Белореченск,,Belorechensk,,iso:RU-KDA,RU-KDA,44.76666667,39.86666667,Q15774,577893,,03608101001,,active,,wikidata,,2026-09-15,
wd:Q15758,wikidata,city,Анапа,,Anapa,,iso:RU-KDA,RU-KDA,44.89444444,37.31666667,Q15758,582182,,03703000001,,active,,wikidata,,2026-09-15,
wd:Q60013,wikidata,city,Короча,,Korocha,,iso:RU-BEL,RU-BEL,50.81666667,37.2,Q60013,544707,,14640101001,,active,,wikidata,,2026-09-15,
wd:Q16985,wikidata,city,Лабинск,,Labinsk,,iso:RU-KDA,RU-KDA,44.63333333,40.73333333,Q16985,537281,,03630101001,,active,,wikidata,,2026-09-15,
wd:Q59831,wikidata,city,Строитель,,Stroitel,,iso:RU-BEL,RU-BEL,50.78333333,36.48333333,Q59831,487147,,14658101001,,active,,wikidata,,2026-09-15,
wd:Q41993,wikidata,city,Шелехов,,Shelekhov,,iso:RU-IRK,RU-IRK,52.2,104.1,Q41993,2016764,,25655101001,,active,,wikidata,,2026-09-15,
wd:Q59828,wikidata,city,Шебекино,,Shebekino,,iso:RU-BEL,RU-BEL,50.41666667,36.9,Q59828,495112,,14750000001,,active,,wikidata,,2026-09-15,
wd:Q60005,wikidata,city,Новый Оскол,,Novy Oskol,,iso:RU-BEL,RU-BEL,50.76666667,37.86666667,Q60005,516931,,14644101001,,active,,wikidata,,2026-09-15,
wd:Q15759,wikidata,city,Темрюк,,Temryuk,,iso:RU-KDA,RU-KDA,45.26666667,37.38333333,Q15759,483661,,03651101001,,active,,wikidata,,2026-09-15,
wd:Q25952,wikidata,city,Майский,,Maysky,,iso:RU-KB,RU-KB,43.63333333,44.06666667,Q25952,874042,,83620101001,,active,,wikidata,,2026-09-15,
wd:Q15322,wikidata,city,Луга,,Luga,,iso:RU-LEN,RU-LEN,58.73333333,29.85,Q15322,533690,,41633101001,,active,,wikidata,,2026-09-15,
wd:Q15336,wikidata,city,Тихвин,,Tikhvin,,iso:RU-LEN,RU-LEN,59.64416667,33.54222222,Q15336,483019,,41645101001,,active,,wikidata,,2026-09-15,
