id,id_scheme,type_id,name_ru,name_yo,name_en,abbr,parent_id,admin1,lat,lon,wd,geonames,fias,oktmo,iso,status,replaced_by,source_id,source_rev,updated_at,notes
wd:Q4420279,wikidata,microtoponym,Синий камень,,Blue Stone,,iso:RU-YAR,RU-YAR,56.78416667,38.82416667,Q4420279,,,,,active,,wikidata,,2026-09-25,Синь-камень у Плещеева озера; не дамп ГАР
local:micro:sinie-kamni,local,microtoponym,урочище Синие камни,,Sinie kamni urochishche,,iso:RU-ORE,RU-ORE,,,,,,,,active,,gkgn-opendata,,2026-09-11,пример types.csv; Тюльганский район; без дампа ГАР/ГКГН
wd:Q3896098,wikidata,microtoponym,Серебряный Бор,,Serebryany Bor,,wd:Q649,RU-MOW,55.780500,37.416200,Q3896098,,,,,active,,wikidata,,2026-09-12,местность / парк в Москве; не дамп ГАР
wd:Q3162344,wikidata,microtoponym,Нескучный сад,,Neskuchny Garden,,wd:Q649,RU-MOW,55.716111,37.588056,Q3162344,,,,,active,,wikidata,,2026-09-12,
wd:Q99296,wikidata,microtoponym,Битцевский лес,,Bitsa Park,,wd:Q649,RU-MOW,55.633000,37.562778,Q99296,,,,,active,,wikidata,,2026-09-12,
wd:Q3363844,wikidata,microtoponym,Кузьминский лесопарк,,Vlakhernskoye-Kuzminki,,wd:Q649,RU-MOW,55.690300,37.789400,Q3363844,,,,,active,,wikidata,,2026-09-12,
wd:Q1643788,wikidata,microtoponym,Капова пещера,,Kapova Cave,,iso:RU-BA,RU-BA,53.044444,57.063889,Q1643788,553029,,,,active,,wikidata,,2026-09-12,Шульган-Таш; Бурзянский район
wd:Q2607150,wikidata,microtoponym,Кунгурская ледяная пещера,,Kungur Ice Cave,,iso:RU-PER,RU-PER,57.440278,57.007222,Q2607150,539143,,,,active,,wikidata,,2026-09-12,
wd:Q4362259,wikidata,microtoponym,Ординская пещера,,Orda Cave,,iso:RU-PER,RU-PER,57.182000,56.888056,Q4362259,,,,,active,,wikidata,,2026-09-12,
wd:Q1029322,wikidata,microtoponym,Денисова пещера,,Denisova Cave,,iso:RU-ALT,RU-ALT,51.397581,84.676206,Q1029322,,,,,active,,wikidata,,2026-09-12,"Солонешенский район, Алтайский край"
wd:Q4073271,wikidata,microtoponym,Ахштырская пещера,,Akhshtyrskaya Cave,,iso:RU-KDA,RU-KDA,43.520771,39.995910,Q4073271,,,,,active,,wikidata,,2026-09-12,Адлерский район Сочи
wd:Q4125821,wikidata,microtoponym,Воронцовская пещера,,Vorontsovskaya Cave,,iso:RU-KDA,RU-KDA,43.612167,39.936083,Q4125821,8378852,,,,active,,wikidata,,2026-09-12,
wd:Q4449381,wikidata,microtoponym,Тавдинские пещеры,,Tavdinskaya Karst Arch,,iso:RU-AL,RU-AL,51.777222,85.730833,Q4449381,,,,,active,,wikidata,,2026-09-12,
wd:Q4332103,wikidata,microtoponym,Провал,,Lake Proval,,wd:Q41970,RU-STA,44.046670,43.098610,Q4332103,,,,,active,,wikidata,,2026-09-12,"озеро Провал, Пятигорск"
wd:Q81395061,wikidata,microtoponym,Сарыкум,,Sarykum,,iso:RU-DA,RU-DA,43.007130,47.228890,Q81395061,8693258,,,,active,,wikidata,,2026-09-12,бархан; Кумторкалинский район
wd:Q186369,wikidata,microtoponym,Дивногорье,,Divnogorye,,iso:RU-VOR,RU-VOR,50.968509,39.313159,Q186369,,,,,active,,wikidata,,2026-09-12,"урочище / музей-заповедник, Лискинский район"
wd:Q4518960,wikidata,microtoponym,Чертово городище,Чёртово городище,Chertovo Gorodishche Rocks,,wd:Q887,RU-SVE,56.941667,60.347222,Q4518960,,,,,active,,wikidata,,2026-09-12,скалы у Екатеринбурга; не дамп ГАР
wd:Q4249149,wikidata,microtoponym,Кусярьюрт,,Кusyaryort,,wd:Q649,RU-MOW,,,Q4249149,,,,,active,,wikidata,,2026-09-14,
wd:Q19917049,wikidata,microtoponym,Троицкое поле,,,,wd:Q656,RU-SPE,59.855317,30.470405,Q19917049,,,,,active,,wikidata,,2026-09-14,
wd:Q123905114,wikidata,microtoponym,Матрешкин буерак,Матрёшкин буерак,,,iso:RU-VOR,RU-VOR,51.41139,42.12472,Q123905114,,,,,active,,wikidata,,2026-09-14,
wd:Q4193216,wikidata,microtoponym,Золотая долина (Новосибирск),,"Zolotaya Dolina, Novosibirsk",,iso:RU-NVS,RU-NVS,54.827693,83.102759,Q4193216,,,,,active,,wikidata,,2026-09-14,
wd:Q12108920,wikidata,microtoponym,Карши-Даг,,,,wd:Q649,RU-MOW,,,Q12108920,,,,,active,,wikidata,,2026-09-14,
wd:Q130264784,wikidata,microtoponym,Раменье,,,,wd:Q1655463,RU-KOS,,,Q130264784,,,,,active,,wikidata,,2026-09-14,
wd:Q4250623,wikidata,microtoponym,Кызлар-Караул (урочище),,,,wd:Q1092758,RU-BA,,,Q4250623,,,,,active,,wikidata,,2026-09-14,
wd:Q131411926,wikidata,microtoponym,Новосибирское,,,,wd:Q4233404,RU-ALT,53.612999,81.150803,Q131411926,,,,,active,,wikidata,,2026-09-14,
wd:Q65131016,wikidata,microtoponym,Урочище Орешник,,,,wd:Q2536414,RU-ULY,,,Q65131016,,,,,active,,wikidata,,2026-09-14,
wd:Q109539736,wikidata,microtoponym,Большие Дубовицы,,,,wd:Q2627838,RU-NGR,57.832985,31.828263,Q109539736,,,,,active,,wikidata,,2026-09-14,
wd:Q4175094,wikidata,microtoponym,Еловый мыс,,Elovyj Mys,,wd:Q887,RU-SVE,56.91416667,60.40805556,Q4175094,,,,,active,,wikidata,,2026-09-14,
wd:Q131411877,wikidata,microtoponym,Новосибирское,,,,wd:Q4317766,RU-ROS,48.8025,42.57905,Q131411877,,,,,active,,wikidata,,2026-09-14,
wd:Q128210537,wikidata,microtoponym,Русско-Немецкая Швейцария,,Shveytsariya,,wd:Q900,RU-TA,55.804359,49.163771,Q128210537,8142665,,,,active,,wikidata,,2026-09-14,
wd:Q13667712,wikidata,microtoponym,Лысая гора,,Lysaya,,wd:Q1194696,RU-BA,55.376392,56.687931,Q13667712,,,,,active,,wikidata,,2026-09-14,
wd:Q134371435,wikidata,microtoponym,Урочище Сакма,,,,wd:Q2629594,RU-KRS,52.048442,36.753907,Q134371435,,,,,active,,wikidata,,2026-09-14,
wd:Q124357825,wikidata,microtoponym,Спасовка,,Spasovka,,wd:Q1646633,RU-TYU,57.97349,68.010093,Q124357825,,,,,active,,wikidata,,2026-09-14,
wd:Q136088625,wikidata,microtoponym,Борисовка,,,,wd:Q1125020,RU-OMS,56.78111111,74.89722222,Q136088625,,,,,active,,wikidata,,2026-09-14,
wd:Q13208131,wikidata,microtoponym,Вихляевка,,Balka Vikhlyayevka,,wd:Q649,RU-MOW,51.235402,42.708162,Q13208131,7751981,,,,active,,wikidata,,2026-09-14,
wd:Q55657344,wikidata,microtoponym,Бреховский овраг,Брёховский овраг,Bryokhovsky Gully,,wd:Q649,RU-MOW,55.64305556,37.49083333,Q55657344,,,,,active,,wikidata,,2026-09-14,
wd:Q13208154,wikidata,microtoponym,река в Орловском овраге,,Orlov Gully,,iso:RU-SAM,RU-SAM,53.219373,50.361331,Q13208154,,,,,active,,wikidata,,2026-09-14,
wd:Q13208177,wikidata,microtoponym,Солдатский,,Soldatsky,,iso:RU-ULY,RU-ULY,54.5118,47.9758,Q13208177,,,,,active,,wikidata,,2026-09-14,
wd:Q13208174,wikidata,microtoponym,Река в овраге Чиганак,,Chiganak Gully,,iso:RU-ORE,RU-ORE,52.555327,52.141821,Q13208174,,,,,active,,wikidata,,2026-09-14,
wd:Q21043417,wikidata,microtoponym,Никольский овраг,,Nikolsky Gully,,wd:Q649,RU-MOW,55.5728,37.6756,Q21043417,,,,,active,,wikidata,,2026-09-14,
wd:Q137840581,wikidata,microtoponym,Рузин,,,,iso:RU-MOS,RU-MOS,55.54993,36.01593,Q137840581,,,,,active,,wikidata,,2026-09-14,
wd:Q13208143,wikidata,microtoponym,Река в овраге Елховка,,Elkhovka Gully,,iso:RU-ORE,RU-ORE,52.486228,52.429238,Q13208143,,,,,active,,wikidata,,2026-09-14,
wd:Q55657232,wikidata,microtoponym,Беляевский овраг,,,,wd:Q649,RU-MOW,55.6275,37.6522,Q55657232,,,,,active,,wikidata,,2026-09-14,
wd:Q108430709,wikidata,microtoponym,Овраг Дуванный,,Duvanny,,iso:RU-PNZ,RU-PNZ,53.1411,46.5533,Q108430709,,,,,active,,wikidata,,2026-09-14,
wd:Q133457099,wikidata,microtoponym,Песковатка,,,,iso:RU-VGG,RU-VGG,50.08678,44.7865,Q133457099,,,,,active,,wikidata,,2026-09-14,
wd:Q13208171,wikidata,microtoponym,Соленый Яр (балка),Солёный Яр (балка),Balka Solënyy Yar,,wd:Q649,RU-MOW,49.91333333,40.10444444,Q13208171,808893,,,,active,,wikidata,,2026-09-14,
wd:Q13208165,wikidata,microtoponym,Река в овраге Сафин,,Safin Gully,,iso:RU-ORE,RU-ORE,52.622383,54.278922,Q13208165,,,,,active,,wikidata,,2026-09-14,
wd:Q13208170,wikidata,microtoponym,Сидорка,,Sidorka Gully,,iso:RU-ORE,RU-ORE,52.726113,53.641678,Q13208170,,,,,active,,wikidata,,2026-09-14,
wd:Q20618839,wikidata,microtoponym,Лосенный овраг,,Losenny,,iso:RU-VGG,RU-VGG,50.57861111,44.15,Q20618839,,,,,active,,wikidata,,2026-09-14,
wd:Q13208140,wikidata,microtoponym,Волчанский,,Volchansky Gully,,iso:RU-SAM,RU-SAM,53.07666667,48.22555556,Q13208140,,,,,active,,wikidata,,2026-09-14,
wd:Q136373437,wikidata,microtoponym,Амринская балка,,Amrinskaya balka,,wd:Q1654469,RU-OMS,54.54785,71.79359,Q136373437,,,,,active,,wikidata,,2026-09-14,
wd:Q13208134,wikidata,microtoponym,Березовая,Берёзовая,Sukhoy Schelkan,,iso:RU-SAR,RU-SAR,51.21277778,44.59722222,Q13208134,,,,,active,,wikidata,,2026-09-14,
wd:Q13208164,wikidata,microtoponym,Разживин,,Ovrag Razzhivin,,wd:Q649,RU-MOW,51.91566667,46.67463889,Q13208164,6612002,,,,active,,wikidata,,2026-09-14,
wd:Q13208157,wikidata,microtoponym,Орешников овраг,,Oreshnikov Gully,,iso:RU-SAM,RU-SAM,53.41805556,51.87944444,Q13208157,,,,,active,,wikidata,,2026-09-14,
wd:Q20614394,wikidata,microtoponym,Голиков овраг,,Golik,,iso:RU-VGG,RU-VGG,50.59901,44.938945,Q20614394,,,,,active,,wikidata,,2026-09-14,
wd:Q13208172,wikidata,microtoponym,Река в овраге Суходол,,Sukhodol Gully,,iso:RU-ORE,RU-ORE,53.63555556,53.22027778,Q13208172,,,,,active,,wikidata,,2026-09-14,
wd:Q20587302,wikidata,microtoponym,Река в овраге Мокрый,,Mokry Ovrag,,iso:RU-SAR,RU-SAR,52.27361111,48.86833333,Q20587302,,,,,active,,wikidata,,2026-09-14,
wd:Q13208139,wikidata,microtoponym,Дубовый овраг,,Dubovy Gully,,iso:RU-ORE,RU-ORE,52.717671,53.769051,Q13208139,,,,,active,,wikidata,,2026-09-14,
wd:Q133462510,wikidata,microtoponym,Вязовый овраг,,,,iso:RU-VGG,RU-VGG,49.58662,44.20092,Q133462510,,,,,active,,wikidata,,2026-09-14,
wd:Q13208137,wikidata,microtoponym,Ганеич Яр,,Ganeich Yar Gully,,iso:RU-ORE,RU-ORE,52.157006,52.389997,Q13208137,,,,,active,,wikidata,,2026-09-14,
wd:Q20598534,wikidata,microtoponym,Урень,,Uren,,iso:RU-ULY,RU-ULY,54.362331,48.974621,Q20598534,,,,,active,,wikidata,,2026-09-14,
wd:Q13208142,wikidata,microtoponym,Река в овраге Елшанка,,Elshanka Gully,,iso:RU-SAR,RU-SAR,51.84388889,46.05,Q13208142,,,,,active,,wikidata,,2026-09-14,
wd:Q20622094,wikidata,microtoponym,Сухая Лебедка,Сухая Лебёдка,Sukhaya Lebyodka Gully,,iso:RU-SAR,RU-SAR,51.40583333,44.65194444,Q20622094,,,,,active,,wikidata,,2026-09-14,
wd:Q21043428,wikidata,microtoponym,Пушкин овраг,,Pushkin Gully,,wd:Q649,RU-MOW,55.615,37.65111111,Q21043428,,,,,active,,wikidata,,2026-09-14,
wd:Q34911970,wikidata,microtoponym,Балка Гаврильский Лог,,Ovrag Gavrilov,,iso:RU-VOR,RU-VOR,50.48,40.45111,Q34911970,808470,,,,active,,wikidata,,2026-09-14,
wd:Q13056160,wikidata,microtoponym,Большая балка,,Bol'shoy Ovrag,,wd:Q649,RU-MOW,49.92111111,40.15027778,Q13056160,808891,,,,active,,wikidata,,2026-09-14,
wd:Q13056161,wikidata,microtoponym,Овраг Широкий,,Shiroky Gully,,iso:RU-SAM,RU-SAM,53.83416667,50.17611111,Q13056161,6880864,,,,active,,wikidata,,2026-09-14,
wd:Q4740503,wikidata,microtoponym,Адовский овраг,,Adovsky Gully,,iso:RU-ULY,RU-ULY,53.15,47.86388889,Q4740503,,,,,active,,wikidata,,2026-09-14,
wd:Q3730611,wikidata,microtoponym,Крутец,,Krutets,,iso:RU-SAR,RU-SAR,51.23833333,44.73777778,Q3730611,7442991,,,,active,,wikidata,,2026-09-14,
wd:Q6581020,wikidata,microtoponym,Мокрый Ржавец,,Mokry Rzhavets,,iso:RU-TA,RU-TA,55.00222222,51.27527778,Q6581020,7595127,,,,active,,wikidata,,2026-09-14,
wd:Q4392811,wikidata,microtoponym,Река в овраге Лысая Гора,,Lysaya Gora Gully,,iso:RU-ULY,RU-ULY,53.141286,47.991599,Q4392811,,,,,active,,wikidata,,2026-09-14,
wd:Q3721791,wikidata,microtoponym,Осиновый овраг,,Ovsinovy,,iso:RU-SAR,RU-SAR,51.79305556,42.78777778,Q3721791,,,,,active,,wikidata,,2026-09-14,
wd:Q4392793,wikidata,microtoponym,Аргынбай,,Argynbay Gully,,iso:RU-ORE,RU-ORE,52.791665,53.720547,Q4392793,,,,,active,,wikidata,,2026-09-14,
wd:Q757128,wikidata,microtoponym,Забудьков Яр,,Zabudkov Yar,,iso:RU-VOR,RU-VOR,49.917879,40.578061,Q757128,,,,,active,,wikidata,,2026-09-14,
wd:Q3721954,wikidata,microtoponym,Каменка,,Kamenka,,iso:RU-SAR,RU-SAR,51.84527778,43.5375,Q3721954,,,,,active,,wikidata,,2026-09-14,
wd:Q4348913,wikidata,microtoponym,Первая балка,,Pervaya Balka,,iso:RU-KDA,RU-KDA,44.468295,39.782593,Q4348913,,,,,active,,wikidata,,2026-09-14,
wd:Q3721319,wikidata,microtoponym,Река в овраге Котоврас,,Korovras Gully,,iso:RU-SAR,RU-SAR,51.70555556,43.29305556,Q3721319,,,,,active,,wikidata,,2026-09-14,
wd:Q3731040,wikidata,microtoponym,Журавский ручей,,Zhuravsky Brook,,iso:RU-SAR,RU-SAR,51.13333333,44.4925,Q3731040,,,,,active,,wikidata,,2026-09-14,
wd:Q4085542,wikidata,microtoponym,Березовый Овраг,Берёзовый Овраг,Beryozovy Gully,,iso:RU-CU,RU-CU,55.10944444,46.10333333,Q4085542,,,,,active,,wikidata,,2026-09-14,
wd:Q85196,wikidata,microtoponym,Воловский овраг,,Volovsky Gully,,iso:RU-SAR,RU-SAR,53.2113,49.3725,Q85196,,,,,active,,wikidata,,2026-09-14,
wd:Q4392815,wikidata,microtoponym,Река в овраге Прямой,,Pryamoy Gully,,iso:RU-ULY,RU-ULY,53.150385,48.06249,Q4392815,,,,,active,,wikidata,,2026-09-14,
wd:Q4378308,wikidata,microtoponym,Ближний Зеленной,,Blizhny Zelennoy Gully,,iso:RU-ULY,RU-ULY,54.01444444,48.46138889,Q4378308,,,,,active,,wikidata,,2026-09-14,
wd:Q3721109,wikidata,microtoponym,Карачева река,,Karacheva,,iso:RU-VOR,RU-VOR,51.54416667,41.88361111,Q3721109,,,,,active,,wikidata,,2026-09-14,
wd:Q112114468,wikidata,microtoponym,Ногайский овраг,,Nogaika Ravine,,wd:Q649,RU-MOW,,,Q112114468,,,,,active,,wikidata,,2026-09-14,
wd:Q85588,wikidata,microtoponym,Овраг Жданкин,,Zhdankin Gully,,iso:RU-VOR,RU-VOR,51.630486,42.139174,Q85588,,,,,active,,wikidata,,2026-09-14,
wd:Q4392800,wikidata,microtoponym,Глинный овраг,,Glinny Gully,,iso:RU-ORE,RU-ORE,52.465579,53.125268,Q4392800,,,,,active,,wikidata,,2026-09-14,
wd:Q756109,wikidata,microtoponym,Голый (приток Богучарки),,Goly,,iso:RU-VOR,RU-VOR,49.812915,39.903721,Q756109,,,,,active,,wikidata,,2026-09-14,
wd:Q85269,wikidata,microtoponym,Река в овраге Мужичий,,Muzhichy Gully,,iso:RU-SAM,RU-SAM,52.66222222,49.75361111,Q85269,,,,,active,,wikidata,,2026-09-14,
wd:Q4383496,wikidata,microtoponym,Грачев,Грачёв,Grachyov,,iso:RU-SAR,RU-SAR,51.341122,44.671427,Q4383496,7443046,,,,active,,wikidata,,2026-09-14,
wd:Q47492559,wikidata,microtoponym,Барбала,,Barbala,,local:ru-crimea,,44.49277778,34.10416667,Q47492559,,,,,active,,wikidata,,2026-09-14,
wd:Q2393545,wikidata,microtoponym,Чертов овраг,Чёртов овраг,Chertov Ovrag,,wd:Q765027,RU-CHU,71,179.883,Q2393545,,,,,active,,wikidata,,2026-09-14,
wd:Q61716612,wikidata,microtoponym,Лекаревское поле,,,,wd:Q2220404,RU-TA,,,Q61716612,,,,,active,,wikidata,,2026-09-14,
wd:Q121809371,wikidata,microtoponym,Парадное поле,,,,wd:Q177888,RU-SPE,59.686844,30.465422,Q121809371,,,,,active,,wikidata,,2026-09-14,
wd:Q21635337,wikidata,microtoponym,Айдашинская пещера,,,,wd:Q649,RU-MOW,,,Q21635337,,,,,active,,wikidata,,2026-09-14,
wd:Q20091289,wikidata,microtoponym,Ялтинская пещера,,Yalta Cave,,wd:Q649,RU-MOW,,,Q20091289,,,,,active,,wikidata,,2026-09-14,
wd:Q48940510,wikidata,microtoponym,Балаганская пещера,,,,wd:Q649,RU-MOW,,,Q48940510,,,,,active,,wikidata,,2026-09-14,
wd:Q20091280,wikidata,microtoponym,Пещера Вдовиченко,,,,wd:Q649,RU-MOW,,,Q20091280,,,,,active,,wikidata,,2026-09-14,
wd:Q20091281,wikidata,microtoponym,Пещера Гебы,,,,wd:Q649,RU-MOW,,,Q20091281,,,,,active,,wikidata,,2026-09-14,
wd:Q20091287,wikidata,microtoponym,Пещера Сююрю-Кая,,,,wd:Q649,RU-MOW,,,Q20091287,,,,,active,,wikidata,,2026-09-14,
wd:Q4403156,wikidata,microtoponym,СОАНтехническая,,,,wd:Q649,RU-MOW,,,Q4403156,,,,,active,,wikidata,,2026-09-14,
wd:Q41792526,wikidata,microtoponym,Куэшта,,Kueshta Cave,,wd:Q649,RU-MOW,,,Q41792526,,,,,active,,wikidata,,2026-09-14,
wd:Q18409658,wikidata,microtoponym,Тут-Куш,,,,wd:Q649,RU-MOW,,,Q18409658,,,,,active,,wikidata,,2026-09-14,
wd:Q16273970,wikidata,microtoponym,Безродненские пещеры,,,,wd:Q649,RU-MOW,,,Q16273970,,,,,active,,wikidata,,2026-09-14,
wd:Q12074902,wikidata,microtoponym,Иограф (пещера),,,,wd:Q649,RU-MOW,,,Q12074902,,,,,active,,wikidata,,2026-09-14,
wd:Q4362260,wikidata,microtoponym,Пещера ПКБ (Новая),,,,wd:Q649,RU-MOW,,,Q4362260,,,,,active,,wikidata,,2026-09-14,
wd:Q21044939,wikidata,microtoponym,"Олимпия (пещера, Ишимбайский район)",,Olympia Cave,,wd:Q649,RU-MOW,53.38806,56.46861,Q21044939,,,,,active,,wikidata,,2026-09-14,
wd:Q18409439,wikidata,microtoponym,Темниковская пещера,,Temnikovskaya Cave,,wd:Q649,RU-MOW,51.04083,106.1275,Q18409439,,,,,active,,wikidata,,2026-09-14,
wd:Q4337017,wikidata,microtoponym,Ороктойская пещера,,,,wd:Q649,RU-MOW,,,Q4337017,,,,,active,,wikidata,,2026-09-14,
wd:Q4198989,wikidata,microtoponym,Икеньская пещера,,Ikenskaya Cave,,wd:Q649,RU-MOW,,,Q4198989,,,,,active,,wikidata,,2026-09-14,
wd:Q4258113,wikidata,microtoponym,Ленинградская пещера,,,,wd:Q649,RU-MOW,,,Q4258113,,,,,active,,wikidata,,2026-09-14,
wd:Q19909021,wikidata,microtoponym,Лаклинская пещера,,Laklinskaya Cave,,wd:Q649,RU-MOW,55.19888889,58.52833333,Q19909021,,,,,active,,wikidata,,2026-09-14,
wd:Q4362252,wikidata,microtoponym,Пещера Крест,,Krest Cave,,wd:Q649,RU-MOW,,,Q4362252,,,,,active,,wikidata,,2026-09-14,
wd:Q4152199,wikidata,microtoponym,Гунькина пещера,,,,wd:Q649,RU-MOW,,,Q4152199,,,,,active,,wikidata,,2026-09-14,
wd:Q4247322,wikidata,microtoponym,Кунцевская пещера,,,,wd:Q649,RU-MOW,,,Q4247322,,,,,active,,wikidata,,2026-09-14,
wd:Q4362242,wikidata,microtoponym,Пещера Большой приз,,,,wd:Q649,RU-MOW,,,Q4362242,,,,,active,,wikidata,,2026-09-14,
wd:Q4362246,wikidata,microtoponym,Пещера Геофизическая (Алтайский край),,,,wd:Q649,RU-MOW,,,Q4362246,,,,,active,,wikidata,,2026-09-14,
wd:Q120473744,wikidata,microtoponym,Азис-Коба,,,,wd:Q649,RU-MOW,44.5080103,33.7637444,Q120473744,,,,,active,,wikidata,,2026-09-14,
wd:Q109853857,wikidata,microtoponym,Шахта Мира,,,,wd:Q649,RU-MOW,44.859167,34.543611,Q109853857,,,,,active,,wikidata,,2026-09-14,
wd:Q111843880,wikidata,microtoponym,Салаватская,,Salavatskaya,,wd:Q19915913,RU-CHE,55.111892,58.154346,Q111843880,,,,,active,,wikidata,,2026-09-14,
wd:Q127420573,wikidata,microtoponym,Треугольная пещера,,,,wd:Q649,RU-MOW,43.99167,41.289521,Q127420573,,,,,active,,wikidata,,2026-09-14,
wd:Q106223935,wikidata,microtoponym,Бишкаинская пещера,,,,wd:Q649,RU-MOW,53.96666667,56.1,Q106223935,,,,,active,,wikidata,,2026-09-14,
wd:Q48950763,wikidata,microtoponym,Сказка,,,,wd:Q649,RU-MOW,53.0271,57.1248,Q48950763,,,,,active,,wikidata,,2026-09-14,
wd:Q106017006,wikidata,microtoponym,Ашинская яма,,Ashinskaya hole,,wd:Q1192829,RU-CHE,55.008708,57.317789,Q106017006,,,,,active,,wikidata,,2026-09-14,
wd:Q106026415,wikidata,microtoponym,Пещера Плутония,,Plutoniya cave,,wd:Q1192829,RU-CHE,55.01007,57.321833,Q106026415,,,,,active,,wikidata,,2026-09-14,
wd:Q40181575,wikidata,microtoponym,Заповедная пещера,,,,wd:Q649,RU-MOW,54.5557,57.271,Q40181575,,,,,active,,wikidata,,2026-09-14,
wd:Q37969474,wikidata,microtoponym,Шуби-Ныхасская пещера,,Shubi-Nykhasskaya Cave,,wd:Q649,RU-MOW,42.94087,44.21134,Q37969474,10104083,,,,active,,wikidata,,2026-09-14,
wd:Q63139819,wikidata,microtoponym,Сухая Атя (пещера),,Sukhaya Atya Cave,,wd:Q649,RU-MOW,54.84916667,57.41333333,Q63139819,,,,,active,,wikidata,,2026-09-14,
wd:Q48945108,wikidata,microtoponym,Вертолетная пещера,Вертолётная пещера,Vertolyotnaya Cave,,iso:RU-BA,RU-BA,54.2361,55.9883,Q48945108,,,,,active,,wikidata,,2026-09-14,
wd:Q97380725,wikidata,microtoponym,Арка-Юрт,,Arka-Yurt,,iso:RU-BA,RU-BA,54.127141,56.825737,Q97380725,,,,,active,,wikidata,,2026-09-14,
wd:Q114453762,wikidata,microtoponym,Пещера Старая Брянь,,Staraya Bryan cave grotto,,iso:RU-BU,RU-BU,51.55391667,108.14416667,Q114453762,,,,,active,,wikidata,,2026-09-14,
wd:Q41156346,wikidata,microtoponym,Зигзаг,,,,wd:Q649,RU-MOW,53.00194,56.50778,Q41156346,,,,,active,,wikidata,,2026-09-14,
wd:Q105988260,wikidata,microtoponym,Яман – Таш,,Yaman-Tash,,wd:Q1654052,RU-CHE,56.212937,59.335084,Q105988260,,,,,active,,wikidata,,2026-09-14,
wd:Q105882271,wikidata,microtoponym,Улуирские пещерные комплексы,,Uluir caves,,wd:Q19836938,RU-CHE,55.157013,58.655959,Q105882271,,,,,active,,wikidata,,2026-09-14,
wd:Q137042204,wikidata,microtoponym,Пещера Притон,,,,wd:Q649,RU-MOW,54.671,61.0562,Q137042204,,,,,active,,wikidata,,2026-09-14,
wd:Q24934698,wikidata,microtoponym,Гостьковская пещера,,,,wd:Q649,RU-MOW,57.53333,61.7475,Q24934698,,,,,active,,wikidata,,2026-09-14,
wd:Q21843577,wikidata,microtoponym,Мокрушинская пещера,,,,wd:Q649,RU-MOW,43.9525,135.3482,Q21843577,,,,,active,,wikidata,,2026-09-14,
wd:Q21639881,wikidata,microtoponym,Идрисовская пещера,,Idrisovskaya Cave,,wd:Q649,RU-MOW,55.11138889,58.15583333,Q21639881,,,,,active,,wikidata,,2026-09-14,
wd:Q110259429,wikidata,microtoponym,Гремучая пещера,,,,wd:Q649,RU-MOW,,,Q110259429,,,,,active,,wikidata,,2026-09-14,
wd:Q110259428,wikidata,microtoponym,Пещера Ломоносова,,,,wd:Q649,RU-MOW,,,Q110259428,,,,,active,,wikidata,,2026-09-14,
wd:Q110259433,wikidata,microtoponym,пещера Андрусова,,,,wd:Q649,RU-MOW,,,Q110259433,,,,,active,,wikidata,,2026-09-14,
wd:Q116252364,wikidata,microtoponym,Пещеры скалы Сабакай,,,,wd:Q649,RU-MOW,,,Q116252364,,,,,active,,wikidata,,2026-09-14,
wd:Q24932745,wikidata,microtoponym,Пашийская пещера,,,,wd:Q649,RU-MOW,58.42028,58.21722,Q24932745,,,,,active,,wikidata,,2026-09-14,
wd:Q24936203,wikidata,microtoponym,Смолинская пещера,,Smolinskaya Cave,,wd:Q649,RU-MOW,56.42889,61.61222,Q24936203,,,,,active,,wikidata,,2026-09-14,
wd:Q24933335,wikidata,microtoponym,Новоуткинская пещера,,,,iso:RU-SVE,RU-SVE,56.99826,59.55926,Q24933335,,,,,active,,wikidata,,2026-09-14,
wd:Q111666222,wikidata,microtoponym,Вайдинская пещера,,,,iso:RU-SAK,RU-SAK,,,Q111666222,,,,,active,,wikidata,,2026-09-14,
wd:Q25385175,wikidata,microtoponym,Бедыкская пещера,,,,wd:Q649,RU-MOW,43.48222,43.19333,Q25385175,,,,,active,,wikidata,,2026-09-14,
wd:Q138767181,wikidata,microtoponym,Пильниковская,,,,iso:RU-SVE,RU-SVE,,,Q138767181,,,,,active,,wikidata,,2026-09-14,
wd:Q16273374,wikidata,microtoponym,Аскинская ледяная пещера,,Askyn Ice Cave,,wd:Q649,RU-MOW,54.25275,56.90436111,Q16273374,,,,,active,,wikidata,,2026-09-14,
wd:Q4494655,wikidata,microtoponym,Хазинская пещера,,,,wd:Q649,RU-MOW,53.40611,56.40611,Q4494655,,,,,active,,wikidata,,2026-09-14,
wd:Q12170989,wikidata,microtoponym,Шайтан-Коба,,,,wd:Q649,RU-MOW,44.804444,33.980278,Q12170989,,,,,active,,wikidata,,2026-09-14,
wd:Q13667788,wikidata,microtoponym,Кургазак (пещера),,Kurgazak Cave,,wd:Q649,RU-MOW,55.13861111,58.72611111,Q13667788,,,,,active,,wikidata,,2026-09-14,
wd:Q13055927,wikidata,microtoponym,Киндерлинская пещера,,Kinderle Cave,,iso:RU-BA,RU-BA,54.15694444,56.85444444,Q13055927,,,,,active,,wikidata,,2026-09-14,
wd:Q4452916,wikidata,microtoponym,Таш-Ой,,,,wd:Q649,RU-MOW,53.720628,56.645831,Q4452916,,,,,active,,wikidata,,2026-09-14,
wd:Q16678481,wikidata,microtoponym,Музейная пещера,,,,wd:Q649,RU-MOW,51.28416944,84.65193889,Q16678481,,,,,active,,wikidata,,2026-09-14,
wd:Q13667780,wikidata,microtoponym,Зигановка,,,,wd:Q649,RU-MOW,53.531482,56.61029,Q13667780,,,,,active,,wikidata,,2026-09-14,
wd:Q4529387,wikidata,microtoponym,Ыласын (пещера),,Ilasin Cave,,wd:Q649,RU-MOW,53.3945,56.3981,Q4529387,,,,,active,,wikidata,,2026-09-14,
wd:Q4539977,wikidata,microtoponym,Ящик Пандоры (пещера),,,,wd:Q649,RU-MOW,54.43333333,89.45,Q4539977,,,,,active,,wikidata,,2026-09-14,
wd:Q4517616,wikidata,microtoponym,Чудесница,,,,wd:Q649,RU-MOW,58.20083,58.14306,Q4517616,,,,,active,,wikidata,,2026-09-14,
wd:Q7635148,wikidata,microtoponym,Сугомакская пещера,,Sugomak Cave,,wd:Q649,RU-MOW,55.71527778,60.45972222,Q7635148,,,,,active,,wikidata,,2026-09-14,
wd:Q37966129,wikidata,microtoponym,Пещера Ермака,,Peshchera Yermaka,,wd:Q649,RU-MOW,58.29694444,61.20222222,Q37966129,7493912,,,,active,,wikidata,,2026-09-14,
wd:Q28667530,wikidata,microtoponym,Казачий стан,,,,wd:Q649,RU-MOW,54.57361,61.105,Q28667530,,,,,active,,wikidata,,2026-09-14,
wd:Q29410834,wikidata,microtoponym,Авилова пещера,,Avilova Cave,,wd:Q649,RU-MOW,48.184172,40.8048501,Q29410834,,,,,active,,wikidata,,2026-09-14,
wd:Q37968933,wikidata,microtoponym,Пещера Тайн,,Peshchera Tayn,,iso:RU-PER,RU-PER,59.41722222,57.7625,Q37968933,8246520,,,,active,,wikidata,,2026-09-14,
wd:Q37969030,wikidata,microtoponym,Пещера Берложек,,Peshchera Berlozhek,,iso:RU-KYA,RU-KYA,55.0825,96.345,Q37969030,8357625,,,,active,,wikidata,,2026-09-14,
wd:Q28706216,wikidata,microtoponym,Мигулинские пещеры,,,,wd:Q649,RU-MOW,49.71355,41.2406,Q28706216,,,,,active,,wikidata,,2026-09-14,
wd:Q37968580,wikidata,microtoponym,Пещера Каменные Сараи,,Peshchera Kamennyye Sarai,,wd:Q649,RU-MOW,44.75972222,42.84222222,Q37968580,7904658,,,,active,,wikidata,,2026-09-14,
wd:Q37959786,wikidata,microtoponym,Пещера Духан,,Peshchera Dukhan,,wd:Q649,RU-MOW,44.25111111,40.09583333,Q37959786,839842,,,,active,,wikidata,,2026-09-14,
wd:Q32362346,wikidata,microtoponym,Баскунчакская пещера,,Baskunchakskaya Cave,,wd:Q649,RU-MOW,48.283,46.7973,Q32362346,,,,,active,,wikidata,,2026-09-14,
wd:Q30890226,wikidata,microtoponym,Каминная пещера,,,,wd:Q649,RU-MOW,51.517,84.833,Q30890226,,,,,active,,wikidata,,2026-09-14,
wd:Q30889550,wikidata,microtoponym,Чагырская пещера,,Chagyrskaya Cave,,wd:Q649,RU-MOW,51.442944,83.155,Q30889550,,,,,active,,wikidata,,2026-09-14,
wd:Q37965919,wikidata,microtoponym,Пещера Партизанская,,Peshchera Partizanskaya,,wd:Q649,RU-MOW,44.59111111,135.54555556,Q37965919,7107851,,,,active,,wikidata,,2026-09-14,
wd:Q33083806,wikidata,microtoponym,Соляник (пещера),,,,iso:RU-PRI,RU-PRI,42.99861111,132.99666667,Q33083806,,,,,active,,wikidata,,2026-09-14,
wd:Q106075878,wikidata,microtoponym,Пещера Арианда,,,,wd:Q649,RU-MOW,,,Q106075878,,,,,active,,wikidata,,2026-09-14,
wd:Q110259392,wikidata,microtoponym,Коноваловская пещера,,,,wd:Q649,RU-MOW,,,Q110259392,,,,,active,,wikidata,,2026-09-14,
wd:Q110259422,wikidata,microtoponym,Егорьевская пещера,,,,wd:Q649,RU-MOW,,,Q110259422,,,,,active,,wikidata,,2026-09-14,
wd:Q110259391,wikidata,microtoponym,Северная пещера,,,,wd:Q649,RU-MOW,,,Q110259391,,,,,active,,wikidata,,2026-09-14,
wd:Q110259421,wikidata,microtoponym,Изылинская пещера,,,,wd:Q649,RU-MOW,,,Q110259421,,,,,active,,wikidata,,2026-09-14,
wd:Q110259426,wikidata,microtoponym,Пещера Кирилловская,,,,wd:Q649,RU-MOW,,,Q110259426,,,,,active,,wikidata,,2026-09-14,
wd:Q110259425,wikidata,microtoponym,Пещера имени Копчинского,,,,wd:Q649,RU-MOW,,,Q110259425,,,,,active,,wikidata,,2026-09-14,
wd:Q110259427,wikidata,microtoponym,Шахта Вернадского,,,,wd:Q649,RU-MOW,,,Q110259427,,,,,active,,wikidata,,2026-09-14,
wd:Q110259424,wikidata,microtoponym,Шахта имени 70 лет СССР,,,,wd:Q649,RU-MOW,,,Q110259424,,,,,active,,wikidata,,2026-09-14,
wd:Q97380985,wikidata,microtoponym,Напорная,,,,iso:RU-ARK,RU-ARK,,,Q97380985,,,,,active,,wikidata,,2026-09-14,
wd:Q65705637,wikidata,microtoponym,Сквозной грот (Новый свет),,,,wd:Q649,RU-MOW,,,Q65705637,,,,,active,,wikidata,,2026-09-14,
wd:Q4380878,wikidata,microtoponym,Пропащая Яма,,Propaschaya yama,,wd:Q649,RU-MOW,53.01831944,57.20019444,Q4380878,,,,,active,,wikidata,,2026-09-14,
wd:Q4419038,wikidata,microtoponym,Сикияз-Тамак,,,,wd:Q649,RU-MOW,55.1872,58.6157,Q4419038,,,,,active,,wikidata,,2026-09-14,
wd:Q4405601,wikidata,microtoponym,Пещера Салавата Юлаева,,Salavat Yulayev Cave,,wd:Q649,RU-MOW,53.60119444,56.64736111,Q4405601,,,,,active,,wikidata,,2026-09-14,
wd:Q4362287,wikidata,microtoponym,Пещерная система Белая звездочка,Пещерная система Белая звёздочка,,,wd:Q649,RU-MOW,43.967,39.917,Q4362287,,,,,active,,wikidata,,2026-09-14,
wd:Q4362241,wikidata,microtoponym,Пещера Бондаревская,,,,wd:Q649,RU-MOW,44.08166667,39.99833333,Q4362241,,,,,active,,wikidata,,2026-09-14,
wd:Q4362267,wikidata,microtoponym,Пещера Сквозная (Адыгея),,,,wd:Q649,RU-MOW,44.2692,40.1844,Q4362267,,,,,active,,wikidata,,2026-09-14,
wd:Q4362249,wikidata,microtoponym,Пещера Киров-600,,,,wd:Q649,RU-MOW,57.4204,48.9278,Q4362249,,,,,active,,wikidata,,2026-09-14,
wd:Q4362264,wikidata,microtoponym,Пещера Парящая птица,,,,wd:Q649,RU-MOW,43.95361111,39.90305556,Q4362264,,,,,active,,wikidata,,2026-09-14,
wd:Q4362253,wikidata,microtoponym,Пещера Лабиринтовая,,Labirint Cave,,wd:Q649,RU-MOW,43.60327,39.80415,Q4362253,8378853,,,,active,,wikidata,,2026-09-14,
wd:Q4417702,wikidata,microtoponym,Серноводская пещера,,,,wd:Q649,RU-MOW,53.93163333,51.27536667,Q4417702,,,,,active,,wikidata,,2026-09-14,
wd:Q4362244,wikidata,microtoponym,Пещера Братьев Греве,,,,wd:Q649,RU-MOW,53.32538333,50.19546944,Q4362244,,,,,active,,wikidata,,2026-09-14,
wd:Q4445967,wikidata,microtoponym,Сумган-Кутук,,Sumgan-Kutuk,,iso:RU-BA,RU-BA,53.00055556,56.75111111,Q4445967,,,,,active,,wikidata,,2026-09-14,
wd:Q4220309,wikidata,microtoponym,Кизеловская пещера,,,,wd:Q649,RU-MOW,59.08805556,57.65638889,Q4220309,,,,,active,,wikidata,,2026-09-14,
wd:Q4246413,wikidata,microtoponym,Кулогорская пещера,,,,wd:Q649,RU-MOW,64.7411,43.4572,Q4246413,,,,,active,,wikidata,,2026-09-14,
wd:Q4213899,wikidata,microtoponym,Каракокшинская пещера,,,,wd:Q649,RU-MOW,51.420434,86.594754,Q4213899,,,,,active,,wikidata,,2026-09-14,
wd:Q4161293,wikidata,microtoponym,Дивья пещера,,Divya Cave,,wd:Q649,RU-MOW,60.80972222,56.74166667,Q4161293,,,,,active,,wikidata,,2026-09-14,
wd:Q4164409,wikidata,microtoponym,Долганская Яма,,Dolganskaya Yama,,wd:Q649,RU-MOW,54.4748,113.795,Q4164409,,,,,active,,wikidata,,2026-09-14,
wd:Q4156115,wikidata,microtoponym,Двуглазка (Хакасия),,Dvuglazka Cave,,wd:Q649,RU-MOW,54.0796,91.0615,Q4156115,,,,,active,,wikidata,,2026-09-14,
wd:Q4148569,wikidata,microtoponym,Гремячевские карстовые пещеры,,,,wd:Q649,RU-MOW,54.07694,38.64667,Q4148569,,,,,active,,wikidata,,2026-09-14,
wd:Q4144437,wikidata,microtoponym,Горло Барлога,,,,wd:Q649,RU-MOW,43.6632,40.9841,Q4144437,,,,,active,,wikidata,,2026-09-14,
wd:Q4362240,wikidata,microtoponym,Археологическая пещера,,,,wd:Q649,RU-MOW,54.407139,89.41375,Q4362240,,,,,active,,wikidata,,2026-09-14,
wd:Q4179680,wikidata,microtoponym,Жерновогорская пещера,,,,wd:Q649,RU-MOW,57.61118,48.955832,Q4179680,,,,,active,,wikidata,,2026-09-14,
wd:Q4251377,wikidata,microtoponym,Кек-Таш,Кёк-Таш,,,wd:Q649,RU-MOW,51.7225,85.65389,Q4251377,,,,,active,,wikidata,,2026-09-14,
wd:Q4138850,wikidata,microtoponym,Гипсы-1,,Gipsy-1,,wd:Q649,RU-MOW,55.23361111,49.23305556,Q4138850,,,,,active,,wikidata,,2026-09-14,
wd:Q4091556,wikidata,microtoponym,Большая Орешная,,Bolshaya Oreshnaya Cave,,wd:Q649,RU-MOW,55.293,93.7357,Q4091556,,,,,active,,wikidata,,2026-09-14,
wd:Q4089013,wikidata,microtoponym,Богатая Фанза,,,,wd:Q649,RU-MOW,43.1944,131.3989,Q4089013,,,,,active,,wikidata,,2026-09-14,
wd:Q4072322,wikidata,microtoponym,Атыш (пещера),,,,wd:Q649,RU-MOW,54.55555556,57.27111111,Q4072322,,,,,active,,wikidata,,2026-09-14,
wd:Q4091196,wikidata,microtoponym,Большая Белобомская пещера,,,,wd:Q649,RU-MOW,50.37014,87.045689,Q4091196,,,,,active,,wikidata,,2026-09-14,
wd:Q4091755,wikidata,microtoponym,Большая Фанагорийская пещера,,,,wd:Q649,RU-MOW,44.46916667,38.97777778,Q4091755,,,,,active,,wikidata,,2026-09-14,
wd:Q4095192,wikidata,microtoponym,Ботовская пещера,,,,wd:Q649,RU-MOW,55.3086,105.3434,Q4095192,,,,,active,,wikidata,,2026-09-14,
wd:Q4080462,wikidata,microtoponym,Бегемот (пещера),,Behemoth,,wd:Q649,RU-MOW,43.95,39.92194,Q4080462,,,,,active,,wikidata,,2026-09-14,
wd:Q4362247,wikidata,microtoponym,Пещера Долгая,,Dolgaya,,iso:RU-KDA,RU-KDA,43.617,39.823,Q4362247,8394301,,,,active,,wikidata,,2026-09-14,
wd:Q4206536,wikidata,microtoponym,Кабаний провал,,Kabany Proval,,iso:RU-KDA,RU-KDA,43.61444444,39.94416667,Q4206536,,,,,active,,wikidata,,2026-09-14,
wd:Q4535302,wikidata,microtoponym,Юрьевская пещера,,Yurievskaya Cave,,iso:RU-TA,RU-TA,55.2325,49.23277778,Q4535302,,,,,active,,wikidata,,2026-09-14,
wd:Q117312987,wikidata,microtoponym,Тарханкутская пещера,,,,wd:Q2237994,,,,Q117312987,,,,,active,,wikidata,,2026-09-14,
wd:Q20077877,wikidata,microtoponym,Голубиная пещера,,Golubinnaya Cave,,local:ru-crimea,,44.87972222,34.34944444,Q20077877,6986290,,,,active,,wikidata,,2026-09-14,
wd:Q124308382,wikidata,microtoponym,Арык-Басская пещера,,,,wd:Q1948116,,,,Q124308382,,,,,active,,wikidata,,2026-09-14,
wd:Q20072573,wikidata,microtoponym,Аджи-Коба,,Adji-Koba Cave,,local:ru-crimea,,44.915516,34.457585,Q20072573,6988473,,,,active,,wikidata,,2026-09-14,
wd:Q123361407,wikidata,microtoponym,Кваршинская пещера,,,,wd:Q4108489,RU-SVE,58.2985,61.2007,Q123361407,,,,,active,,wikidata,,2026-09-14,
wd:Q4478429,wikidata,microtoponym,Усть-Канская пещера,,Ust-Kanskaya cave,,iso:RU-AL,RU-AL,50.9,84.8,Q4478429,,,,,active,,wikidata,,2026-09-14,
wd:Q4218227,wikidata,microtoponym,Кашкулакская пещера,,Kashkulakskaya,,wd:Q1043148,RU-KK,54.46666667,89.66666667,Q4218227,,,,,active,,wikidata,,2026-09-14,
wd:Q16675344,wikidata,microtoponym,Медвежья пещера,,Medvezhya peshchera,,wd:Q924672,RU-KO,62,58.733,Q16675344,,,,,active,,wikidata,,2026-09-14,
wd:Q109409265,wikidata,microtoponym,Пещера Степана Разина,,Stepan Razin's Cave,,wd:Q52242,RU-SAM,53.216679,49.3427539,Q109409265,,,,,active,,wikidata,,2026-09-14,
wd:Q12113107,wikidata,microtoponym,Коровий грот,,Koroviy Grotto,,wd:Q1948116,,44.5301127,34.0166017,Q12113107,,,,,active,,wikidata,,2026-09-14,
wd:Q86667814,wikidata,microtoponym,Тренькинская пещера,,,,wd:Q4412608,RU-SVE,60.40611,60.01306,Q86667814,,,,,active,,wikidata,,2026-09-14,
wd:Q4421810,wikidata,microtoponym,Скельская пещера,,Skelska Cave,,local:ru-sevastopol,,44.46,33.87,Q4421810,693681,,,,active,,wikidata,,2026-09-14,
wd:Q1413298,wikidata,microtoponym,Игнатьевская пещера,,Ignateva Cave,,iso:RU-CHE,RU-CHE,54.899447,57.781221,Q1413298,,,,,active,,wikidata,,2026-09-14,
wd:Q16663703,wikidata,microtoponym,Киселевская пещера,Киселёвская пещера,,,wd:Q1192829,RU-CHE,55.02036111,57.31430556,Q16663703,,,,,active,,wikidata,,2026-09-14,
wd:Q19909986,wikidata,microtoponym,Малая Азишская пещера,,Small Azish Cave,,wd:Q516643,RU-KDA,44.12255,40.028583,Q19909986,,,,,active,,wikidata,,2026-09-14,
wd:Q109116709,wikidata,microtoponym,Золотая пещера,,Golden cave,,wd:Q2636693,RU-SAM,53.331927,50.545202,Q109116709,,,,,active,,wikidata,,2026-09-14,
wd:Q28805618,wikidata,microtoponym,Пещера Катникова,,Peshchera Katnikova,,wd:Q1654751,RU-SVE,56.57888889,59.23583333,Q28805618,6265784,,,,active,,wikidata,,2026-09-14,
wd:Q16720640,wikidata,microtoponym,Шмарненская пещера,,Shmarnenskaya cave,,iso:RU-BEL,RU-BEL,51.1164,37.8182,Q16720640,,,,,active,,wikidata,,2026-09-14,
wd:Q100277176,wikidata,microtoponym,Кызыл-Яр (пещера),,Kyzyl-Yar,,wd:Q792513,RU-BA,54.07222222,57.45277778,Q100277176,,,,,active,,wikidata,,2026-09-14,
wd:Q24934699,wikidata,microtoponym,Сохаревская пещера,Сохарёвская пещера,,,wd:Q4392310,RU-SVE,57.47889,61.535,Q24934699,,,,,active,,wikidata,,2026-09-14,
wd:Q30888598,wikidata,microtoponym,Пещера Дружба,,Cave Druzhba,,wd:Q1654751,RU-SVE,56.4988,59.2941,Q30888598,,,,,active,,wikidata,,2026-09-14,
wd:Q106239331,wikidata,microtoponym,Малая Аракаевская пещера,,Malaya Arakayevskaya cave,,wd:Q1654751,RU-SVE,56.4485,59.258734,Q106239331,,,,,active,,wikidata,,2026-09-14,
wd:Q105834593,wikidata,microtoponym,Сабакай,,Sabakay,,wd:Q911811,RU-BA,55.522017,57.68505,Q105834593,,,,,active,,wikidata,,2026-09-14,
wd:Q4191662,wikidata,microtoponym,Зефир-Коба,,,,local:ru-sevastopol,,,,Q4191662,,,,,active,,wikidata,,2026-09-14,
wd:Q106814455,wikidata,microtoponym,Пещера Шемахинская-1,,Shemakhinskaya Cave,,wd:Q1654052,RU-CHE,56.271444,59.345889,Q106814455,,,,,active,,wikidata,,2026-09-14,
wd:Q123680700,wikidata,microtoponym,Большой карстовый провал (Свердловская область),,,,iso:RU-SVE,RU-SVE,56.5019,59.3018,Q123680700,,,,,active,,wikidata,,2026-09-14,
wd:Q123752620,wikidata,microtoponym,Светлая пещера,,Svetlaya cave,,wd:Q4412608,RU-SVE,60.4926,60.0373,Q123752620,,,,,active,,wikidata,,2026-09-14,
wd:Q12719462,wikidata,microtoponym,Пещера Вялова,,Vyalova cave,,wd:Q17154737,,44.7333,34.3,Q12719462,,,,,active,,wikidata,,2026-09-14,
wd:Q4180372,wikidata,microtoponym,Жилище Сокола,,,,wd:Q4145664,RU-SVE,59.607,60.0308,Q4180372,,,,,active,,wikidata,,2026-09-14,
wd:Q34003,wikidata,microtoponym,Мезмайская пещера,,Mezmaiskaya cave,,wd:Q516643,RU-KDA,44.16666667,40,Q34003,,,,,active,,wikidata,,2026-09-14,
wd:Q30590768,wikidata,microtoponym,Чертовы Ворота,Чёртовы Ворота,Chertovy Vorota Cave,,wd:Q4154251,RU-PRI,44.483333,135.383333,Q30590768,,,,,active,,wikidata,,2026-09-14,
wd:Q4308001,wikidata,microtoponym,Мурзак-Коба,,Murzak-Koba Cave,,local:ru-sevastopol,,44.5303,33.6995,Q4308001,,,,,active,,wikidata,,2026-09-14,
wd:Q124153349,wikidata,microtoponym,Малый Дружбинский провал,,,,iso:RU-SVE,RU-SVE,56.5001,59.2815,Q124153349,,,,,active,,wikidata,,2026-09-14,
wd:Q4448503,wikidata,microtoponym,Сюкеевские пещеры,,Syukeyevo Caves,,wd:Q2219934,RU-TA,55.0794,49.0525,Q4448503,,,,,active,,wikidata,,2026-09-14,
wd:Q4091164,wikidata,microtoponym,Большая Азишская пещера,,Azish Caves,,wd:Q516643,RU-KDA,44.12179444,40.02849444,Q4091164,,,,,active,,wikidata,,2026-09-14,
wd:Q24934711,wikidata,microtoponym,Орлов провал,,Cave Lednik,,wd:Q1654751,RU-SVE,56.867,59.367,Q24934711,,,,,active,,wikidata,,2026-09-14,
wd:Q2017307,wikidata,microtoponym,Пещера Окладникова,,Okladnikov Cave,,wd:Q1822656,RU-ALT,51.732126,84.037126,Q2017307,,,,,active,,wikidata,,2026-09-14,
wd:Q4068442,wikidata,microtoponym,Аракаевская,,Arakaevskaya Cave,,wd:Q1654751,RU-SVE,56.46183,59.25359,Q4068442,,,,,active,,wikidata,,2026-09-14,
wd:Q20091283,wikidata,microtoponym,Пещера Грина (Крым),,,,local:ru-crimea,,,,Q20091283,,,,,active,,wikidata,,2026-09-14,
wd:Q4205548,wikidata,microtoponym,Ишеевская пещерная система,,,,wd:Q1092758,RU-BA,53.62961111,56.14388889,Q4205548,,,,,active,,wikidata,,2026-09-14,
wd:Q109783085,wikidata,microtoponym,Гугерджин-Хосар,,Gugerjin,,local:ru-crimea,,44.7842261,34.2868838,Q109783085,,,,,active,,wikidata,,2026-09-14,
wd:Q4362256,wikidata,microtoponym,Пещера Мрака,,,,wd:Q4145664,RU-SVE,59.60194,59.97944,Q4362256,,,,,active,,wikidata,,2026-09-14,
wd:Q37207303,wikidata,microtoponym,Пещера Дюрк,,,,iso:RU-DA,RU-DA,42.00416667,47.94,Q37207303,,,,,active,,wikidata,,2026-09-14,
wd:Q4362243,wikidata,microtoponym,Бородинская пещера,,Borodinskaya cave,,wd:Q751058,RU-KK,54.047644,91.00309,Q4362243,,,,,active,,wikidata,,2026-09-14,
wd:Q136654678,wikidata,microtoponym,Алимова пещера,,,,wd:Q17627279,,44.9116048,34.1283815,Q136654678,,,,,active,,wikidata,,2026-09-14,
wd:Q4300823,wikidata,microtoponym,Молодежный парк (Липецк),Молодёжный парк (Липецк),,,wd:Q649,RU-MOW,52.58888889,39.50583333,Q4300823,,,,,active,,wikidata,,2026-09-14,
wd:Q4332355,wikidata,microtoponym,Озерный лесопарк,Озёрный лесопарк,,,wd:Q649,RU-MOW,55.81722222,38.00138889,Q4332355,,,,,active,,wikidata,,2026-09-14,
wd:Q107086260,wikidata,microtoponym,Парк Победы (Старая Русса),,Park of Victory,,wd:Q649,RU-MOW,57.99027778,31.36388889,Q107086260,,,,,active,,wikidata,,2026-09-14,
wd:Q4345264,wikidata,microtoponym,Парк Степанова,,Stepanova park,,wd:Q649,RU-MOW,57.02181111,40.94168333,Q4345264,,,,,active,,wikidata,,2026-09-14,
wd:Q4345195,wikidata,microtoponym,Парк 1100-летия Смоленска,,,,wd:Q649,RU-MOW,54.77,32.082,Q4345195,,,,,active,,wikidata,,2026-09-14,
wd:Q4345204,wikidata,microtoponym,Парк «Отрада»,,Otrada park,,wd:Q649,RU-MOW,55.8525,37.5875,Q4345204,,,,,active,,wikidata,,2026-09-14,
wd:Q65123857,wikidata,microtoponym,"Парк ""Горкинско-Ометьевский лес""",,Gorki-Ametievo forest park,,wd:Q900,RU-TA,55.7615572,49.2114759,Q65123857,,,,,active,,wikidata,,2026-09-14,
wd:Q110318604,wikidata,microtoponym,Чермянка,,,,wd:Q649,RU-MOW,55.869156,37.625367,Q110318604,,,,,active,,wikidata,,2026-09-14,
wd:Q48941898,wikidata,microtoponym,Сад Октябрьской революции,,Garden of the October Revolution,,wd:Q649,RU-MOW,51.79,55.0992,Q48941898,,,,,active,,wikidata,,2026-09-14,
wd:Q4345239,wikidata,microtoponym,Парк Металлургов (Липецк),,,,wd:Q649,RU-MOW,52.58555556,39.62444444,Q4345239,,,,,active,,wikidata,,2026-09-14,
wd:Q56310240,wikidata,microtoponym,Парк Героев-Пожарных,,,,wd:Q649,RU-MOW,59.854585,30.408661,Q56310240,,,,,active,,wikidata,,2026-09-14,
wd:Q4345269,wikidata,microtoponym,Парк Текстильщиков,,,,wd:Q649,RU-MOW,56.84555556,35.85277778,Q4345269,,,,,active,,wikidata,,2026-09-14,
wd:Q4311681,wikidata,microtoponym,Нагорный парк,,Nagorny Park,,wd:Q649,RU-MOW,53.32302,83.79583,Q4311681,,,,,active,,wikidata,,2026-09-14,
wd:Q4290263,wikidata,microtoponym,Мемориальный парк (Коломна),,,,wd:Q649,RU-MOW,55.094777,38.770553,Q4290263,,,,,active,,wikidata,,2026-09-14,
wd:Q108462229,wikidata,microtoponym,Парк отдыха (Большие Кайбицы),,,,wd:Q4091965,RU-TA,55.40138889,48.18333333,Q108462229,,,,,active,,wikidata,,2026-09-14,
wd:Q104774278,wikidata,microtoponym,Парк 40-летия Победы,,Victory Park,,wd:Q649,RU-MOW,55.98874,37.2172,Q104774278,,,,,active,,wikidata,,2026-09-14,
wd:Q4345246,wikidata,microtoponym,Парк Победы (Липецк),,,,wd:Q649,RU-MOW,52.59527778,39.52388889,Q4345246,,,,,active,,wikidata,,2026-09-14,
wd:Q80811439,wikidata,microtoponym,Цветочный парк,,Flower park Grozny,,wd:Q649,RU-MOW,43.3156,45.6978,Q80811439,,,,,active,,wikidata,,2026-09-14,
wd:Q65157318,wikidata,microtoponym,Александровский сад,,Alexandrovsky Garden,,wd:Q649,RU-MOW,,,Q65157318,,,,,active,,wikidata,,2026-09-14,
wd:Q110318607,wikidata,microtoponym,Парк имени И. В. Коротеева,,,,wd:Q649,RU-MOW,,,Q110318607,,,,,active,,wikidata,,2026-09-14,
wd:Q110318612,wikidata,microtoponym,Парк Победы,,,,wd:Q649,RU-MOW,,,Q110318612,,,,,active,,wikidata,,2026-09-14,
wd:Q110318631,wikidata,microtoponym,Новокузнецкий парк культуры и отдыха имени Ю. А. Гагарина,,,,wd:Q649,RU-MOW,,,Q110318631,,,,,active,,wikidata,,2026-09-14,
wd:Q112668037,wikidata,microtoponym,Парк Леонтия Шамшуренкова,,,,wd:Q649,RU-MOW,,,Q112668037,,,,,active,,wikidata,,2026-09-14,
wd:Q110319400,wikidata,microtoponym,Тропа к Егошихе,,,,wd:Q649,RU-MOW,,,Q110319400,,,,,active,,wikidata,,2026-09-14,
wd:Q110318616,wikidata,microtoponym,Южное Бутово,,South Butovo,,wd:Q649,RU-MOW,,,Q110318616,,,,,active,,wikidata,,2026-09-14,
wd:Q110318624,wikidata,microtoponym,Березовая роща,Берёзовая роща,,,wd:Q649,RU-MOW,,,Q110318624,,,,,active,,wikidata,,2026-09-14,
wd:Q97196285,wikidata,microtoponym,Два медведя,,,,wd:Q649,RU-MOW,,,Q97196285,,,,,active,,wikidata,,2026-09-14,
wd:Q120196024,wikidata,microtoponym,Дубовая Роща,,,,wd:Q649,RU-MOW,55.81944,37.60778,Q120196024,,,,,active,,wikidata,,2026-09-14,
wd:Q122974908,wikidata,microtoponym,Долгие пруды,,,,wd:Q649,RU-MOW,,,Q122974908,,,,,active,,wikidata,,2026-09-14,
wd:Q110318620,wikidata,microtoponym,Отрадное,,Otradnoye,,wd:Q649,RU-MOW,55.861388,37.597956,Q110318620,,,,,active,,wikidata,,2026-09-14,
wd:Q86668914,wikidata,microtoponym,Родопский бульвар,,,,wd:Q649,RU-MOW,,,Q86668914,,,,,active,,wikidata,,2026-09-14,
wd:Q97315693,wikidata,microtoponym,Олений природный парк,,,,wd:Q649,RU-MOW,,,Q97315693,,,,,active,,wikidata,,2026-09-14,
wd:Q86669618,wikidata,microtoponym,Бульвар Сулеймана Стальского,,,,wd:Q649,RU-MOW,,,Q86669618,,,,,active,,wikidata,,2026-09-14,
wd:Q110961320,wikidata,microtoponym,Амазония (парк),,,,wd:Q649,RU-MOW,56.148961,47.209033,Q110961320,,,,,active,,wikidata,,2026-09-14,
wd:Q108769798,wikidata,microtoponym,Парк в селе Ярополец,,,,wd:Q649,RU-MOW,,,Q108769798,,,,,active,,wikidata,,2026-09-14,
wd:Q110318621,wikidata,microtoponym,Левобережный,,,,wd:Q649,RU-MOW,55.8752,37.4639,Q110318621,,,,,active,,wikidata,,2026-09-14,
wd:Q119693341,wikidata,microtoponym,Парк Победы,,,,wd:Q649,RU-MOW,45.02694,41.92222,Q119693341,,,,,active,,wikidata,,2026-09-14,
wd:Q65151912,wikidata,microtoponym,Альгамбра,,,,wd:Q649,RU-MOW,,,Q65151912,,,,,active,,wikidata,,2026-09-14,
wd:Q124758613,wikidata,microtoponym,Светлоярский парк,,,,wd:Q649,RU-MOW,,,Q124758613,,,,,active,,wikidata,,2026-09-14,
wd:Q115654096,wikidata,microtoponym,Парк имени Петрова,,Petrov park,,wd:Q649,RU-MOW,55.81465,49.0566,Q115654096,,,,,active,,wikidata,,2026-09-14,
wd:Q110318618,wikidata,microtoponym,Парк в пойме реки Битцы,,,,wd:Q649,RU-MOW,55.57384526,37.57358837,Q110318618,,,,,active,,wikidata,,2026-09-14,
wd:Q122974893,wikidata,microtoponym,Парк имени 1 Мая,,Park in 1 May,,wd:Q649,RU-MOW,,,Q122974893,,,,,active,,wikidata,,2026-09-14,
wd:Q111286962,wikidata,microtoponym,Десеновское,Десёновское,,,wd:Q649,RU-MOW,,,Q111286962,,,,,active,,wikidata,,2026-09-14,
wd:Q111286960,wikidata,microtoponym,Джамгаровский парк,,,,wd:Q649,RU-MOW,,,Q111286960,,,,,active,,wikidata,,2026-09-14,
wd:Q123484662,wikidata,microtoponym,Центральный парк,,,,wd:Q649,RU-MOW,,,Q123484662,,,,,active,,wikidata,,2026-09-14,
wd:Q120197785,wikidata,microtoponym,Парк имени Шкулева,Парк имени Шкулёва,Shkulev park,,wd:Q649,RU-MOW,55.69079,37.746,Q120197785,,,,,active,,wikidata,,2026-09-14,
wd:Q97369401,wikidata,microtoponym,Парк «Ручеек»,Парк «Ручеёк»,,,wd:Q649,RU-MOW,,,Q97369401,,,,,active,,wikidata,,2026-09-14,
wd:Q111987813,wikidata,microtoponym,Волна,,,,wd:Q649,RU-MOW,54.7895391,55.8771086,Q111987813,,,,,active,,wikidata,,2026-09-14,
wd:Q107608211,wikidata,microtoponym,Парк имени 60-летия нефти Татарстана,,,,wd:Q649,RU-MOW,,,Q107608211,,,,,active,,wikidata,,2026-09-14,
wd:Q86672236,wikidata,microtoponym,Детский парк «Калейдоскоп»,,Kaleidoscope,,wd:Q649,RU-MOW,,,Q86672236,,,,,active,,wikidata,,2026-09-14,
wd:Q97278527,wikidata,microtoponym,Новосибирский дендропарк,,,,wd:Q649,RU-MOW,,,Q97278527,,,,,active,,wikidata,,2026-09-14,
wd:Q106571568,wikidata,microtoponym,Парк покорителей космоса им. Юрия Гагарина,,Yuri Gagarin Park of the Conquerors of Space,,wd:Q649,RU-MOW,,,Q106571568,,,,,active,,wikidata,,2026-09-14,
wd:Q25705172,wikidata,microtoponym,Алдын-Булак,,Aldyn-Bulak,,wd:Q649,RU-MOW,51.554,93.887,Q25705172,,,,,active,,wikidata,,2026-09-14,
wd:Q24930859,wikidata,microtoponym,Зеленогорский парк культуры и отдыха,,Central Park of Zelenogorsk,,wd:Q649,RU-MOW,60.19003734,29.70087976,Q24930859,,,,,active,,wikidata,,2026-09-14,
wd:Q4281538,wikidata,microtoponym,Сити Парк Отель Сочи,,City Park Hotel Sochi,,wd:Q649,RU-MOW,,,Q4281538,,,,,active,,wikidata,,2026-09-14,
wd:Q4201999,wikidata,microtoponym,Интендантский сад,,,,wd:Q649,RU-MOW,52.29194444,104.30388889,Q4201999,,,,,active,,wikidata,,2026-09-14,
wd:Q133141221,wikidata,microtoponym,Парк Ближние дубки,,The Park «Nearest Dubki»,,wd:Q649,RU-MOW,60.0031916,30.03557,Q133141221,,,,,active,,wikidata,,2026-09-14,
wd:Q4421700,wikidata,microtoponym,Сквер героев Чернобыля (Тверь),,,,wd:Q649,RU-MOW,56.85619722,35.92781389,Q4421700,,,,,active,,wikidata,,2026-09-14,
wd:Q4345304,wikidata,microtoponym,Парк имени Парижской коммуны (Иркутск),,,,wd:Q649,RU-MOW,52.28805556,104.24972222,Q4345304,,,,,active,,wikidata,,2026-09-14,
wd:Q4259904,wikidata,microtoponym,"Лесопарк ""Соколья Гора""",,,,wd:Q649,RU-MOW,,,Q4259904,,,,,active,,wikidata,,2026-09-14,
wd:Q13668166,wikidata,microtoponym,Власьевский сад,,Vlasyevsky Garden,,wd:Q649,RU-MOW,57.62644722,39.88252778,Q13668166,,,,,active,,wikidata,,2026-09-14,
wd:Q97177109,wikidata,microtoponym,Кырлай,,Kyrlay park,,iso:RU-TA,RU-TA,,,Q97177109,,,,,active,,wikidata,,2026-09-14,
wd:Q37969304,wikidata,microtoponym,Парк Металлургов,,Park Metallyrgov,,wd:Q649,RU-MOW,43.04944444,44.66527778,Q37969304,8466982,,,,active,,wikidata,,2026-09-14,
wd:Q4144657,wikidata,microtoponym,Горнотаежная станция им. В. Л. Комарова,Горнотаёжная станция им. В. Л. Комарова,V.K. Komarov Mountain-Taiga Station,,wd:Q649,RU-MOW,43.69363,132.15273,Q4144657,,,,,active,,wikidata,,2026-09-14,
wd:Q13668153,wikidata,microtoponym,Дортмундский сквер,,Dortmund Garden Square,,wd:Q649,RU-MOW,47.21067732,39.6460104,Q13668153,,,,,active,,wikidata,,2026-09-14,
wd:Q37968757,wikidata,microtoponym,Студенческий Парк,,Studencheskiy Park,,wd:Q649,RU-MOW,47.23944444,39.71111111,Q37968757,8145367,,,,active,,wikidata,,2026-09-14,
wd:Q19909169,wikidata,microtoponym,Этнографическая деревня Бибирево,,Bibirevo ethnographic village,,wd:Q649,RU-MOW,55.8953,37.6217,Q19909169,,,,,active,,wikidata,,2026-09-14,
wd:Q37969086,wikidata,microtoponym,Парк Имени Пушкина,,Park Imeni Pushkina,,wd:Q649,RU-MOW,55.15277778,61.40666667,Q37969086,8431597,,,,active,,wikidata,,2026-09-14,
wd:Q16685840,wikidata,microtoponym,Перкальский дендрологический парк,,Perkal Arboretum,,wd:Q649,RU-MOW,44.0667,43.0934,Q16685840,,,,,active,,wikidata,,2026-09-14,
wd:Q37969403,wikidata,microtoponym,Парк Дружбы,,Park Druzhby,,wd:Q649,RU-MOW,50.29583333,127.52777778,Q37969403,8507107,,,,active,,wikidata,,2026-09-14,
wd:Q4390817,wikidata,microtoponym,Ратсхоф (парк),,Ratshof park,,wd:Q649,RU-MOW,54.71888889,20.45583333,Q4390817,,,,,active,,wikidata,,2026-09-14,
wd:Q13668156,wikidata,microtoponym,Скульптурный парк «Легенда»,,,,wd:Q649,RU-MOW,53.31277466,44.76568222,Q13668156,,,,,active,,wikidata,,2026-09-14,
wd:Q28666945,wikidata,microtoponym,Россия — моя история,,Russia Is My History,,wd:Q649,RU-MOW,55.8344016,37.62623118,Q28666945,,,,,active,,wikidata,,2026-09-14,
wd:Q37968737,wikidata,microtoponym,Сад Молодоженов,Сад Молодожёнов,Sad Molodozhënov,,wd:Q649,RU-MOW,55.77444444,49.09777778,Q37968737,8142769,,,,active,,wikidata,,2026-09-14,
wd:Q37969309,wikidata,microtoponym,Парк Сибирские Афины,,Park Sibirskiye Afiny,,wd:Q649,RU-MOW,56.44972222,84.97666667,Q37969309,8467464,,,,active,,wikidata,,2026-09-14,
wd:Q37969363,wikidata,microtoponym,Парк имени 300-летия Омска,,Park Imeni Trëkhsotletiya Omska,,wd:Q649,RU-MOW,54.98666667,73.29,Q37969363,8472323,,,,active,,wikidata,,2026-09-14,
wd:Q4412172,wikidata,microtoponym,Северное Тушино (парк),,Severnoye Tushino Park,,wd:Q649,RU-MOW,55.85416667,37.45388889,Q4412172,,,,,active,,wikidata,,2026-09-14,
wd:Q4088533,wikidata,microtoponym,Бобачевская роща,Бобачёвская роща,,,wd:Q649,RU-MOW,56.83111111,35.93277778,Q4088533,,,,,active,,wikidata,,2026-09-14,
wd:Q4079099,wikidata,microtoponym,Баснинский сад (Иркутск),,,,wd:Q649,RU-MOW,52.28611111,104.28444444,Q4079099,,,,,active,,wikidata,,2026-09-14,
wd:Q4404690,wikidata,microtoponym,Садово-Триумфальный сквер,,Landscape Triumphal Square,,wd:Q649,RU-MOW,55.77156944,37.60006389,Q4404690,,,,,active,,wikidata,,2026-09-14,
wd:Q4421711,wikidata,microtoponym,Сквер имени Маркова,,,,wd:Q649,RU-MOW,52.615,39.55583333,Q4421711,,,,,active,,wikidata,,2026-09-14,
wd:Q4345244,wikidata,microtoponym,Парк Победы (Бийск),,,,wd:Q649,RU-MOW,,,Q4345244,,,,,active,,wikidata,,2026-09-14,
wd:Q4345254,wikidata,microtoponym,Парк Победы (Смоленск),,,,wd:Q649,RU-MOW,,,Q4345254,,,,,active,,wikidata,,2026-09-14,
wd:Q4533560,wikidata,microtoponym,Юбилейный парк,,Jubileinyi park,,wd:Q649,RU-MOW,53.36944444,83.72194444,Q4533560,,,,,active,,wikidata,,2026-09-14,
wd:Q4125113,wikidata,microtoponym,Воробьи (парк птиц),,Bird Park,,wd:Q649,RU-MOW,55.15805556,36.77888889,Q4125113,,,,,active,,wikidata,,2026-09-14,
wd:Q4387908,wikidata,microtoponym,Радуга (парк),,,,wd:Q649,RU-MOW,55.73158333,37.81983611,Q4387908,,,,,active,,wikidata,,2026-09-14,
wd:Q4404472,wikidata,microtoponym,Сад «Эрмитаж» на Божедомке,,Old Hermitage Garden (Moscow),,wd:Q649,RU-MOW,,,Q4404472,,,,,active,,wikidata,,2026-09-14,
wd:Q29471607,wikidata,microtoponym,Соловьиная роща,,,,wd:Q649,RU-MOW,47.24023,39.792374,Q29471607,,,,,active,,wikidata,,2026-09-14,
wd:Q37969294,wikidata,microtoponym,Парк Культуры и Отдыха Имени Ленина,,Park Kyl'tyry I Otdykha Imeni Lenina,,wd:Q649,RU-MOW,43.31722222,45.66583333,Q37969294,8456564,,,,active,,wikidata,,2026-09-14,
wd:Q134343796,wikidata,microtoponym,Парк культуры и отдыха (Партизанск),,,,wd:Q649,RU-MOW,43.120764,133.126649,Q134343796,,,,,active,,wikidata,,2026-09-14,
wd:Q4404477,wikidata,microtoponym,Сад Алюминщиков,,,,wd:Q649,RU-MOW,,,Q4404477,,,,,active,,wikidata,,2026-09-14,
wd:Q4421716,wikidata,microtoponym,Сквер имени Франценюка,,,,wd:Q649,RU-MOW,52.58305556,39.62138889,Q4421716,,,,,active,,wikidata,,2026-09-14,
wd:Q4159478,wikidata,microtoponym,Детский парк им. 10-летия Октября,,,,wd:Q649,RU-MOW,,,Q4159478,,,,,active,,wikidata,,2026-09-14,
wd:Q18407460,wikidata,microtoponym,Парк Кузьминки,,,,wd:Q649,RU-MOW,,,Q18407460,,,,,active,,wikidata,,2026-09-14,
wd:Q4066686,wikidata,microtoponym,Аннинский лесопарк,,,,wd:Q649,RU-MOW,55.58,37.60361111,Q4066686,,,,,active,,wikidata,,2026-09-14,
wd:Q18409691,wikidata,microtoponym,Уваровский трамвайный парк,,,,wd:Q649,RU-MOW,,,Q18409691,,,,,active,,wikidata,,2026-09-14,
wd:Q4144090,wikidata,microtoponym,Горенский лесопарк,,,,wd:Q649,RU-MOW,55.8083,37.9167,Q4144090,,,,,active,,wikidata,,2026-09-14,
wd:Q4345326,wikidata,microtoponym,Парк культуры и отдыха им. 30-летия Победы,,Park Imeni Tridtsatiletiya Pobedy,,wd:Q649,RU-MOW,54.96193,73.35284,Q4345326,8472415,,,,active,,wikidata,,2026-09-14,
wd:Q4208742,wikidata,microtoponym,Кайская реликтовая роща,,Kaiskaya relic grove,,wd:Q649,RU-MOW,52.27638889,104.23583333,Q4208742,,,,,active,,wikidata,,2026-09-14,
wd:Q37964635,wikidata,microtoponym,Парк Приморский,,Park Primorskiy,,wd:Q649,RU-MOW,54.65138889,19.89111111,Q37964635,3345012,,,,active,,wikidata,,2026-09-14,
wd:Q4345313,wikidata,microtoponym,Парк имени Урицкого,,"Uritskogo park, Kazan",,wd:Q900,RU-TA,55.83777778,49.0625,Q4345313,,,,,active,,wikidata,,2026-09-14,
wd:Q4159477,wikidata,microtoponym,Детский парк (Тверь),,,,wd:Q649,RU-MOW,56.84666667,35.9,Q4159477,,,,,active,,wikidata,,2026-09-14,
wd:Q4078395,wikidata,microtoponym,Барнаульский дендрарий,,,,wd:Q649,RU-MOW,53.29222222,83.76861111,Q4078395,,,,,active,,wikidata,,2026-09-14,
wd:Q4198866,wikidata,microtoponym,Изумрудный парк (Барнаул),,,,wd:Q649,RU-MOW,53.35861111,83.7825,Q4198866,,,,,active,,wikidata,,2026-09-14,
wd:Q4349302,wikidata,microtoponym,Первомайская роща,,,,wd:Q649,RU-MOW,56.84,35.83027778,Q4349302,,,,,active,,wikidata,,2026-09-14,
wd:Q4451172,wikidata,microtoponym,Чаир,,,,wd:Q649,RU-MOW,,,Q4451172,,,,,active,,wikidata,,2026-09-14,
wd:Q37969360,wikidata,microtoponym,Парк Культуры И Отдыха Советского Округа,,Park Kul'tury I Otdykha Sovetskogo Okruga,,wd:Q649,RU-MOW,55.02527778,73.27555556,Q37969360,8472320,,,,active,,wikidata,,2026-09-14,
wd:Q4421071,wikidata,microtoponym,Парк 1000-летия Ярославля,,Park Millennium of Yaroslavl,,wd:Q649,RU-MOW,57.61722222,39.87055556,Q4421071,,,,,active,,wikidata,,2026-09-14,
wd:Q4125393,wikidata,microtoponym,Воронежская роща,,,,wd:Q649,RU-MOW,52.60527778,39.57944444,Q4125393,,,,,active,,wikidata,,2026-09-14,
wd:Q19908977,wikidata,microtoponym,Видновский лесопарк,,,,wd:Q649,RU-MOW,,,Q19908977,,,,,active,,wikidata,,2026-09-14,
wd:Q37969373,wikidata,microtoponym,Парк Культуры И Отдыха Имени Тридцатилетия Всесоюзного Ленинского Коммунистического Союза Молодежи,Парк Культуры И Отдыха Имени Тридцатилетия Всесоюзного Ленинского Коммунистического Союза Молодёжи,Park Kul'tury I Otdykha Imeni Tridtsatiletiya Vsesoyuznogo Leninskogo Kommunisticheskogo Soyuza Molodëzhi,,wd:Q649,RU-MOW,54.97138889,73.42361111,Q37969373,8472417,,,,active,,wikidata,,2026-09-14,
wd:Q4188330,wikidata,microtoponym,Затайрукский лесопарк им. В. Н. Полякова,,Park Polyakova in Ishimbay,,wd:Q649,RU-MOW,53.467,56.067,Q4188330,,,,,active,,wikidata,,2026-09-14,
wd:Q37969401,wikidata,microtoponym,Первомайский Парк,,Pervomayskiy Park,,wd:Q649,RU-MOW,50.24805556,127.56972222,Q37969401,8506967,,,,active,,wikidata,,2026-09-14,
wd:Q37969240,wikidata,microtoponym,Парк Имени Ломоносова,,Park Imeni Lomonosova,,wd:Q649,RU-MOW,64.55666667,40.54972222,Q37969240,8439084,,,,active,,wikidata,,2026-09-14,
wd:Q37969379,wikidata,microtoponym,Центральныи Парк Культуры И Отыха Имени Победы,,Tsentral'nyy Park Kul'tury I Otykha Imeni Pobedy,,wd:Q649,RU-MOW,52.04696,113.47705,Q37969379,8472599,,,,active,,wikidata,,2026-09-14,
wd:Q4095105,wikidata,microtoponym,Ботанический сад-институт Поволжского государственного технологического университета,,Botanical Garden of Volga State University of Technology,,wd:Q649,RU-MOW,56.62419444,47.95954722,Q4095105,,,,,active,,wikidata,,2026-09-14,
wd:Q37969297,wikidata,microtoponym,Парк Культуры и Отдыха Имени Кирова,,Park Kyl'tyry I Otdykha Imeni Kirova,,wd:Q649,RU-MOW,43.31526,45.70662,Q37969297,8456567,,,,active,,wikidata,,2026-09-14,
wd:Q19788358,wikidata,microtoponym,Мещерский природный парк,,Meschersky Nature Park,,iso:RU-MOS,RU-MOS,55.66638889,37.39722222,Q19788358,6417634,,,,active,,wikidata,,2026-09-14,
wd:Q4061466,wikidata,microtoponym,Александровский сад (Киров),,Alexandrovsky Garden,,wd:Q5384,RU-KIR,58.60777778,49.68583333,Q4061466,,,,,active,,wikidata,,2026-09-14,
wd:Q16684911,wikidata,microtoponym,Парк имени Пушкина,,,,iso:RU-PER,RU-PER,58.09694444,57.81888889,Q16684911,,,,,active,,wikidata,,2026-09-14,
wd:Q20117095,wikidata,microtoponym,"парк ""Патриот"" (Кубинка)",,Patriot (Park),,iso:RU-MOS,RU-MOS,55.57,36.82,Q20117095,,,,,active,,wikidata,,2026-09-14,
wd:Q37969393,wikidata,microtoponym,Парк Октябрьский,,Park Oktyabr'skiy,,iso:RU-KYA,RU-KYA,56.02111111,92.80111111,Q37969393,8477174,,,,active,,wikidata,,2026-09-14,
wd:Q4508698,wikidata,microtoponym,Челябинский городской бор,,Chelyabinsky Urban Pine Forest,,iso:RU-CHE,RU-CHE,55.13333333,61.35,Q4508698,8431873,,,,active,,wikidata,,2026-09-14,
wd:Q127278060,wikidata,microtoponym,Берендеево царство,,,,iso:RU-KDA,RU-KDA,43.948114,39.310894,Q127278060,,,,,active,,wikidata,,2026-09-14,
wd:Q110318628,wikidata,microtoponym,Новослободский парк,,,,wd:Q649,RU-MOW,55.79,37.59416667,Q110318628,,,,,active,,wikidata,,2026-09-14,
wd:Q112054380,wikidata,microtoponym,Парк-дендрарий Ботанического сада Петра Великого,,Park-arboretum of Saint Petersburg Botanical Garden,,wd:Q656,RU-SPE,59.97004,30.32339,Q112054380,,,,,active,,wikidata,,2026-09-14,
wd:Q108944424,wikidata,microtoponym,Парк в пойме реки Городни,,Floodplain park of the Gorodnya River,,wd:Q649,RU-MOW,,,Q108944424,,,,,active,,wikidata,,2026-09-14,
wd:Q4095899,wikidata,microtoponym,Братиславский парк,,Bratislavsky Park,,wd:Q649,RU-MOW,55.65386389,37.75258889,Q4095899,,,,,active,,wikidata,,2026-09-14,
wd:Q4172358,wikidata,microtoponym,Дюссельдорфский парк,,Dyusseldorfsky park,,wd:Q649,RU-MOW,55.66138889,37.76944444,Q4172358,,,,,active,,wikidata,,2026-09-14,
wd:Q48941552,wikidata,microtoponym,Парк Зюзино,,,,wd:Q649,RU-MOW,,,Q48941552,,,,,active,,wikidata,,2026-09-14,
wd:Q48945152,wikidata,microtoponym,Сад «Эльдорадо»,,,,wd:Q649,RU-MOW,,,Q48945152,,,,,active,,wikidata,,2026-09-14,
wd:Q4087180,wikidata,microtoponym,Бирюлевский лесопарк,Бирюлёвский лесопарк,,,wd:Q649,RU-MOW,55.595,37.69305556,Q4087180,,,,,active,,wikidata,,2026-09-14,
wd:Q4242739,wikidata,microtoponym,Крылатские холмы,,Krylatsky Holme,,wd:Q649,RU-MOW,55.76063889,37.42475556,Q4242739,,,,,active,,wikidata,,2026-09-14,
wd:Q4128553,wikidata,microtoponym,Выборгский сад,,Vyborgsky Garden,,wd:Q656,RU-SPE,59.963,30.34577778,Q4128553,,,,,active,,wikidata,,2026-09-14,
wd:Q19858408,wikidata,microtoponym,Парк «Дмитровский»,,,,wd:Q649,RU-MOW,,,Q19858408,,,,,active,,wikidata,,2026-09-14,
wd:Q20165354,wikidata,microtoponym,Коровинский лесопарк,,,,wd:Q649,RU-MOW,,,Q20165354,,,,,active,,wikidata,,2026-09-14,
wd:Q60851445,wikidata,microtoponym,Парк Казачьей славы,,,,wd:Q649,RU-MOW,,,Q60851445,,,,,active,,wikidata,,2026-09-14,
wd:Q21644715,wikidata,microtoponym,Троицкий лесопарк,,,,wd:Q649,RU-MOW,,,Q21644715,,,,,active,,wikidata,,2026-09-14,
wd:Q4142845,wikidata,microtoponym,Гольяновский парк,,Golyanovsky Park,,wd:Q649,RU-MOW,55.82138889,37.80638889,Q4142845,,,,,active,,wikidata,,2026-09-14,
wd:Q20026415,wikidata,microtoponym,Зябликовский лесопарк,,,,wd:Q649,RU-MOW,,,Q20026415,,,,,active,,wikidata,,2026-09-14,
wd:Q4278389,wikidata,microtoponym,Малоохтинский парк,,Malookhtinsky Garden,,wd:Q656,RU-SPE,59.93277778,30.41166667,Q4278389,,,,,active,,wikidata,,2026-09-14,
wd:Q4145695,wikidata,microtoponym,Городской сад (Колпино),,Gardens and parks in Kolpino,,wd:Q656,RU-SPE,59.74838,30.595974,Q4145695,,,,,active,,wikidata,,2026-09-14,
wd:Q4271396,wikidata,microtoponym,Любашинский сад,,Lubashinsky Garden,,wd:Q656,RU-SPE,59.96888889,30.39722222,Q4271396,,,,,active,,wikidata,,2026-09-14,
wd:Q4071036,wikidata,microtoponym,Аршиновский парк,,Arshinovskiy park,,wd:Q649,RU-MOW,55.62055556,37.65416667,Q4071036,,,,,active,,wikidata,,2026-09-14,
wd:Q4095879,wikidata,microtoponym,Братеевский каскадный парк,,Brateevsky Cascade Park,,wd:Q649,RU-MOW,55.63777778,37.73444444,Q4095879,,,,,active,,wikidata,,2026-09-14,
wd:Q19856500,wikidata,microtoponym,Олонецкий парк,,Olonetsky Park,,wd:Q649,RU-MOW,,,Q19856500,,,,,active,,wikidata,,2026-09-14,
wd:Q4074584,wikidata,microtoponym,Бабушкинский парк,,Babushkinskij park,,wd:Q649,RU-MOW,55.9507,37.6893,Q4074584,,,,,active,,wikidata,,2026-09-14,
wd:Q4148208,wikidata,microtoponym,Грачевский парк,Грачёвский парк,Grachevsky park,,wd:Q649,RU-MOW,55.86694444,37.50666667,Q4148208,,,,,active,,wikidata,,2026-09-14,
wd:Q4233530,wikidata,microtoponym,Коробковский сад,,Korobkovsky Sad,,wd:Q649,RU-MOW,55.66694444,37.60388889,Q4233530,,,,,active,,wikidata,,2026-09-14,
wd:Q16673767,wikidata,microtoponym,Малиновка,,Malinovka Park,,wd:Q656,RU-SPE,59.94416667,30.47027778,Q16673767,,,,,active,,wikidata,,2026-09-14,
wd:Q13668172,wikidata,microtoponym,Таллинский парк,,Tallinsky Park,,wd:Q649,RU-MOW,55.6837,37.71,Q13668172,,,,,active,,wikidata,,2026-09-14,
wd:Q2855965,wikidata,microtoponym,Таврический сад,,Tauride Garden,,wd:Q656,RU-SPE,59.94611111,30.37333333,Q2855965,12181862,,,,active,,wikidata,,2026-09-14,
wd:Q4404481,wikidata,microtoponym,Сад Ивана Фомина,,Garden of Ivan Fomin,,wd:Q656,RU-SPE,60.05305556,30.3475,Q4404481,,,,,active,,wikidata,,2026-09-14,
wd:Q16684895,wikidata,microtoponym,Парк Интернационалистов,,Park Internatsionalistov (Saint Petersburg),,wd:Q656,RU-SPE,59.85833333,30.40166667,Q16684895,6698350,,,,active,,wikidata,,2026-09-14,
wd:Q13668175,wikidata,microtoponym,Ново-Орловский лесопарк,,Novo-Orlovsky Lesopark,,wd:Q656,RU-SPE,60.05,30.28333333,Q13668175,,,,,active,,wikidata,,2026-09-14,
wd:Q18199654,wikidata,microtoponym,Парк «Вагоноремонт»,,Vagonoremont Park,,wd:Q649,RU-MOW,55.88778,37.53167,Q18199654,,,,,active,,wikidata,,2026-09-14,
wd:Q2897273,wikidata,microtoponym,Парк искусств,,Fallen Monument Park,,wd:Q649,RU-MOW,55.735554,37.607916,Q2897273,,,,,active,,wikidata,,2026-09-14,
wd:Q16709937,wikidata,microtoponym,Ульяновский лесопарк,,Ulyanovsky Forest Park,,wd:Q649,RU-MOW,55.62777778,37.35361111,Q16709937,6417677,,,,active,,wikidata,,2026-09-14,
wd:Q4463754,wikidata,microtoponym,Тропаревский лесопарк,Тропарёвский лесопарк,Troparevsky Park,,wd:Q649,RU-MOW,55.64889,37.45944,Q4463754,,,,,active,,wikidata,,2026-09-14,
wd:Q951551,wikidata,microtoponym,Сочинский национальный парк,,Sochi National Park,,iso:RU-KDA,RU-KDA,43.66666667,39.83333333,Q951551,8433621,,,,active,,wikidata,,2026-09-14,
wd:Q4455849,wikidata,microtoponym,Терлецкий парк,,Terletsky Park,,wd:Q649,RU-MOW,55.765,37.81611111,Q4455849,,,,,active,,wikidata,,2026-09-14,
wd:Q691377,wikidata,microtoponym,Екатерингоф,,Catherinehof,,wd:Q656,RU-SPE,59.903,30.26,Q691377,873898,,,,active,,wikidata,,2026-09-14,
wd:Q4533978,wikidata,microtoponym,Южно-Приморский парк,,Yuzhno-Primorsky Park,,wd:Q656,RU-SPE,59.85277778,30.1675,Q4533978,,,,,active,,wikidata,,2026-09-14,
wd:Q39085117,wikidata,microtoponym,парк Останкино,,Ostankino Park,,wd:Q649,RU-MOW,55.82472222,37.61444444,Q39085117,,,,,active,,wikidata,,2026-09-14,
wd:Q4065060,wikidata,microtoponym,Ангарские пруды,,Angarskye prudy,,wd:Q649,RU-MOW,55.88,37.53111111,Q4065060,,,,,active,,wikidata,,2026-09-14,
wd:Q4429447,wikidata,microtoponym,Сосенки (парк),,Sosenki,,wd:Q649,RU-MOW,55.66805556,37.60166667,Q4429447,,,,,active,,wikidata,,2026-09-14,
wd:Q4535915,wikidata,microtoponym,Яблоновский сад,,Yablonovsky garden,,wd:Q656,RU-SPE,59.9265,30.463,Q4535915,,,,,active,,wikidata,,2026-09-14,
wd:Q4421695,wikidata,microtoponym,Сквер Подводников,,,,wd:Q656,RU-SPE,59.98324,30.39926306,Q4421695,,,,,active,,wikidata,,2026-09-14,
wd:Q4429631,wikidata,microtoponym,Сосновка,,Sosnovka Park,,wd:Q656,RU-SPE,60.02277778,30.35166667,Q4429631,,,,,active,,wikidata,,2026-09-14,
wd:Q13668689,wikidata,microtoponym,Сад Декабристов,,Dekabristov Garden,,wd:Q656,RU-SPE,59.95388889,30.23916667,Q13668689,,,,,active,,wikidata,,2026-09-14,
wd:Q97662741,wikidata,microtoponym,Парк Света,,Park of Light,,wd:Q649,RU-MOW,55.887217,37.596129,Q97662741,,,,,active,,wikidata,,2026-09-14,
wd:Q4308059,wikidata,microtoponym,Муринский парк,,Murinsky Park,,wd:Q656,RU-SPE,60.031598,30.378337,Q4308059,,,,,active,,wikidata,,2026-09-14,
wd:Q97188314,wikidata,microtoponym,Остров фортов,,Island of Forts,,wd:Q656,RU-SPE,59.9945,29.7425,Q97188314,,,,,active,,wikidata,,2026-09-14,
wd:Q4303814,wikidata,microtoponym,Москворецкий дендропарк,,Moskvoretsky dendropark,,wd:Q649,RU-MOW,55.75638889,37.46416667,Q4303814,,,,,active,,wikidata,,2026-09-14,
wd:Q65147893,wikidata,microtoponym,Парк на Зеленом проспекте,Парк на Зелёном проспекте,Park on Zelyony Prospekt,,wd:Q649,RU-MOW,55.75138889,37.79277778,Q65147893,,,,,active,,wikidata,,2026-09-14,
wd:Q56309693,wikidata,microtoponym,Ходынское поле,,Khodynskoye Pole park,,wd:Q649,RU-MOW,55.785889,37.533639,Q56309693,,,,,active,,wikidata,,2026-09-14,
wd:Q4303813,wikidata,microtoponym,Москворецкий природно-исторический парк,,Moskvoretsky Park,,wd:Q649,RU-MOW,55.75917,37.42417,Q4303813,,,,,active,,wikidata,,2026-09-14,
wd:Q63078632,wikidata,microtoponym,Заневский парк,,Zanevsky park,,wd:Q656,RU-SPE,59.91982,30.41217,Q63078632,,,,,active,,wikidata,,2026-09-14,
wd:Q56650116,wikidata,microtoponym,Братеевская пойма,,Brateyevo Floodplain Park,,wd:Q649,RU-MOW,55.6375,37.7797,Q56650116,,,,,active,,wikidata,,2026-09-14,
wd:Q107024674,wikidata,microtoponym,Сквер Воинов-Освободителей,,Liberator warriors garden,,wd:Q656,RU-SPE,59.84583,30.40222,Q107024674,,,,,active,,wikidata,,2026-09-14,
wd:Q136745040,wikidata,microtoponym,Сквер перед Балтийским вокзалом,,Baltic Garden (Saint Petersburg),,wd:Q656,RU-SPE,59.908173,30.298963,Q136745040,,,,,active,,wikidata,,2026-09-14,
wd:Q28667101,wikidata,microtoponym,Парк Строителей,,Builders park,,wd:Q656,RU-SPE,59.9091,30.4662,Q28667101,,,,,active,,wikidata,,2026-09-14,
wd:Q21643516,wikidata,microtoponym,Новодевичьи пруды,,Novodevichyi Ponds,,wd:Q649,RU-MOW,55.72714,37.55404,Q21643516,,,,,active,,wikidata,,2026-09-14,
wd:Q4345198,wikidata,microtoponym,Парк 300-летия Санкт-Петербурга,,Park 300 Years of Saint Petersburg,,wd:Q656,RU-SPE,59.98388889,30.1925,Q4345198,,,,,active,,wikidata,,2026-09-14,
wd:Q21641475,wikidata,microtoponym,Парк Мариенталь,,Marientahl Park,,wd:Q656,RU-SPE,59.682,30.448,Q21641475,,,,,active,,wikidata,,2026-09-14,
wd:Q4345294,wikidata,microtoponym,Парк имени Артема Боровика,Парк имени Артёма Боровика,Park named after Artyom Borovik,,wd:Q649,RU-MOW,55.66138889,37.75583333,Q4345294,,,,,active,,wikidata,,2026-09-14,
wd:Q4319227,wikidata,microtoponym,Нижний парк,,Lower Park of Peterhof,,wd:Q656,RU-SPE,59.88583333,29.91,Q4319227,,,,,active,,wikidata,,2026-09-14,
wd:Q4315599,wikidata,microtoponym,Сад Нева,,Neva Garden,,wd:Q656,RU-SPE,59.96055556,30.41111111,Q4315599,,,,,active,,wikidata,,2026-09-14,
wd:Q4371292,wikidata,microtoponym,Полюстровский парк,,Polustrobsky Park,,wd:Q656,RU-SPE,59.96555556,30.42527778,Q4371292,,,,,active,,wikidata,,2026-09-14,
wd:Q4345211,wikidata,microtoponym,Парк Авиаторов (Санкт-Петербург),,Aviatorov Park,,wd:Q656,RU-SPE,59.87055556,30.29972222,Q4345211,,,,,active,,wikidata,,2026-09-14,
wd:Q4363160,wikidata,microtoponym,Пионерский парк,,Pionersky Park,,wd:Q656,RU-SPE,59.9825,30.41861111,Q4363160,,,,,active,,wikidata,,2026-09-14,
wd:Q4377436,wikidata,microtoponym,Пресненский (парк),,Presnensky Park,,wd:Q649,RU-MOW,55.75666667,37.57361111,Q4377436,,,,,active,,wikidata,,2026-09-14,
wd:Q21644697,wikidata,microtoponym,Торфянка,,Torfyanka Park,,wd:Q649,RU-MOW,55.875,37.68444,Q21644697,,,,,active,,wikidata,,2026-09-14,
wd:Q28666623,wikidata,microtoponym,Парк Олимпийской деревни,,Olympic village park,,wd:Q649,RU-MOW,55.6786,37.4767,Q28666623,,,,,active,,wikidata,,2026-09-14,
wd:Q4345222,wikidata,microtoponym,Парк Декабрьского восстания,,Park of the December uprising,,wd:Q649,RU-MOW,55.76083333,37.56027778,Q4345222,,,,,active,,wikidata,,2026-09-14,
wd:Q30888355,wikidata,microtoponym,"Природно-исторический парк ""Косинский""",,Kosinsky Park,,wd:Q649,RU-MOW,55.72222,37.84806,Q30888355,,,,,active,,wikidata,,2026-09-14,
wd:Q4345292,wikidata,microtoponym,Парк имени Академика Сахарова,,Andrei Sakharov park,,wd:Q656,RU-SPE,59.97805556,30.41361111,Q4345292,,,,,active,,wikidata,,2026-09-14,
wd:Q28666460,wikidata,microtoponym,Юго-Западный лесопарк,,Yugo-Zapadniy forrest park,,wd:Q649,RU-MOW,55.6575,37.5033,Q28666460,,,,,active,,wikidata,,2026-09-14,
wd:Q4345297,wikidata,microtoponym,Парк имени Есенина (Санкт-Петербург),,Yesenin Park (St. Petersburg),,wd:Q656,RU-SPE,59.91111111,30.48472222,Q4345297,,,,,active,,wikidata,,2026-09-14,
wd:Q28113348,wikidata,microtoponym,Парк Боевого Братства,,Brotherhood of War park,,wd:Q656,RU-SPE,59.92,30.45,Q28113348,,,,,active,,wikidata,,2026-09-14,
wd:Q140553272,wikidata,microtoponym,Сквер Андрея Петрова,,,,wd:Q656,RU-SPE,59.9634,30.313,Q140553272,,,,,active,,wikidata,,2026-09-14,
wd:Q28529359,wikidata,microtoponym,Парк Красная Пахра,,,,wd:Q649,RU-MOW,55.439281,37.258723,Q28529359,,,,,active,,wikidata,,2026-09-14,
wd:Q24932713,wikidata,microtoponym,Измайловский парк культуры и отдыха,,Izmaylovo Park,,wd:Q649,RU-MOW,55.76889,37.75083,Q24932713,,,,,active,,wikidata,,2026-09-14,
wd:Q137994536,wikidata,microtoponym,парк Хуамин,,Huaming Park,,wd:Q649,RU-MOW,55.844,37.634,Q137994536,,,,,active,,wikidata,,2026-09-14,
wd:Q4345249,wikidata,microtoponym,Парк Победы,,Victory Park,,wd:Q649,RU-MOW,55.73166667,37.50666667,Q4345249,6931000,,,,active,,wikidata,,2026-09-14,
wd:Q19909180,wikidata,microtoponym,Ясеневский лесопарк,,,,wd:Q649,RU-MOW,55.59611111,37.52194444,Q19909180,,,,,active,,wikidata,,2026-09-14,
wd:Q4345218,wikidata,microtoponym,Парк Городов Героев,,Pulkovskiy Park,,wd:Q656,RU-SPE,59.83666667,30.32722222,Q4345218,,,,,active,,wikidata,,2026-09-14,
wd:Q141266590,wikidata,microtoponym,Джазовый сквер (Санкт-Петербург),,,,wd:Q656,RU-SPE,59.9235,30.33845,Q141266590,,,,,active,,wikidata,,2026-09-14,
wd:Q4345293,wikidata,microtoponym,Парк 850-летия Москвы,,Park of 850 years of Moscow,,wd:Q649,RU-MOW,55.643,37.75,Q4345293,,,,,active,,wikidata,,2026-09-14,
wd:Q4394244,wikidata,microtoponym,Ржевский лесопарк,,Rzhevsky park,,wd:Q656,RU-SPE,59.960462,30.528293,Q4394244,,,,,active,,wikidata,,2026-09-14,
wd:Q19908499,wikidata,microtoponym,Парк имени А. И. Герцена,,,,wd:Q649,RU-MOW,55.574775,37.679427,Q19908499,,,,,active,,wikidata,,2026-09-14,
wd:Q102121800,wikidata,microtoponym,Игуменский парк,,,,wd:Q976,RU-TOM,56.469,84.961,Q102121800,,,,,active,,wikidata,,2026-09-14,
wd:Q86681812,wikidata,microtoponym,Парк имени лесовода Георгия Рутто,,,,wd:Q911,RU-BA,54.72139,55.93361,Q86681812,,,,,active,,wikidata,,2026-09-14,
wd:Q108114979,wikidata,microtoponym,Парк имени XXII партсъезда,,Park named after XXII Party Conference,,iso:RU-SVE,RU-SVE,56.839601,60.575657,Q108114979,,,,,active,,wikidata,,2026-09-14,
wd:Q97183840,wikidata,microtoponym,Непейцевский дендропарк,,Nepeytsevsky Arboretum,,wd:Q911,RU-BA,54.7864,56.0507,Q97183840,,,,,active,,wikidata,,2026-09-14,
wd:Q4159476,wikidata,microtoponym,Детский парк имени Пушкина,,,,wd:Q1957,RU-VLG,59.21805556,39.895,Q4159476,,,,,active,,wikidata,,2026-09-14,
wd:Q16692775,wikidata,microtoponym,Роща «Дубки»,,Dubky Park in Taganrog,,wd:Q170513,RU-ROS,47.254012,38.912864,Q16692775,,,,,active,,wikidata,,2026-09-14,
wd:Q16721849,wikidata,microtoponym,Экстрим-парк,,,,wd:Q915,RU-PER,,,Q16721849,,,,,active,,wikidata,,2026-09-14,
wd:Q4095115,wikidata,microtoponym,Ботанический сад ПетрГУ,,Botanical Garden (PetrSU),,wd:Q1895,RU-KR,61.842369,34.381168,Q4095115,,,,,active,,wikidata,,2026-09-14,
wd:Q4229020,wikidata,microtoponym,Кольцовский сквер,,Koltsovsky garden square,,wd:Q3426,RU-VOR,51.66194444,39.20194444,Q4229020,,,,,active,,wikidata,,2026-09-14,
wd:Q3907149,wikidata,microtoponym,Покровское-Стрешнево,,Pokrovskoye-Streshnevo,,wd:Q649,RU-MOW,55.81577,37.47152,Q3907149,,,,,active,,wikidata,,2026-09-14,
wd:Q4067613,wikidata,microtoponym,Антроповы Ямы,,Antropova Yama,,wd:Q649,RU-MOW,,,Q4067613,,,,,active,,wikidata,,2026-09-14,
wd:Q4085392,wikidata,microtoponym,"Березовая Роща (парк, Москва)","Берёзовая Роща (парк, Москва)",,,wd:Q649,RU-MOW,55.7875,37.51513889,Q4085392,,,,,active,,wikidata,,2026-09-14,
wd:Q4174363,wikidata,microtoponym,Екатерининский парк (Москва),,Catherine Park,,wd:Q649,RU-MOW,55.78293,37.62022,Q4174363,,,,,active,,wikidata,,2026-09-14,
wd:Q4063261,wikidata,microtoponym,Алые паруса (парк),,Alye Parusa,,wd:Q3426,RU-VOR,51.65994444,39.23802778,Q4063261,,,,,active,,wikidata,,2026-09-14,
wd:Q4095116,wikidata,microtoponym,Ботанический сад Соловецкого музея-заповедника,,Botanical garden in Solovki,,iso:RU-ARK,RU-ARK,65.05292778,35.66562778,Q4095116,,,,,active,,wikidata,,2026-09-14,
wd:Q16671039,wikidata,microtoponym,Летний сад имени Горького,,Summer Garden (Izhevsk),,wd:Q5426,RU-UD,56.847,53.1985,Q16671039,,,,,active,,wikidata,,2026-09-14,
wd:Q4087179,wikidata,microtoponym,Бирюлевский дендрарий,Бирюлёвский дендрарий,Biryulyovskiy Arboretum,,wd:Q649,RU-MOW,55.59694444,37.67944444,Q4087179,,,,,active,,wikidata,,2026-09-14,
wd:Q4159479,wikidata,microtoponym,Детский парк имени Жуковского,,Children's Park (Vladikavkaz),,wd:Q5239,RU-SE,43.0358,44.6814,Q4159479,,,,,active,,wikidata,,2026-09-14,
wd:Q3363766,wikidata,microtoponym,Александровский парк,,Alexander Park (Tsarskoye Selo),,wd:Q7947,RU-SPE,59.72166667,30.37722222,Q3363766,,,,,active,,wikidata,,2026-09-14,
wd:Q4061463,wikidata,microtoponym,Александровский парк,,Alexander Park,,wd:Q656,RU-SPE,59.954744,30.31969,Q4061463,,,,,active,,wikidata,,2026-09-14,
wd:Q1229234,wikidata,microtoponym,Летний сад,,Summer Garden,,wd:Q656,RU-SPE,59.94472222,30.33555556,Q1229234,,,,,active,,wikidata,,2026-09-14,
wd:Q18400191,wikidata,microtoponym,Баташевский сад,,Batashevsky Garden,,wd:Q2770,RU-TUL,54.222,37.643,Q18400191,,,,,active,,wikidata,,2026-09-14,
wd:Q4074487,wikidata,microtoponym,Баболовский парк,,Babolovsky Park,,wd:Q7947,RU-SPE,59.71361111,30.35916667,Q4074487,,,,,active,,wikidata,,2026-09-14,
wd:Q42422553,wikidata,microtoponym,Сквер Мира (Калуга),,,,wd:Q2837,RU-KLU,,,Q42422553,,,,,active,,wikidata,,2026-09-14,
wd:Q42423297,wikidata,microtoponym,Хабаровский краевой парк им.Муравьева-Амурского,,,,wd:Q4454,RU-KHA,,,Q42423297,,,,,active,,wikidata,,2026-09-14,
wd:Q16684915,wikidata,microtoponym,Парк культуры имени С. М. Кирова,,"Kirov Park, Izhevsk",,wd:Q5426,RU-UD,56.865,53.165,Q16684915,,,,,active,,wikidata,,2026-09-14,
wd:Q42436590,wikidata,microtoponym,Парк Северный (Хабаровск),,,,wd:Q4454,RU-KHA,,,Q42436590,,,,,active,,wikidata,,2026-09-14,
wd:Q13668170,wikidata,microtoponym,Центральный парк культуры и отдыха (Волгоград),,Central Park (Volgograd),,wd:Q914,RU-VGG,48.7298,44.5452,Q13668170,,,,,active,,wikidata,,2026-09-14,
wd:Q2753218,wikidata,microtoponym,Шуваловский парк,,Shuvalovsky Park,,wd:Q905431,RU-SPE,60.07527778,30.305,Q2753218,,,,,active,,wikidata,,2026-09-14,
wd:Q4260920,wikidata,microtoponym,Ливадийский парк,,Livadiiskyi Park,,wd:Q17627375,,44.46833333,34.14444444,Q4260920,,,,,active,,wikidata,,2026-09-14,
wd:Q4248748,wikidata,microtoponym,Кисловодский национальный парк,,Kislovodsk National Park,,wd:Q153676,RU-STA,43.895495,42.726307,Q4248748,,,,,active,,wikidata,,2026-09-14,
wd:Q4130225,wikidata,microtoponym,Вяземский сад,,Viazemsky Garden,,wd:Q656,RU-SPE,59.97407,30.29868,Q4130225,,,,,active,,wikidata,,2026-09-14,
wd:Q16690986,wikidata,microtoponym,Райский сад,,"Paradise Garden, Perm",,wd:Q915,RU-PER,58.0385,56.32,Q16690986,,,,,active,,wikidata,,2026-09-14,
wd:Q4192838,wikidata,microtoponym,Знаменский парк культуры и отдыха,,Znamensky Park,,iso:RU-TAM,RU-TAM,,,Q4192838,,,,,active,,wikidata,,2026-09-14,
wd:Q2036269,wikidata,microtoponym,Шарташские каменные палатки,,Shartash Stone Tents Rocks,,wd:Q887,RU-SVE,56.842778,60.678333,Q2036269,,,,,active,,wikidata,,2026-09-14,
wd:Q4065167,wikidata,microtoponym,Английский парк (Петергоф),,English Park,,wd:Q178310,RU-SPE,59.87916667,29.87694444,Q4065167,,,,,active,,wikidata,,2026-09-14,
wd:Q855493,wikidata,microtoponym,Выставка достижений народного хозяйства,,Exhibition of achievements of national economy,,wd:Q649,RU-MOW,55.82972222,37.63222222,Q855493,,,,,active,,wikidata,,2026-09-14,
wd:Q4238039,wikidata,microtoponym,Красная Пресня (парк),,Krasnaya Presnya Park,,wd:Q649,RU-MOW,55.75416667,37.55277778,Q4238039,,,,,active,,wikidata,,2026-09-14,
wd:Q4230231,wikidata,microtoponym,Комсомольский парк,,"Komsomolsky Park, Pyatigorsk",,wd:Q41970,RU-STA,44.05777778,43.06222222,Q4230231,,,,,active,,wikidata,,2026-09-14,
wd:Q126877,wikidata,microtoponym,Центральный парк культуры и отдыха им. Горького,,Gorky Park,,wd:Q649,RU-MOW,55.73135347,37.60463662,Q126877,6956697,,,,active,,wikidata,,2026-09-14,
wd:Q3022307,wikidata,microtoponym,Сочинский дендрарий,,Sochi Arboretum,,iso:RU-KDA,RU-KDA,43.571141,39.742609,Q3022307,,,,,active,,wikidata,,2026-09-14,
wd:Q4061458,wikidata,microtoponym,Александровский парк (Петергоф),,Alexandriysky Park,,wd:Q178310,RU-SPE,59.87055556,29.93333333,Q4061458,,,,,active,,wikidata,,2026-09-14,
wd:Q4271704,wikidata,microtoponym,Люблинский парк,,Lyublino Park,,wd:Q649,RU-MOW,55.69055556,37.75555556,Q4271704,,,,,active,,wikidata,,2026-09-14,
wd:Q4230233,wikidata,microtoponym,Комсомольский парк,,"Komsomolsky Park, Tula",,wd:Q2770,RU-TUL,54.22944444,37.62361111,Q4230233,,,,,active,,wikidata,,2026-09-14,
wd:Q16653672,wikidata,microtoponym,Зверинец,,Ménagerie,,wd:Q7436,RU-LEN,59.58,30.1,Q16653672,,,,,active,,wikidata,,2026-09-14,
wd:Q4145697,wikidata,microtoponym,Городской сад (Тверь),,"Gorodskoy Garden, Tver",,wd:Q2288,RU-TVE,56.86188889,35.90361111,Q4145697,,,,,active,,wikidata,,2026-09-14,
wd:Q846554,wikidata,microtoponym,Екатерининский парк,,Catherine Park,,wd:Q7947,RU-SPE,59.7125,30.3981,Q846554,6698348,,,,active,,wikidata,,2026-09-14,
wd:Q4230248,wikidata,microtoponym,Комсомольский сад,,Komsomolsky garden,,wd:Q914,RU-VGG,48.70833333,44.51055556,Q4230248,,,,,active,,wikidata,,2026-09-14,
wd:Q4247750,wikidata,microtoponym,Куракина Дача,,Kurakina Dacha,,wd:Q656,RU-SPE,59.8725,30.45194444,Q4247750,,,,,active,,wikidata,,2026-09-14,
wd:Q18510222,wikidata,microtoponym,Парк_им._300-летия_Таганрога,,,,wd:Q170513,RU-ROS,47.223,38.856,Q18510222,,,,,active,,wikidata,,2026-09-14,
wd:Q16684891,wikidata,microtoponym,Парк Героев Гражданской войны,,,,wd:Q3159,RU-KRS,51.74494,36.18914,Q16684891,,,,,active,,wikidata,,2026-09-14,
wd:Q3364248,wikidata,microtoponym,Парк «Южные культуры»,,Arboretum in Adler,,wd:Q97663654,RU-KDA,43.418687,39.934466,Q3364248,8431876,,,,active,,wikidata,,2026-09-14,
wd:Q4108779,wikidata,microtoponym,Верхний сад (Петергоф),,Upper Gardens of Peterhof,,wd:Q178310,RU-SPE,59.88222222,29.90722222,Q4108779,,,,,active,,wikidata,,2026-09-14,
wd:Q1472498,wikidata,microtoponym,Александровский сад,,Alexander Garden,,wd:Q649,RU-MOW,55.752393,37.61385111,Q1472498,6956691,,,,active,,wikidata,,2026-09-14,
wd:Q4217609,wikidata,microtoponym,Каунис и Тойвола,,Kaunis & Toivola territory,,wd:Q2364414,RU-SPE,60.201173,29.604839,Q4217609,,,,,active,,wikidata,,2026-09-14,
wd:Q19907000,wikidata,microtoponym,Алтуфьевский лесопарк,,Altufyevsky Forest Park,,wd:Q649,RU-MOW,55.902793,37.599015,Q19907000,,,,,active,,wikidata,,2026-09-14,
wd:Q652464,wikidata,microtoponym,Коломенское,,Kolomenskoye,,wd:Q649,RU-MOW,55.66767,37.66657,Q652464,546244,,,,active,,wikidata,,2026-09-14,
wd:Q147994,wikidata,microtoponym,Царицыно (дворцово-парковый ансамбль),,Tsaritsyno Park + palace,,wd:Q649,RU-MOW,55.6168339,37.682817,Q147994,536164,,,,active,,wikidata,,2026-09-14,
wd:Q4268096,wikidata,microtoponym,Луговой парк,,Meadow park in Peterhof,,wd:Q178310,RU-SPE,59.86222222,29.88722222,Q4268096,,,,,active,,wikidata,,2026-09-14,
wd:Q4260137,wikidata,microtoponym,Летний сад (Кронштадт),,Summer Garden in Kronstadt,,wd:Q155863,RU-SPE,59.988,29.778,Q4260137,,,,,active,,wikidata,,2026-09-14,
wd:Q2375145,wikidata,microtoponym,Сокольники,,Sokolniki Park,,wd:Q649,RU-MOW,55.80027778,37.67416667,Q2375145,,,,,active,,wikidata,,2026-09-14,
wd:Q4101254,wikidata,microtoponym,Быханов сад,,Bykhanov Garden,,wd:Q3490,RU-LIP,52.61888889,39.59055556,Q4101254,,,,,active,,wikidata,,2026-09-14,
wd:Q4218191,wikidata,microtoponym,Кашкадан (парк),,Kashkadan Park,,wd:Q911,RU-BA,54.77416667,56.06166667,Q4218191,,,,,active,,wikidata,,2026-09-14,
wd:Q4260387,wikidata,microtoponym,Лефортовский парк,,Lefortovo Park,,wd:Q649,RU-MOW,55.765,37.69083333,Q4260387,,,,,active,,wikidata,,2026-09-14,
wd:Q3506346,wikidata,microtoponym,Свиблово (усадьба),,Sviblovo Estate,,wd:Q649,RU-MOW,55.853498,37.63174,Q3506346,,,,,active,,wikidata,,2026-09-14,
wd:Q18121494,wikidata,microtoponym,Александрино (парк),,Alexandrino park,,wd:Q656,RU-SPE,59.843052,30.219322,Q18121494,,,,,active,,wikidata,,2026-09-14,
wd:Q16631819,wikidata,microtoponym,Воронцовский сквер,,Vorontsov Garden,,wd:Q656,RU-SPE,59.848781,30.237824,Q16631819,,,,,active,,wikidata,,2026-09-14,
wd:Q4249240,wikidata,microtoponym,Лесопарк Кусково,,Park in Kuskovo,,wd:Q1019199,RU-MOW,55.732868,37.794744,Q4249240,,,,,active,,wikidata,,2026-09-14,
wd:Q16628536,wikidata,microtoponym,Буферный парк,,Buferhy Park in Tsarskoe Selo,,wd:Q7947,RU-SPE,59.744072,30.404685,Q16628536,,,,,active,,wikidata,,2026-09-14,
wd:Q1812685,wikidata,microtoponym,Монрепо,,Mon Repos,,wd:Q14657,RU-LEN,60.73183333,28.72794444,Q1812685,7874180,,,,active,,wikidata,,2026-09-14,
wd:Q3364400,wikidata,microtoponym,Приморский парк Победы,,Maritime Victory Park,,wd:Q656,RU-SPE,59.97186111,30.24175,Q3364400,,,,,active,,wikidata,,2026-09-14,
wd:Q4056241,wikidata,microtoponym,Автозаводский парк,,Avtozavodskyi Park,,wd:Q891,RU-NIZ,56.240183,43.856559,Q4056241,,,,,active,,wikidata,,2026-09-14,
wd:Q2047101,wikidata,microtoponym,Сувар,,,,wd:Q5470,RU-CU,56.16833333,47.315,Q2047101,,,,,active,,wikidata,,2026-09-14,
wd:Q13668162,wikidata,microtoponym,Петропавловский парк,,Petropavlovsky Park,,wd:Q2423,RU-YAR,57.59944444,39.845,Q13668162,,,,,active,,wikidata,,2026-09-14,
wd:Q16693784,wikidata,microtoponym,Сад «Эрмитаж»,,Sad Ermitazh,,wd:Q900,RU-TA,55.79055556,49.12888889,Q16693784,8142779,,,,active,,wikidata,,2026-09-14,
wd:Q2378783,wikidata,microtoponym,Парк Александрия,,Alexandria Park,,wd:Q178310,RU-SPE,59.880559,29.940256,Q2378783,,,,,active,,wikidata,,2026-09-14,
wd:Q24933557,wikidata,microtoponym,Ивановский лесопарк,,,,wd:Q2367484,RU-MOW,,,Q24933557,,,,,active,,wikidata,,2026-09-14,
wd:Q4095117,wikidata,microtoponym,Ботанический сад ЮФУ,,Southern Federal University's botanical garden,,wd:Q908,RU-ROS,47.230572,39.659632,Q4095117,,,,,active,,wikidata,,2026-09-14,
wd:Q4228425,wikidata,microtoponym,Колонистский парк,,Colonizer's Park,,wd:Q178310,RU-SPE,59.875,29.91,Q4228425,,,,,active,,wikidata,,2026-09-14,
wd:Q16665217,wikidata,microtoponym,Комсомольский парк,,Komsomolsky Forest park (Vladikavkaz),,wd:Q5239,RU-SE,43.02583333,44.69555556,Q16665217,8467482,,,,active,,wikidata,,2026-09-14,
wd:Q16272935,wikidata,microtoponym,Алое поле,,Park Aloye pole in Chelyabinsk,,wd:Q906,RU-CHE,55.16361111,61.39111111,Q16272935,8431545,,,,active,,wikidata,,2026-09-14,
wd:Q41672942,wikidata,microtoponym,Парк культуры и отдыха имени С. М. Кирова,,,,wd:Q883,RU-NVS,,,Q41672942,,,,,active,,wikidata,,2026-09-14,
wd:Q2506336,wikidata,microtoponym,Павловский парк,,Pavlovsk Park,,wd:Q177888,RU-SPE,59.69361111,30.45527778,Q2506336,,,,,active,,wikidata,,2026-09-14,
wd:Q611337,wikidata,microtoponym,Центральный парк,,Krasnoyarsk Central Park,,wd:Q919,RU-KYA,56.0075,92.85277778,Q611337,,,,,active,,wikidata,,2026-09-14,
wd:Q4169267,wikidata,microtoponym,Дубки,,"Dubky Park, Moscow",,wd:Q649,RU-MOW,55.82055556,37.56638889,Q4169267,,,,,active,,wikidata,,2026-09-14,
wd:Q1511291,wikidata,microtoponym,Измайловский парк,,Izmaylovsky Park,,wd:Q635860,RU-MOW,55.78,37.78,Q1511291,,,,,active,,wikidata,,2026-09-14,
wd:Q18407470,wikidata,microtoponym,Парк Якобсруэ,,,,iso:RU-KGD,RU-KGD,55.075,21.878,Q18407470,,,,,active,,wikidata,,2026-09-14,
wd:Q15640279,wikidata,microtoponym,Парк «Воксал»,,"Park ""Voksal"" (Tver)",,wd:Q2288,RU-TVE,56.856908,35.929931,Q15640279,,,,,active,,wikidata,,2026-09-14,
wd:Q18406733,wikidata,microtoponym,Олимпийский парк,,,,wd:Q5239,RU-SE,,,Q18406733,,,,,active,,wikidata,,2026-09-14,
wd:Q4108772,wikidata,microtoponym,Верхний парк (Липецк),,"Verkhny Park, Lipetsk",,wd:Q3490,RU-LIP,52.61333333,39.60916667,Q4108772,,,,,active,,wikidata,,2026-09-14,
wd:Q116780054,wikidata,microtoponym,Парк с прудами (Лыткарино),,,,iso:RU-MOS,RU-MOS,55.60051,37.87849,Q116780054,,,,,active,,wikidata,,2026-09-14,
wd:Q128424938,wikidata,microtoponym,Сквер Победы в Краснознаменске,,Park of Victory in Krasnoznamensk,,iso:RU-MOS,RU-MOS,55.59459,37.034263,Q128424938,,,,,active,,wikidata,,2026-09-14,
wd:Q127605480,wikidata,microtoponym,Рождественский парк,,,,wd:Q3646,RU-KDA,45.02794,38.901629,Q127605480,,,,,active,,wikidata,,2026-09-14,
wd:Q129861876,wikidata,microtoponym,Танаис,,Tanais,,iso:RU-VOR,RU-VOR,51.6530028,39.1293526,Q129861876,13060508,,,,active,,wikidata,,2026-09-14,
wd:Q123421834,wikidata,microtoponym,Парк имени Горького,,Gorky Park,,wd:Q3646,RU-KDA,45.012585,38.97147,Q123421834,,,,,active,,wikidata,,2026-09-14,
wd:Q128379815,wikidata,microtoponym,"Сквер Победы, Дзержинский",,"Park of Victory, Dzerzhinsky",,iso:RU-MOS,RU-MOS,55.625184,37.842805,Q128379815,,,,,active,,wikidata,,2026-09-14,
wd:Q51078294,wikidata,microtoponym,Центральный парк культуры и отдыха (Калининград),,Central Park (Kaliningrad),,wd:Q1829,RU-KGD,,,Q51078294,,,,,active,,wikidata,,2026-09-14,
wd:Q51078468,wikidata,microtoponym,Парк Победы (Калининград),,Victory Park (Kaliningrad),,wd:Q1829,RU-KGD,,,Q51078468,,,,,active,,wikidata,,2026-09-14,
wd:Q51078526,wikidata,microtoponym,парк Балтийский (Калининград),,Baltic park (Kaliningrad),,wd:Q1829,RU-KGD,,,Q51078526,,,,,active,,wikidata,,2026-09-14,
wd:Q116762445,wikidata,microtoponym,Парк с липовыми аллеями,,,,iso:RU-MOS,RU-MOS,55.551545,37.692164,Q116762445,,,,,active,,wikidata,,2026-09-14,
wd:Q130642385,wikidata,microtoponym,Ардатовский парк,,,,iso:RU-NIZ,RU-NIZ,55.23827778,43.09730556,Q130642385,,,,,active,,wikidata,,2026-09-14,
wd:Q112049239,wikidata,microtoponym,Парк (Калуга),,,,wd:Q2837,RU-KLU,54.50749,36.24988,Q112049239,,,,,active,,wikidata,,2026-09-14,
wd:Q114565450,wikidata,microtoponym,Прометей,,Prometheus Park in Kachkanar,,iso:RU-SVE,RU-SVE,58.694209,59.485873,Q114565450,,,,,active,,wikidata,,2026-09-14,
wd:Q113015070,wikidata,microtoponym,Рабочий сад,,Rabochy Sad Park,,wd:Q2423,RU-YAR,57.610214,39.823766,Q113015070,,,,,active,,wikidata,,2026-09-14,
wd:Q119988558,wikidata,microtoponym,парк УрГУПС,,,,iso:RU-SVE,RU-SVE,56.849141,60.579534,Q119988558,,,,,active,,wikidata,,2026-09-14,
wd:Q15203,wikidata,microtoponym,Дворцовый парк в Гатчине,,Palace Park,,wd:Q7436,RU-LEN,59.56805556,30.10833333,Q15203,,,,,active,,wikidata,,2026-09-14,
wd:Q112048767,wikidata,microtoponym,Парк регулярный (Авчурино),,,,iso:RU-KLU,RU-KLU,54.45526,36.42355,Q112048767,,,,,active,,wikidata,,2026-09-14,
wd:Q127272272,wikidata,microtoponym,Соборный парк (Рязань),,,,iso:RU-RYA,RU-RYA,54.63341,39.74559,Q127272272,,,,,active,,wikidata,,2026-09-14,
wd:Q123437547,wikidata,microtoponym,Воронежский центральный парк,,Voronezhsky tsentralny park,,wd:Q3426,RU-VOR,51.6979512,39.2185736,Q123437547,12639980,,,,active,,wikidata,,2026-09-14,
wd:Q127787639,wikidata,microtoponym,Академический парк,,Akademichesky park,,wd:Q649,RU-MOW,55.69181012,37.56829619,Q127787639,,,,,active,,wikidata,,2026-09-14,
wd:Q113407439,wikidata,microtoponym,Пышминские озерки,,,,iso:RU-SVE,RU-SVE,56.91903951,60.62462007,Q113407439,,,,,active,,wikidata,,2026-09-14,
wd:Q125801302,wikidata,microtoponym,Парк Дружбы между Россией и Республикой Корея,,Russian-Korean Friendship Park,,wd:Q5815,RU-TYU,57.167701,65.590304,Q125801302,,,,,active,,wikidata,,2026-09-14,
wd:Q125392729,wikidata,microtoponym,Детский парк (Курган),,,,wd:Q13379,RU-KGN,55.434583,65.32694,Q125392729,,,,,active,,wikidata,,2026-09-14,
wd:Q97816800,wikidata,microtoponym,Парк имени Володи Дубинина (Печора),,,,iso:RU-KO,RU-KO,,,Q97816800,,,,,active,,wikidata,,2026-09-14,
wd:Q123248496,wikidata,microtoponym,Цветник,,Tsvetnik,,wd:Q41970,RU-STA,44.036762,43.081307,Q123248496,,,,,active,,wikidata,,2026-09-14,
wd:Q116860463,wikidata,microtoponym,Правобережная улица 6А,,,,wd:Q649,RU-MOW,55.88141,37.45557,Q116860463,,,,,active,,wikidata,,2026-09-14,
wd:Q56307132,wikidata,microtoponym,Экопарк «Качкарский Мар»,,,,wd:Q5337,RU-ORE,,,Q56307132,,,,,active,,wikidata,,2026-09-14,
wd:Q113569258,wikidata,microtoponym,парк «Сосновка»,,Matrosovsky park,,iso:RU-KGD,RU-KGD,54.934465,20.507516,Q113569258,,,,,active,,wikidata,,2026-09-14,
wd:Q119255932,wikidata,microtoponym,Яблоневый сад,,Apple garden,,wd:Q649,RU-MOW,55.6419,37.5125,Q119255932,,,,,active,,wikidata,,2026-09-14,
wd:Q131358122,wikidata,microtoponym,Парк в Капотне на набережной Москвы-реки,,Kapotnya embankment park,,wd:Q649,RU-MOW,55.62975,37.7899,Q131358122,,,,,active,,wikidata,,2026-09-14,
wd:Q116762452,wikidata,microtoponym,Курдонер с круговой липовой аллеей,Курдонёр с круговой липовой аллеей,,,iso:RU-MOS,RU-MOS,55.550697,37.692834,Q116762452,,,,,active,,wikidata,,2026-09-14,
wd:Q112893304,wikidata,microtoponym,летний парк «Уралмаш»,,,,iso:RU-SVE,RU-SVE,56.887775,60.601085,Q112893304,,,,,active,,wikidata,,2026-09-14,
wd:Q116754386,wikidata,microtoponym,"улица Казакова 18 c1, Парк (29,0 га)",,,,wd:Q649,RU-MOW,55.76203,37.67014,Q116754386,,,,,active,,wikidata,,2026-09-14,
wd:Q118391258,wikidata,microtoponym,Парк с прудами усадьбы Быково,,Park in Vorontsov Estate,,iso:RU-MOS,RU-MOS,55.60745,38.05069,Q118391258,,,,,active,,wikidata,,2026-09-14,
wd:Q116894410,wikidata,microtoponym,Парк усадьбы Братцево,,,,wd:Q649,RU-MOW,55.84874,37.39641,Q116894410,,,,,active,,wikidata,,2026-09-14,
wd:Q123422062,wikidata,microtoponym,Парк культуры и отдыха имени 65-й годовщины Победы в ВОВ,,"Park 65th anniversary of Victory, Krasnodar",,wd:Q3646,RU-KDA,45.046941,39.003394,Q123422062,,,,,active,,wikidata,,2026-09-14,
wd:Q7505,wikidata,microtoponym,Приоратский парк,,Priorate park,,wd:Q7436,RU-LEN,59.5514,30.1194,Q7505,,,,,active,,wikidata,,2026-09-14,
wd:Q116859270,wikidata,microtoponym,Ленинградский проспект 36,,,,wd:Q649,RU-MOW,55.78929,37.56315,Q116859270,,,,,active,,wikidata,,2026-09-14,
wd:Q116294113,wikidata,microtoponym,Парк культуры и отдыха,,Central Park,,iso:RU-ORE,RU-ORE,51.461279,58.442351,Q116294113,,,,,active,,wikidata,,2026-09-14,
wd:Q116920405,wikidata,microtoponym,улица Косыгина 17 корпус 7 корпус концертного зала,,,,wd:Q649,RU-MOW,55.70263,37.55197,Q116920405,,,,,active,,wikidata,,2026-09-14,
wd:Q131364364,wikidata,microtoponym,Видновский парк культуры и отдыха,,Vidnoye park,,iso:RU-MOS,RU-MOS,55.55882,37.70787,Q131364364,,,,,active,,wikidata,,2026-09-14,
wd:Q131373094,wikidata,microtoponym,Тимоховский парк,,Timokhovo park,,iso:RU-MOS,RU-MOS,55.54801,37.69718,Q131373094,,,,,active,,wikidata,,2026-09-14,
wd:Q118124713,wikidata,microtoponym,Старая Сильвия,,"Old Silvia, Pavlovsk Park",,wd:Q177888,RU-SPE,59.690403,30.460857,Q118124713,,,,,active,,wikidata,,2026-09-14,
wd:Q125912500,wikidata,microtoponym,Парк победы,,,,iso:RU-SVE,RU-SVE,56.799822,59.910564,Q125912500,,,,,active,,wikidata,,2026-09-14,
wd:Q117100835,wikidata,microtoponym,Преображенский парк,,,,iso:RU-SVE,RU-SVE,56.781834,60.517071,Q117100835,,,,,active,,wikidata,,2026-09-14,
wd:Q48956472,wikidata,microtoponym,Парк у Дома молодежи,Парк у Дома молодёжи,,,wd:Q156658,RU-PRI,,,Q48956472,,,,,active,,wikidata,,2026-09-14,
wd:Q116920453,wikidata,microtoponym,Парк на территории института материаловедения,,,,wd:Q649,RU-MOW,55.699585,37.567917,Q116920453,,,,,active,,wikidata,,2026-09-14,
wd:Q124129378,wikidata,microtoponym,Фермский парк,,Farm Park in Tsarskoe Selo,,wd:Q7947,RU-SPE,59.723954,30.394417,Q124129378,,,,,active,,wikidata,,2026-09-14,
wd:Q130536892,wikidata,microtoponym,Парк имени Циолковского,,Tsiolkovsky Park,,wd:Q2837,RU-KLU,54.51545,36.23209,Q130536892,,,,,active,,wikidata,,2026-09-14,
wd:Q116374110,wikidata,microtoponym,парк УГМК,,UMMC Park,,iso:RU-SVE,RU-SVE,56.968107,60.578585,Q116374110,,,,,active,,wikidata,,2026-09-14,
wd:Q114968074,wikidata,microtoponym,Парк с прудами (Раек),Парк с прудами (Раёк),Park in Znamenskoye-Rayok,,iso:RU-TVE,RU-TVE,56.953307,35.25519,Q114968074,,,,,active,,wikidata,,2026-09-14,
wd:Q113649032,wikidata,microtoponym,парк имени Павлика Морозова,,Pavlik Morozov Park,,iso:RU-SVE,RU-SVE,56.826353,60.619921,Q113649032,,,,,active,,wikidata,,2026-09-14,
wd:Q127328745,wikidata,microtoponym,Солнечный бульвар,,Solnechniy Boulevard (Krasnodar),,wd:Q3646,RU-KDA,45.07246,39.009134,Q127328745,,,,,active,,wikidata,,2026-09-14,
wd:Q117035088,wikidata,microtoponym,сквер имени Джавахарлала Неру,,,,iso:RU-SVE,RU-SVE,56.857845,60.611088,Q117035088,,,,,active,,wikidata,,2026-09-14,
wd:Q116810492,wikidata,microtoponym,Парк Дворца пионеров,,,,wd:Q649,RU-MOW,55.70129,37.5504,Q116810492,,,,,active,,wikidata,,2026-09-14,
wd:Q114023393,wikidata,microtoponym,Парк Турбомоторного завода,,Park of the Turbo Engine Plant,,iso:RU-SVE,RU-SVE,56.883598,60.630825,Q114023393,,,,,active,,wikidata,,2026-09-14,
wd:Q118288269,wikidata,microtoponym,Парк с гидросистемой (Зеленогорск),,,,wd:Q46850,RU-SPE,60.190535,29.696367,Q118288269,,,,,active,,wikidata,,2026-09-14,
wd:Q116894377,wikidata,microtoponym,Парк усадьбы Троице-Лыково,,,,wd:Q649,RU-MOW,55.78981,37.40529,Q116894377,,,,,active,,wikidata,,2026-09-14,
wd:Q127386431,wikidata,microtoponym,Парк Победы (Киров),,,,wd:Q5384,RU-KIR,58.608947,49.612469,Q127386431,,,,,active,,wikidata,,2026-09-14,
wd:Q116142162,wikidata,microtoponym,Петровский парк (Архангельск),,Petrovskiy Park,,wd:Q1851,RU-ARK,64.53638889,40.51555556,Q116142162,8438296,,,,active,,wikidata,,2026-09-14,
wd:Q113712315,wikidata,microtoponym,Дендрологический парк-выставка,,,,iso:RU-SVE,RU-SVE,56.848178,60.651463,Q113712315,,,,,active,,wikidata,,2026-09-14,
wd:Q116770061,wikidata,microtoponym,Южный парк,,,,iso:RU-SVE,RU-SVE,56.796765,60.617716,Q116770061,,,,,active,,wikidata,,2026-09-14,
wd:Q116767371,wikidata,microtoponym,Парк усадьбы Загорье,,,,wd:Q649,RU-MOW,55.57539091,37.67766913,Q116767371,,,,,active,,wikidata,,2026-09-14,
wd:Q116910226,wikidata,microtoponym,Сад Марфо-Мариинской обители,,,,wd:Q649,RU-MOW,55.73766,37.6226,Q116910226,,,,,active,,wikidata,,2026-09-14,
wd:Q116810379,wikidata,microtoponym,Парк усадьбы Петровское Алабино,,,,iso:RU-MOS,RU-MOS,55.53357,36.99859,Q116810379,,,,,active,,wikidata,,2026-09-14,
wd:Q113367776,wikidata,microtoponym,Березовая роща,Берёзовая роща,,,iso:RU-SVE,RU-SVE,56.78773461,60.53909559,Q113367776,,,,,active,,wikidata,,2026-09-14,
wd:Q130604131,wikidata,microtoponym,Парк усадьбы Городище,,Gorodishe estate park,,iso:RU-MOS,RU-MOS,55.90862,38.14401,Q130604131,,,,,active,,wikidata,,2026-09-14,
wd:Q55657346,wikidata,microtoponym,"Бугринская роща (парк, Новосибирск)",,Bugrinskaya Roshcha,,wd:Q883,RU-NVS,,,Q55657346,,,,,active,,wikidata,,2026-09-14,
wd:Q113408740,wikidata,microtoponym,Сестрорпарк,,,,wd:Q194084,RU-SPE,60.07417,29.96722,Q113408740,,,,,active,,wikidata,,2026-09-14,
wd:Q116812938,wikidata,microtoponym,улица Льва Толстого 21,,,,wd:Q649,RU-MOW,55.734007,37.585155,Q116812938,,,,,active,,wikidata,,2026-09-14,
wd:Q113449900,wikidata,microtoponym,парк Строителей,,Park Stroiteley,,wd:Q4217997,RU-SVE,58.706359,59.487663,Q113449900,,,,,active,,wikidata,,2026-09-14,
wd:Q121141934,wikidata,microtoponym,Парк (Волышево / Дорогини),,Park in Volyshevo,,iso:RU-PSK,RU-PSK,57.621907,29.689029,Q121141934,,,,,active,,wikidata,,2026-09-14,
wd:Q106937165,wikidata,microtoponym,Парк имения декабриста В. Г. Ивашева,,,,wd:Q2664289,RU-TA,,,Q106937165,,,,,active,,wikidata,,2026-09-14,
wd:Q131360768,wikidata,microtoponym,Расторгуевский парк,,Rastorguevo park,,iso:RU-MOS,RU-MOS,55.54421,37.67142,Q131360768,,,,,active,,wikidata,,2026-09-14,
wd:Q114043919,wikidata,microtoponym,сквер имени К. Т. Бабыкина,,Square named after Konstantin Babykin,,iso:RU-SVE,RU-SVE,56.850523,60.591553,Q114043919,,,,,active,,wikidata,,2026-09-14,
wd:Q116920408,wikidata,microtoponym,улица Косыгина 17 корпус 4 для кружковых занятий,,,,wd:Q649,RU-MOW,55.70259661,37.55434893,Q116920408,,,,,active,,wikidata,,2026-09-14,
wd:Q126145411,wikidata,microtoponym,Братский сад,,"Brother's Garden, Astrakhan",,wd:Q3927,RU-AST,46.350277,48.035506,Q126145411,,,,,active,,wikidata,,2026-09-14,
wd:Q122998830,wikidata,microtoponym,Парк усадьбы Суханово,,Sukhanovo estate park,,iso:RU-MOS,RU-MOS,55.52423,37.66055,Q122998830,,,,,active,,wikidata,,2026-09-14,
wd:Q111987810,wikidata,microtoponym,Парк Гастелло,,,,wd:Q911,RU-BA,,,Q111987810,,,,,active,,wikidata,,2026-09-14,
wd:Q123470660,wikidata,microtoponym,Парк имени 50-летия ВЛКСМ,,Park dedicated to 50 years of Komsomol,,wd:Q887,RU-SVE,56.81444,60.57667,Q123470660,,,,,active,,wikidata,,2026-09-14,
wd:Q117035077,wikidata,microtoponym,Эльмашевский парк,,,,iso:RU-SVE,RU-SVE,56.893435,60.632624,Q117035077,,,,,active,,wikidata,,2026-09-14,
wd:Q120166407,wikidata,microtoponym,Парк Малевича,,Malevich park,,wd:Q60853397,RU-MOS,55.737729,37.298696,Q120166407,,,,,active,,wikidata,,2026-09-14,
wd:Q124096091,wikidata,microtoponym,Парк Победы (Курган),,Park Pobedy,,wd:Q13379,RU-KGN,55.434316,65.318468,Q124096091,,,,,active,,wikidata,,2026-09-14,
wd:Q116810218,wikidata,microtoponym,Парк усадьбы Измалково,,,,wd:Q649,RU-MOW,55.663678,37.324376,Q116810218,,,,,active,,wikidata,,2026-09-14,
wd:Q116313438,wikidata,microtoponym,Шишкинские пруды,,,,iso:RU-TA,RU-TA,55.753689,52.051713,Q116313438,,,,,active,,wikidata,,2026-09-14,
wd:Q116916292,wikidata,microtoponym,Сад памяти жертв авиакатастрофы над Синаем,,memorial garden for the victims of Metrojet Flight 9268 air crash,,wd:Q15248,RU-LEN,60.0353,30.64479,Q116916292,,,,,active,,wikidata,,2026-09-14,
wd:Q125567181,wikidata,microtoponym,Партерный сад на площади у Каскада Драконов,,"East Parterre Garden in Lower Park, Peterhof",,wd:Q178310,RU-SPE,59.883856,29.917109,Q125567181,,,,,active,,wikidata,,2026-09-14,
wd:Q121267760,wikidata,microtoponym,парк Педагогического университета,,,,iso:RU-SVE,RU-SVE,56.880566,60.612665,Q121267760,,,,,active,,wikidata,,2026-09-14,
wd:Q123416521,wikidata,microtoponym,Парк стадиона «Кубань»,,,,wd:Q3646,RU-KDA,45.025162,38.995348,Q123416521,,,,,active,,wikidata,,2026-09-14,
wd:Q110318633,wikidata,microtoponym,Парк имени Низами Гянджеви,,Park named after Nizami Ganjavi,,wd:Q131416,RU-DA,42.06194444,48.29305556,Q110318633,,,,,active,,wikidata,,2026-09-14,
wd:Q116922983,wikidata,microtoponym,Воронцовский парк,,,,wd:Q649,RU-MOW,55.66685,37.53638,Q116922983,,,,,active,,wikidata,,2026-09-14,
wd:Q118747126,wikidata,microtoponym,Радуга,,,,iso:RU-SVE,RU-SVE,56.814627,60.538991,Q118747126,,,,,active,,wikidata,,2026-09-14,
wd:Q114025602,wikidata,microtoponym,Орловский парк,,Orlovsky park,,wd:Q258138,RU-SPE,59.850468,30.040011,Q114025602,,,,,active,,wikidata,,2026-09-14,
wd:Q123998672,wikidata,microtoponym,"Военно-патриотический центр имени Героя России, генерала армии Казанцева В.Г.",,,,wd:Q850947,RU-KDA,,,Q123998672,,,,,active,,wikidata,,2026-09-14,
wd:Q132127947,wikidata,microtoponym,Парк в Ляличах,,,,wd:Q2708294,RU-BRY,53.016087,32.544504,Q132127947,,,,,active,,wikidata,,2026-09-14,
wd:Q4345271,wikidata,microtoponym,Парк Тысячелетия,,Millenium Park,,wd:Q900,RU-TA,55.78345833,49.12360556,Q4345271,,,,,active,,wikidata,,2026-09-14,
wd:Q4313393,wikidata,microtoponym,Народный сад,,The People's Garden (Kaliningrad),,wd:Q1829,RU-KGD,54.71333333,20.49388889,Q4313393,,,,,active,,wikidata,,2026-09-14,
wd:Q134695268,wikidata,microtoponym,Парк 40-летия ВЛКСМ,,Park dedicated to 40 years of Komsomol,,iso:RU-ULY,RU-ULY,54.3598,48.5213,Q134695268,,,,,active,,wikidata,,2026-09-14,
wd:Q4345257,wikidata,microtoponym,Парк Победы (Уфа),,"Victory Park, Ufa",,wd:Q911,RU-BA,54.82277778,56.05722222,Q4345257,,,,,active,,wikidata,,2026-09-14,
wd:Q4361255,wikidata,microtoponym,Петровский парк (Кронштадт),,Petrovsky Park (Kronstadt),,wd:Q155863,RU-SPE,59.98959,29.76311,Q4361255,,,,,active,,wikidata,,2026-09-14,
wd:Q4345253,wikidata,microtoponym,Парк Победы,,"Victory Park, Saratov",,iso:RU-SAR,RU-SAR,51.54432,46.053615,Q4345253,8628988,,,,active,,wikidata,,2026-09-14,
wd:Q4319225,wikidata,microtoponym,Нижний парк (Липецк),,Nizhny Park,,wd:Q3490,RU-LIP,52.60638889,39.60388889,Q4319225,,,,,active,,wikidata,,2026-09-14,
wd:Q4345299,wikidata,microtoponym,Парк имени И. В. Бабушкина,,Garden Babushkina,,wd:Q656,RU-SPE,59.88292,30.43906,Q4345299,,,,,active,,wikidata,,2026-09-14,
wd:Q4345342,wikidata,microtoponym,Парк скульптуры (Калининград),,Sculpture Park (Kaliningrad),,wd:Q1829,RU-KGD,54.70694444,20.50916667,Q4345342,,,,,active,,wikidata,,2026-09-14,
wd:Q4303128,wikidata,microtoponym,Морозовский сад,,Morozovskij Garden,,wd:Q649,RU-MOW,55.75543611,37.64354722,Q4303128,,,,,active,,wikidata,,2026-09-14,
wd:Q140372899,wikidata,microtoponym,Сквер Святителя Филофея,,Category:Saint Philotheus Square,,wd:Q5815,RU-TYU,57.1689,65.5124,Q140372899,,,,,active,,wikidata,,2026-09-14,
wd:Q4345232,wikidata,microtoponym,Парк Кулибина,,Kulibin Park,,wd:Q891,RU-NIZ,56.315293,44.008356,Q4345232,,,,,active,,wikidata,,2026-09-14,
wd:Q4345332,wikidata,microtoponym,Парк культуры и отдыха имени Ленинского Комсомола (Махачкала),,,,wd:Q5168,RU-DA,42.9854,47.486145,Q4345332,,,,,active,,wikidata,,2026-09-14,
wd:Q4345245,wikidata,microtoponym,Парк Победы (Казань),,Park Pobedy,,wd:Q900,RU-TA,55.83000833,49.10752778,Q4345245,8142902,,,,active,,wikidata,,2026-09-14,
wd:Q4345288,wikidata,microtoponym,Парк им. В. И. Ленина (Уфа),,Lenin Garden,,wd:Q911,RU-BA,54.71805556,55.94305556,Q4345288,,,,,active,,wikidata,,2026-09-14,
wd:Q4348479,wikidata,microtoponym,Пензенский ботанический сад,,Botanical garden named Ivan Sprygin,,wd:Q5540,RU-PNZ,53.18663333,45.00312778,Q4348479,,,,,active,,wikidata,,2026-09-14,
wd:Q4345330,wikidata,microtoponym,Парк культуры и отдыха им. М. И. Калинина,,,,wd:Q911,RU-BA,54.8,56.05,Q4345330,,,,,active,,wikidata,,2026-09-14,
wd:Q4361284,wikidata,microtoponym,Петровский сквер,,Petrovsky Garden Square,,wd:Q3426,RU-VOR,51.67388889,39.21166667,Q4361284,,,,,active,,wikidata,,2026-09-14,
wd:Q135441601,wikidata,microtoponym,Кировская пойма,,Kirovskaya poyma,,wd:Q649,RU-MOW,55.815582,37.409725,Q135441601,,,,,active,,wikidata,,2026-09-14,
wd:Q4315883,wikidata,microtoponym,Невский лесопарк,,Nevsky Forest Park,,iso:RU-LEN,RU-LEN,59.833589,30.582729,Q4315883,,,,,active,,wikidata,,2026-09-14,
wd:Q4394390,wikidata,microtoponym,Парк «Ривьера»,,Park Riviera,,iso:RU-KDA,RU-KDA,43.591639,39.715161,Q4394390,,,,,active,,wikidata,,2026-09-14,
wd:Q4336760,wikidata,microtoponym,Орлова роща,,Orlova roshcha,,wd:Q7436,RU-LEN,59.59444,30.13333,Q4336760,,,,,active,,wikidata,,2026-09-14,
wd:Q4290264,wikidata,microtoponym,Мемориальный парк «Победа»,,"Victory Memorial Park, Cheboksary",,wd:Q5470,RU-CU,56.1475,47.26805556,Q4290264,,,,,active,,wikidata,,2026-09-14,
wd:Q4378719,wikidata,microtoponym,Приморский парк (Таганрог),,,,wd:Q170513,RU-ROS,47.2,38.89653056,Q4378719,,,,,active,,wikidata,,2026-09-14,
wd:Q4351676,wikidata,microtoponym,Перовский парк,,Perovsky Park,,wd:Q2364993,RU-MOW,55.741466,37.7752,Q4351676,,,,,active,,wikidata,,2026-09-14,
wd:Q4345329,wikidata,microtoponym,Парк культуры и отдыха им. Ивана Якутова,,Park Imeni Yakutova,,wd:Q911,RU-BA,54.7405,55.951,Q4345329,8445059,,,,active,,wikidata,,2026-09-14,
wd:Q4345228,wikidata,microtoponym,Парк Кирова (Стерлитамак),,Kirov Park,,wd:Q196489,RU-BA,53.6215,55.966,Q4345228,,,,,active,,wikidata,,2026-09-14,
wd:Q4290201,wikidata,microtoponym,Мемориально-парковый комплекс героев Первой мировой войны,,Memorial park complex of the heroes of the First World War,,wd:Q649,RU-MOW,55.800302,37.511784,Q4290201,,,,,active,,wikidata,,2026-09-14,
wd:Q4345319,wikidata,microtoponym,Парк камней,,Park of Stones,,iso:RU-PER,RU-PER,58.005131,56.191483,Q4345319,,,,,active,,wikidata,,2026-09-14,
wd:Q4345262,wikidata,microtoponym,Парк Пушкина (Нижний Новгород),,Pushkin Park,,wd:Q891,RU-NIZ,56.308827,43.997376,Q4345262,,,,,active,,wikidata,,2026-09-14,
wd:Q4345337,wikidata,microtoponym,Парк патриотов,,Patriotov Park,,wd:Q3426,RU-VOR,51.6585,39.2475,Q4345337,,,,,active,,wikidata,,2026-09-14,
wd:Q133248733,wikidata,microtoponym,Духовно-мемориальный комплекс (Ялуторовск),,,,iso:RU-TYU,RU-TYU,56.654597,66.303974,Q133248733,,,,,active,,wikidata,,2026-09-14,
wd:Q4361257,wikidata,microtoponym,Петровский парк,,Petrovsky Park,,wd:Q656,RU-SPE,59.95678,30.27719,Q4361257,,,,,active,,wikidata,,2026-09-14,
wd:Q4345263,wikidata,microtoponym,Парк Сосновая поляна,,Park Sosnovaya Polyana,,wd:Q656,RU-SPE,59.83,30.135,Q4345263,,,,,active,,wikidata,,2026-09-14,
wd:Q139527118,wikidata,microtoponym,Японский сад в Москве,,Japanese garden in Moscow,,wd:Q649,RU-MOW,55.844518,37.614618,Q139527118,,,,,active,,wikidata,,2026-09-14,
wd:Q4322920,wikidata,microtoponym,Ново-Кавголовский лесопарк,,Novo-Kavgolovsky Forest Park,,wd:Q1036323,RU-LEN,60.15027778,30.46722222,Q4322920,,,,,active,,wikidata,,2026-09-14,
wd:Q108769901,wikidata,microtoponym,Парк в селе Новый Милет,,Park in Novy Milet,,iso:RU-MOS,RU-MOS,55.7093,38.05688,Q108769901,,,,,active,,wikidata,,2026-09-14,
wd:Q4379048,wikidata,microtoponym,Природно-исторический парк «Черкизовский»,,Cherkizovo Park,,wd:Q649,RU-MOW,55.80277778,37.73555556,Q4379048,,,,,active,,wikidata,,2026-09-14,
wd:Q140299245,wikidata,microtoponym,Парк Победы,,,,iso:RU-ZAB,RU-ZAB,52.047403,113.472102,Q140299245,,,,,active,,wikidata,,2026-09-14,
wd:Q134695265,wikidata,microtoponym,Семья (парк),,Park named after Ulyanovs family,,iso:RU-ULY,RU-ULY,54.3031,48.3263,Q134695265,,,,,active,,wikidata,,2026-09-14,
wd:Q4345224,wikidata,microtoponym,Парк Дружба,,"Friendship Park, Moscow",,wd:Q649,RU-MOW,55.85305556,37.48055556,Q4345224,,,,,active,,wikidata,,2026-09-14,
wd:Q139487803,wikidata,microtoponym,Парк имени Дурова,,,,wd:Q3426,RU-VOR,51.655495,39.183,Q139487803,,,,,active,,wikidata,,2026-09-14,
wd:Q133796139,wikidata,microtoponym,Парк Трагхайм,,Tragheim park,,iso:RU-KGD,RU-KGD,54.72257,20.5052,Q133796139,,,,,active,,wikidata,,2026-09-14,
wd:Q4349454,wikidata,microtoponym,Первомайский сквер,,,,wd:Q883,RU-NVS,55.02777778,82.91861111,Q4349454,,,,,active,,wikidata,,2026-09-14,
wd:Q4379066,wikidata,microtoponym,Природный парк «Тушинский»,,Tushinsky nature park,,wd:Q649,RU-MOW,55.84472222,37.41138889,Q4379066,,,,,active,,wikidata,,2026-09-14,
wd:Q4363635,wikidata,microtoponym,Пискаревский парк,Пискарёвский парк,Piskaryovsky park,,wd:Q656,RU-SPE,59.99861111,30.405,Q4363635,,,,,active,,wikidata,,2026-09-14,
wd:Q4345272,wikidata,microtoponym,Парк Харинка,,Kharinka park,,wd:Q2630,RU-IVA,56.969369,41.05858,Q4345272,,,,,active,,wikidata,,2026-09-14,
wd:Q4345300,wikidata,microtoponym,Парк имени Коста Хетагурова,,Central Park of Culture and Recreation,,wd:Q5239,RU-SE,43.02611111,44.67888889,Q4345300,8467481,,,,active,,wikidata,,2026-09-14,
wd:Q4345331,wikidata,microtoponym,Парк культуры и отдыха им. Горького (Таганрог),,Gorky Park,,wd:Q170513,RU-ROS,47.22,38.92555556,Q4345331,,,,,active,,wikidata,,2026-09-14,
wd:Q4345274,wikidata,microtoponym,Парк Центрального района Барнаула,,,,iso:RU-ALT,RU-ALT,53.32833333,83.79055556,Q4345274,,,,,active,,wikidata,,2026-09-14,
wd:Q4345298,wikidata,microtoponym,Парк имени Воровского,,,,wd:Q649,RU-MOW,55.81977778,37.50161667,Q4345298,,,,,active,,wikidata,,2026-09-14,
wd:Q4345191,wikidata,microtoponym,Парк-музей имени А. К. Толстого,,Tolstoy Park,,iso:RU-BRY,RU-BRY,53.24638889,34.35944444,Q4345191,,,,,active,,wikidata,,2026-09-14,
wd:Q141192258,wikidata,microtoponym,Загородный парк,,,,wd:Q2684,RU-VLA,56.0975,40.4384,Q141192258,,,,,active,,wikidata,,2026-09-14,
wd:Q4345197,wikidata,microtoponym,Парк 30-летия района Ясенево,,30th Anniversary of Yasenevo District Park,,wd:Q649,RU-MOW,55.60147222,37.55,Q4345197,,,,,active,,wikidata,,2026-09-14,
wd:Q138768751,wikidata,microtoponym,Центральный парк имени Кирова,,,,wd:Q135869,RU-KYA,56.242,93.527,Q138768751,,,,,active,,wikidata,,2026-09-14,
wd:Q4345281,wikidata,microtoponym,Парк Юность,,Youth Recreation Park,,wd:Q1829,RU-KGD,54.72777778,20.515,Q4345281,,,,,active,,wikidata,,2026-09-14,
wd:Q4345336,wikidata,microtoponym,Парк пионеров,,Pioneers' Park,,wd:Q2337,RU-SMO,54.77805556,32.05388889,Q4345336,,,,,active,,wikidata,,2026-09-14,
wd:Q110318614,wikidata,microtoponym,Пальмира,,,,wd:Q649,RU-MOW,55.90458721,37.38095428,Q110318614,,,,,active,,wikidata,,2026-09-14,
wd:Q136694505,wikidata,microtoponym,Парк Победы (Ульяновск),,Pobedy Park (Ulyanovsk),,wd:Q5627,RU-ULY,54.3582,48.3658,Q136694505,,,,,active,,wikidata,,2026-09-14,
wd:Q131797804,wikidata,microtoponym,Парк усадьбы Истье,,Park of Estate in Istye,,iso:RU-RYA,RU-RYA,54.293381,40.110335,Q131797804,,,,,active,,wikidata,,2026-09-14,
wd:Q4345234,wikidata,microtoponym,Парк Ленина (Выборг),,Lenin Park,,wd:Q14657,RU-LEN,60.711738,28.741334,Q4345234,,,,,active,,wikidata,,2026-09-14,
wd:Q4345237,wikidata,microtoponym,Парк Макса Ашманна,,Max Ashmann's Park,,wd:Q1829,RU-KGD,54.748405,20.513407,Q4345237,,,,,active,,wikidata,,2026-09-14,
wd:Q4345256,wikidata,microtoponym,Парк Победы (Тверь),,"Victory Park, Tver",,wd:Q2288,RU-TVE,56.84777778,35.91416667,Q4345256,,,,,active,,wikidata,,2026-09-14,
wd:Q4345208,wikidata,microtoponym,Парк Авиастроителей,,Aviastroiteley Park,,wd:Q3426,RU-VOR,51.64027778,39.2425,Q4345208,,,,,active,,wikidata,,2026-09-14,
wd:Q139899888,wikidata,microtoponym,парк Акведук,,,,wd:Q649,RU-MOW,55.83,37.655,Q139899888,,,,,active,,wikidata,,2026-09-14,
wd:Q4345242,wikidata,microtoponym,Парк Ольденбургского,,The Park of the Farm of Prince of Oldenburg,,wd:Q178310,RU-SPE,59.89527778,29.87277778,Q4345242,,,,,active,,wikidata,,2026-09-14,
wd:Q4345235,wikidata,microtoponym,Парк Липки,,"Lipki Park, Saratov",,wd:Q5332,RU-SAR,51.52888889,46.03722222,Q4345235,,,,,active,,wikidata,,2026-09-14,
wd:Q4345302,wikidata,microtoponym,Парк имени М. В. Фрунзе (Сочи),,"Frunze Park, Sochi",,iso:RU-KDA,RU-KDA,43.568629,39.733608,Q4345302,,,,,active,,wikidata,,2026-09-14,
wd:Q4304236,wikidata,microtoponym,Московский парк Победы,,Moskovsky Victory Park,,wd:Q656,RU-SPE,59.86835,30.32922,Q4304236,,,,,active,,wikidata,,2026-09-14,
wd:Q138263779,wikidata,microtoponym,Филатов луг,,,,wd:Q649,RU-MOW,55.5964856,37.3762089,Q138263779,,,,,active,,wikidata,,2026-09-14,
wd:Q140288578,wikidata,microtoponym,Сквер имени Жукова (Калуга),,,,wd:Q2837,RU-KLU,54.51583333,36.28472222,Q140288578,,,,,active,,wikidata,,2026-09-14,
wd:Q4333022,wikidata,microtoponym,Октябрьская площадь (Екатеринбург),,October Square,,wd:Q887,RU-SVE,56.84247861,60.59626384,Q4333022,,,,,active,,wikidata,,2026-09-14,
wd:Q131417852,wikidata,microtoponym,экотропа ВДНХ,,VDNKh eco-trail,,wd:Q649,RU-MOW,55.83,37.61,Q131417852,,,,,active,,wikidata,,2026-09-14,
wd:Q134444188,wikidata,microtoponym,Владимирский сад,,,,iso:RU-ULY,RU-ULY,54.311002,48.405909,Q134444188,,,,,active,,wikidata,,2026-09-14,
wd:Q4345202,wikidata,microtoponym,Парк «Дружба»,,"Friendship Park, Elista",,wd:Q3977,RU-KL,46.30638889,44.25833333,Q4345202,,,,,active,,wikidata,,2026-09-14,
wd:Q138821780,wikidata,microtoponym,Митрополичий сад,,,,wd:Q656,RU-SPE,59.92,30.383,Q138821780,,,,,active,,wikidata,,2026-09-14,
wd:Q4345328,wikidata,microtoponym,Парк культуры и отдыха им. 500-летия г. Чебоксары,,,,wd:Q5470,RU-CU,56.14944444,47.20972222,Q4345328,,,,,active,,wikidata,,2026-09-14,
wd:Q137774299,wikidata,microtoponym,Горный парк имени Павла Петровича Бажова,,,,wd:Q140087,RU-CHE,55.134047,59.670066,Q137774299,,,,,active,,wikidata,,2026-09-14,
wd:Q132781183,wikidata,microtoponym,Пруд Чернавка,,Chernavka pond,,wd:Q163643,RU-MOS,55.57416,38.23425,Q132781183,,,,,active,,wikidata,,2026-09-14,
wd:Q4345248,wikidata,microtoponym,Парк Победы (Нижний Новгород),,"Victory Park, Nizhny Novgorod",,wd:Q891,RU-NIZ,56.3275,44.035,Q4345248,,,,,active,,wikidata,,2026-09-14,
wd:Q4345210,wikidata,microtoponym,Парк Авиаторов (Москва),,Aviators park (Moscow),,wd:Q649,RU-MOW,55.8013,37.52196,Q4345210,,,,,active,,wikidata,,2026-09-14,
wd:Q137465758,wikidata,microtoponym,Сквер имени Перовской,,Perovskaya Square (Kaluga),,wd:Q2837,RU-KLU,54.50776,36.258984,Q137465758,,,,,active,,wikidata,,2026-09-14,
wd:Q4361256,wikidata,microtoponym,Петровский парк (Москва),,Petrovsky Park,,wd:Q649,RU-MOW,55.79388,37.55607,Q4361256,,,,,active,,wikidata,,2026-09-14,
wd:Q137656825,wikidata,microtoponym,Аллея Тысячи сосен,,,,iso:RU-KDA,RU-KDA,44.630455,39.120328,Q137656825,,,,,active,,wikidata,,2026-09-14,
wd:Q134931068,wikidata,microtoponym,Покровский берег,,Pokrovsky Bereg Park,,wd:Q649,RU-MOW,55.833,37.472,Q134931068,,,,,active,,wikidata,,2026-09-14,
wd:Q132145803,wikidata,microtoponym,Сквер на Мячковском бульваре,,Myachkovsky boulevard park,,wd:Q649,RU-MOW,55.65229,37.75818,Q132145803,,,,,active,,wikidata,,2026-09-14,
wd:Q4345325,wikidata,microtoponym,Парк культуры и отдыха Пролетарского района Тулы,,"Proletarsky Park, Tula",,wd:Q2770,RU-TUL,54.19416667,37.69777778,Q4345325,,,,,active,,wikidata,,2026-09-14,
wd:Q4369708,wikidata,microtoponym,Полежаевский парк,,Polezhaevsky Park,,wd:Q656,RU-SPE,59.838156,30.19177,Q4369708,,,,,active,,wikidata,,2026-09-14,
wd:Q4404475,wikidata,microtoponym,Сад Аквариум,,Aquarium garden,,wd:Q649,RU-MOW,55.7675,37.59527778,Q4404475,,,,,active,,wikidata,,2026-09-14,
wd:Q107983140,wikidata,microtoponym,Центральный парк культуры и отдыха (Йошкар-Ола),,"Central Park of Culture and Leisure, Yoshkar-Ola",,wd:Q5449,RU-ME,56.6366,47.89,Q107983140,,,,,active,,wikidata,,2026-09-14,
wd:Q107136107,wikidata,microtoponym,Парк «Свирская Победа» (Лодейное Поле),,"Svir Victory park, Lodeinoe Pole",,iso:RU-LEN,RU-LEN,60.735833,33.511443,Q107136107,,,,,active,,wikidata,,2026-09-14,
wd:Q56249663,wikidata,microtoponym,Парк Тюфелева роща,,Tyufeleva Roshcha Park,,wd:Q649,RU-MOW,55.69639,37.64139,Q56249663,,,,,active,,wikidata,,2026-09-14,
wd:Q86664180,wikidata,microtoponym,Лесопарк Гагарка,,,,wd:Q194084,RU-SPE,60.085,29.938,Q86664180,,,,,active,,wikidata,,2026-09-14,
wd:Q96970870,wikidata,microtoponym,Парк пионеров-героев,,,,iso:RU-LIP,RU-LIP,53.250347,39.162087,Q96970870,,,,,active,,wikidata,,2026-09-14,
wd:Q85420805,wikidata,microtoponym,парк Металлургов,,,,iso:RU-ORE,RU-ORE,51.245205,58.568067,Q85420805,,,,,active,,wikidata,,2026-09-14,
wd:Q64760090,wikidata,microtoponym,Парк «Александрова Дача» (Павловск),,Alexander Dacha park,,wd:Q177888,RU-SPE,59.6789,30.4224,Q64760090,,,,,active,,wikidata,,2026-09-14,
wd:Q107616872,wikidata,microtoponym,Гончаровский парк (Москва),,Goncharovsky park,,wd:Q649,RU-MOW,55.813337,37.588566,Q107616872,,,,,active,,wikidata,,2026-09-14,
wd:Q107560105,wikidata,microtoponym,«Зеленая дача» (Шуваловский парк),«Зелёная дача» (Шуваловский парк),,,wd:Q656,RU-SPE,60.080297,30.301608,Q107560105,,,,,active,,wikidata,,2026-09-14,
wd:Q50380391,wikidata,microtoponym,Сад Девятого Января,,9 January garden,,wd:Q656,RU-SPE,59.891901,30.276968,Q50380391,,,,,active,,wikidata,,2026-09-14,
wd:Q51881832,wikidata,microtoponym,Парк имени Юрия Гагарина,,,,wd:Q914,RU-VGG,48.78111,44.573472,Q51881832,,,,,active,,wikidata,,2026-09-14,
wd:Q86663409,wikidata,microtoponym,Лесопарк Разлив,,,,wd:Q194084,RU-SPE,60.07666667,29.95694444,Q86663409,,,,,active,,wikidata,,2026-09-14,
wd:Q84606052,wikidata,microtoponym,Центральный парк культуры и отдыха имени В. П. Поляничко,,"Central Park, Orsk",,iso:RU-ORE,RU-ORE,51.22914,58.469317,Q84606052,,,,,active,,wikidata,,2026-09-14,
wd:Q54841702,wikidata,microtoponym,Парк Дзержинского (Новосибирск),,"Dzerzhinsky Park, Novosibirsk",,wd:Q883,RU-NVS,55.06194444,82.99194444,Q54841702,,,,,active,,wikidata,,2026-09-14,
wd:Q62122615,wikidata,microtoponym,Парк технических видов спорта,,Park of technical types of sport,,wd:Q649,RU-MOW,55.653444,37.677389,Q62122615,,,,,active,,wikidata,,2026-09-14,
wd:Q106942072,wikidata,microtoponym,Парк 50-летия Октября (Махачкала),,,,wd:Q5168,RU-DA,42.958713,47.502699,Q106942072,,,,,active,,wikidata,,2026-09-14,
wd:Q55659040,wikidata,microtoponym,Парк Кирова (Новосибирск),,"Kirov Park, Novosibirsk",,wd:Q883,RU-NVS,54.99194444,82.87,Q55659040,,,,,active,,wikidata,,2026-09-14,
wd:Q86664935,wikidata,microtoponym,Парк имени Гагарина,,"Gagarin park, Khabarovsk",,wd:Q4454,RU-KHA,48.441074,135.113853,Q86664935,,,,,active,,wikidata,,2026-09-14,
wd:Q86675577,wikidata,microtoponym,Парк Победы,,Coastal Park of Victory (Petrozavodsk),,wd:Q1895,RU-KR,61.79009,34.384381,Q86675577,,,,,active,,wikidata,,2026-09-14,
wd:Q65224578,wikidata,microtoponym,Исторический сквер,,Historical park,,wd:Q5815,RU-TYU,57.162836,65.520542,Q65224578,,,,,active,,wikidata,,2026-09-14,
wd:Q63489450,wikidata,microtoponym,Кузьминка,,Kuzminka (Teploukhov's garden),,iso:RU-PER,RU-PER,58.566,55.684,Q63489450,,,,,active,,wikidata,,2026-09-14,
wd:Q100882660,wikidata,microtoponym,Губернаторский сад (Нижний Новгород),,Kremlin garden,,wd:Q891,RU-NIZ,56.33014,44.004696,Q100882660,,,,,active,,wikidata,,2026-09-14,
wd:Q95951956,wikidata,microtoponym,Детский парк (Саратов),,"Detskiy Park, Saratov",,wd:Q5332,RU-SAR,51.532,46.008,Q95951956,,,,,active,,wikidata,,2026-09-14,
wd:Q107134327,wikidata,microtoponym,Парк усадьбы Гостилицы,,Gostilitsy Estate park,,iso:RU-LEN,RU-LEN,59.747569,29.612141,Q107134327,,,,,active,,wikidata,,2026-09-14,
wd:Q65125442,wikidata,microtoponym,Парк Оружейника Драгунова,,Square named after Eugene Dragunov,,iso:RU-UD,RU-UD,56.822924,53.137532,Q65125442,,,,,active,,wikidata,,2026-09-14,
wd:Q84953746,wikidata,microtoponym,Парк Железнодорожников,,Railroad Park (Orsk),,iso:RU-ORE,RU-ORE,51.209403,58.617453,Q84953746,,,,,active,,wikidata,,2026-09-14,
wd:Q65123467,wikidata,microtoponym,Тарховка,,Tarkhovsky Forest Park,,wd:Q194084,RU-SPE,60.07,29.96,Q65123467,,,,,active,,wikidata,,2026-09-14,
wd:Q96631147,wikidata,microtoponym,Парк имени Хусейна бен Талала,,Hussein bin Talal Park,,iso:RU-CE,RU-CE,43.29132778,45.70771944,Q96631147,,,,,active,,wikidata,,2026-09-14,
wd:Q66125135,wikidata,microtoponym,Сад Скульптуры (Выборг),,Sculpture garden in Vyborg,,wd:Q14657,RU-LEN,60.711411,28.753392,Q66125135,,,,,active,,wikidata,,2026-09-14,
wd:Q86089060,wikidata,microtoponym,Пищевик,,,,iso:RU-ORE,RU-ORE,51.200255,58.616653,Q86089060,,,,,active,,wikidata,,2026-09-14,
wd:Q51078877,wikidata,microtoponym,Парк Миниатюр архитектурных шедевров России,,park of miniatures,,wd:Q1829,RU-KGD,54.693891,20.517535,Q51078877,,,,,active,,wikidata,,2026-09-14,
wd:Q59689624,wikidata,microtoponym,Сквер Реброва,,,,wd:Q153676,RU-STA,43.9003471,42.7177509,Q59689624,,,,,active,,wikidata,,2026-09-14,
wd:Q84713833,wikidata,microtoponym,Сад имени А. Н. Малишевского,,Malishevsky Garden,,iso:RU-ORE,RU-ORE,51.201831,58.562796,Q84713833,,,,,active,,wikidata,,2026-09-14,
wd:Q68024042,wikidata,microtoponym,Парк ангелов,,Angels' Park,,iso:RU-KEM,RU-KEM,55.343697,86.078347,Q68024042,,,,,active,,wikidata,,2026-09-14,
wd:Q63397666,wikidata,microtoponym,Ахлебиновская роща,,Ahlebinovskaya grove,,wd:Q3544,RU-TAM,52.687822,41.458344,Q63397666,,,,,active,,wikidata,,2026-09-14,
wd:Q84769513,wikidata,microtoponym,парк Строителей,,,,iso:RU-ORE,RU-ORE,51.226215,58.530184,Q84769513,,,,,active,,wikidata,,2026-09-14,
wd:Q73687567,wikidata,microtoponym,Заельцовский парк,,"Zayeltsovsky Park, Novosibirsk",,wd:Q883,RU-NVS,55.05,82.85,Q73687567,,,,,active,,wikidata,,2026-09-14,
wd:Q65300712,wikidata,microtoponym,Парк имени Карима Тинчурина,,Karim Tinchurin park,,wd:Q900,RU-TA,55.7754,49.1065,Q65300712,,,,,active,,wikidata,,2026-09-14,
wd:Q86665076,wikidata,microtoponym,Краевой парк им. Н. Н. Муравьева-Амурского,Краевой парк им. Н. Н. Муравьёва-Амурского,"Muravyov-Amursky Park, Khabarovsk",,wd:Q4454,RU-KHA,48.472245,135.052877,Q86665076,,,,,active,,wikidata,,2026-09-14,
wd:Q86665106,wikidata,microtoponym,Парк Северный,,"Park Severny, Khabarovsk",,wd:Q4454,RU-KHA,48.530861,135.046629,Q86665106,,,,,active,,wikidata,,2026-09-14,
wd:Q50272464,wikidata,microtoponym,Парк Лесотехнической академии,,Park of Saint Petersburg State Forestry Academy,,wd:Q656,RU-SPE,59.992457,30.343419,Q50272464,,,,,active,,wikidata,,2026-09-14,
wd:Q50937084,wikidata,microtoponym,Гидростроитель,,Gidrostroitel,,wd:Q98995,RU-VGG,48.80453,44.74258,Q50937084,,,,,active,,wikidata,,2026-09-14,
wd:Q107133890,wikidata,microtoponym,Дворцово-парковый комплекс «Приорат» (Гатчина),,Priorat,,wd:Q7436,RU-LEN,59.555758,30.119334,Q107133890,,,,,active,,wikidata,,2026-09-14,
wd:Q64759920,wikidata,microtoponym,Отдельный парк,,Otdelny Park,,wd:Q7947,RU-SPE,59.705489,30.426052,Q64759920,,,,,active,,wikidata,,2026-09-14,
wd:Q84728665,wikidata,microtoponym,Парк Машиностроителей,,,,iso:RU-ORE,RU-ORE,51.220492,58.479662,Q84728665,,,,,active,,wikidata,,2026-09-14,
wd:Q99682411,wikidata,microtoponym,Архиерейский сад,,Sverdlov Park,,wd:Q891,RU-NIZ,56.326841,44.012633,Q99682411,,,,,active,,wikidata,,2026-09-14,
wd:Q86671657,wikidata,microtoponym,Парк «За Саймой»,,,,wd:Q183002,RU-KHM,61.2439,73.4263,Q86671657,,,,,active,,wikidata,,2026-09-14,
wd:Q53958098,wikidata,microtoponym,Екатерининский парк в Кронштадте,,Ekaterininsky park,,wd:Q155863,RU-SPE,59.9935567,29.7761679,Q53958098,,,,,active,,wikidata,,2026-09-14,
wd:Q106225644,wikidata,microtoponym,Березовая роща,,,,wd:Q1895,RU-KR,61.780931,34.372579,Q106225644,,,,,active,,wikidata,,2026-09-14,
wd:Q71940009,wikidata,microtoponym,Екатерининский дендрологический парк,,Ekaterinino Arboretum,,iso:RU-TAM,RU-TAM,53.003293,40.828546,Q71940009,,,,,active,,wikidata,,2026-09-14,
wd:Q98522457,wikidata,microtoponym,Парк Дружбы народов (Ульяновск),,Druzhby Narodov Park (Ulyanovsk),,wd:Q5627,RU-ULY,54.317,48.413,Q98522457,,,,,active,,wikidata,,2026-09-14,
wd:Q25394373,wikidata,microtoponym,Нагорный парк,,Nagorny Park in Duderhof,,wd:Q155587,RU-SPE,59.695,30.12583,Q25394373,,,,,active,,wikidata,,2026-09-14,
wd:Q4475863,wikidata,microtoponym,Университетская роща ТГУ,,Universitetskaya Roshcha,,wd:Q976,RU-TOM,56.47079,84.94885,Q4475863,8467452,,,,active,,wikidata,,2026-09-14,
wd:Q4429057,wikidata,microtoponym,Сормовский парк,,Sormovsky park,,wd:Q891,RU-NIZ,56.340546,43.861784,Q4429057,,,,,active,,wikidata,,2026-09-14,
wd:Q29293628,wikidata,microtoponym,Балка имени Игоря Рябинина,,,,wd:Q908,RU-ROS,47.227469,39.618071,Q29293628,,,,,active,,wikidata,,2026-09-14,
wd:Q4504331,wikidata,microtoponym,Центральный парк культуры и отдыха (Курган),,Central Park,,wd:Q13379,RU-KGN,55.43111111,65.32722222,Q4504331,,,,,active,,wikidata,,2026-09-14,
wd:Q4495944,wikidata,microtoponym,Харитоновский сад,,Kharitonov Garden,,wd:Q887,RU-SVE,56.84583333,60.61333333,Q4495944,,,,,active,,wikidata,,2026-09-14,
wd:Q28667841,wikidata,microtoponym,Александровский сад,,Alexander Garden,,wd:Q175452,RU-ROS,47.408348,40.101273,Q28667841,,,,,active,,wikidata,,2026-09-14,
wd:Q37896692,wikidata,microtoponym,Нижне-Исетский лесопарк,,Nizhne-Isetsky Forest Park,,wd:Q887,RU-SVE,56.73389,60.68111,Q37896692,1545715,,,,active,,wikidata,,2026-09-14,
wd:Q19909079,wikidata,microtoponym,Рогожинский парк,,Rogozhinsky park,,wd:Q2770,RU-TUL,54.171921,37.61649,Q19909079,,,,,active,,wikidata,,2026-09-14,
wd:Q30889591,wikidata,microtoponym,Парк Имени Андрея Сулина,,,,iso:RU-ROS,RU-ROS,47.89694444,40.06694444,Q30889591,,,,,active,,wikidata,,2026-09-14,
wd:Q4521742,wikidata,microtoponym,Швейцария (парк),,Shveitsariya Park,,wd:Q891,RU-NIZ,56.274373,43.975014,Q4521742,,,,,active,,wikidata,,2026-09-14,
wd:Q4518730,wikidata,microtoponym,Черное озеро (парк),Чёрное озеро (парк),Sad Chërnoye Ozero,,wd:Q900,RU-TA,55.79481389,49.11855,Q4518730,8142772,,,,active,,wikidata,,2026-09-14,
wd:Q21644587,wikidata,microtoponym,Строгинская пойма,,,,wd:Q649,RU-MOW,55.800721,37.416668,Q21644587,,,,,active,,wikidata,,2026-09-14,
wd:Q21002460,wikidata,microtoponym,Сквер «У шлагбаума»,,The Toll Gate (or Boom Barrier) Square (Taganrog),,wd:Q170513,RU-ROS,47.2224,38.9175,Q21002460,,,,,active,,wikidata,,2026-09-14,
wd:Q21640753,wikidata,microtoponym,Крылья Советов,,«Kryl'ya Sovetov» park,,wd:Q900,RU-TA,55.853107,49.090783,Q21640753,,,,,active,,wikidata,,2026-09-14,
wd:Q28465643,wikidata,microtoponym,Парк имени Октябрьской революции (Ростов-на-Дону),,October Revolution Park,,wd:Q908,RU-ROS,47.23,39.745,Q28465643,,,,,active,,wikidata,,2026-09-14,
wd:Q4404479,wikidata,microtoponym,Сад Блонье,,Blonie garden,,wd:Q2337,RU-SMO,54.78158333,32.04675556,Q4404479,,,,,active,,wikidata,,2026-09-14,
wd:Q21468226,wikidata,microtoponym,Собственная дача,,Private Dacha,,wd:Q178310,RU-SPE,59.893578,29.850022,Q21468226,,,,,active,,wikidata,,2026-09-14,
wd:Q4504339,wikidata,microtoponym,Центральный парк культуры и отдыха имени Маяковского,,Majakovsky Park in Yekaterinburg,,iso:RU-SVE,RU-SVE,56.81388889,60.64583333,Q4504339,8148563,,,,active,,wikidata,,2026-09-14,
wd:Q4408450,wikidata,microtoponym,Саратовский ГПКиО имени М. Горького,,Saratov City Park,,wd:Q5332,RU-SAR,51.51805556,45.99888889,Q4408450,,,,,active,,wikidata,,2026-09-14,
wd:Q4457432,wikidata,microtoponym,Тимирязевский парк,,Timiryazevsky Park,,wd:Q649,RU-MOW,55.819,37.545,Q4457432,,,,,active,,wikidata,,2026-09-14,
wd:Q25395976,wikidata,microtoponym,Верхний парк,,Verkhny park (Sestroretsk),,wd:Q194084,RU-SPE,60.107564,29.95447,Q25395976,,,,,active,,wikidata,,2026-09-14,
wd:Q4404671,wikidata,microtoponym,Парк имени Ю. М. Лужкова,,Yuri Luzhkov Park,,wd:Q649,RU-MOW,55.66194444,37.65388889,Q4404671,,,,,active,,wikidata,,2026-09-14,
wd:Q30889837,wikidata,microtoponym,Парк Осипа Бове,,,,wd:Q649,RU-MOW,55.7694,37.6114,Q30889837,,,,,active,,wikidata,,2026-09-14,
wd:Q4513196,wikidata,microtoponym,Черкизовский парк (Пушкинский район),,"Cherkizovsky Forest Park, Moscow Oblast",,wd:Q1773432,RU-MOS,55.9725,37.80083333,Q4513196,,,,,active,,wikidata,,2026-09-14,
wd:Q4483274,wikidata,microtoponym,Фестивальный парк,,Maryina Roshcha Park,,wd:Q649,RU-MOW,55.79071111,37.61930833,Q4483274,,,,,active,,wikidata,,2026-09-14,
wd:Q37969411,wikidata,microtoponym,Парк культуры и отдыха имени 30-летия Победы,,Park Imeni Tridtsatiletiya Pobedy,,wd:Q3646,RU-KDA,45.01888889,38.95222222,Q37969411,8520099,,,,active,,wikidata,,2026-09-14,
wd:Q28667623,wikidata,microtoponym,Парк культуры и отдыха им. А.П. Гайдара,,Gaidar Park in Arzamas,,wd:Q103789,RU-NIZ,55.40139,43.82556,Q28667623,,,,,active,,wikidata,,2026-09-14,
wd:Q37968760,wikidata,microtoponym,Парк Победы,,Park Pobedy,,iso:RU-SVE,RU-SVE,56.904862,60.5647,Q37968760,8148533,,,,active,,wikidata,,2026-09-14,
wd:Q25396796,wikidata,microtoponym,Дворянское гнездо,,Home of the Gentry,,wd:Q3118,RU-ORL,52.968178,36.051276,Q25396796,,,,,active,,wikidata,,2026-09-14,
wd:Q29293934,wikidata,microtoponym,Парк имени Анатолия Собино,,Anatoly Sobino Park,,wd:Q908,RU-ROS,47.219642,39.671355,Q29293934,,,,,active,,wikidata,,2026-09-14,
wd:Q37969414,wikidata,microtoponym,Чистяковская роща,,Chistyakovskaya grove,,wd:Q3646,RU-KDA,45.05773,38.99498,Q37969414,8520185,,,,active,,wikidata,,2026-09-14,
wd:Q4404491,wikidata,microtoponym,Сад имени Н. Э. Баумана,,Bauman garden,,wd:Q649,RU-MOW,55.7675,37.65888889,Q4404491,,,,,active,,wikidata,,2026-09-14,
wd:Q37969409,wikidata,microtoponym,Парк имени сорокалетия Октября,,Park Imeni Sorokaletiya Oktyabrya,,wd:Q3646,RU-KDA,45.00722222,39.055,Q37969409,8520096,,,,active,,wikidata,,2026-09-14,
wd:Q4449600,wikidata,microtoponym,Таганский парк,,Tagansky Park in Moscow,,wd:Q649,RU-MOW,55.7412186,37.6631802,Q4449600,,,,,active,,wikidata,,2026-09-14,
wd:Q4531687,wikidata,microtoponym,Эммануэлевский парк,,,,wd:Q41970,RU-STA,44.040759,43.084029,Q4531687,,,,,active,,wikidata,,2026-09-14,
wd:Q21654494,wikidata,microtoponym,Национальный конный парк «Русь»,,Rus National Equestrian Park,,wd:Q2627647,RU-MOS,55.546,37.875,Q21654494,,,,,active,,wikidata,,2026-09-14,
wd:Q13668124,wikidata,microtoponym,Каменный Лог (Липецк),,The lower reaches of Kamenny Log,,wd:Q3490,RU-LIP,52.60888889,39.57472222,Q13668124,,,,,active,,wikidata,,2026-09-14,
wd:Q37803962,wikidata,microtoponym,Горлесопарк Лебяжье,,Lebyazhe Forest Park,,wd:Q900,RU-TA,55.84686,48.98021,Q37803962,8142288,,,,active,,wikidata,,2026-09-14,
wd:Q21644540,wikidata,microtoponym,"Одинцовский парк культуры, спорта и отдыха",,Sports park in Odintsovo,,wd:Q175742,RU-MOS,55.69,37.251,Q21644540,,,,,active,,wikidata,,2026-09-14,
wd:Q37963016,wikidata,microtoponym,Уктусский лесопарк,,Uktussky Forest Park,,wd:Q887,RU-SVE,56.75388889,60.65333333,Q37963016,1545714,,,,active,,wikidata,,2026-09-14,
wd:Q28465494,wikidata,microtoponym,Лога,,Loga Park,,iso:RU-ROS,RU-ROS,48.351782,40.295459,Q28465494,,,,,active,,wikidata,,2026-09-14,
wd:Q27437545,wikidata,microtoponym,парк Школьников,,Shkolnikov Park,,wd:Q649,RU-MOW,55.6689,37.4597,Q27437545,,,,,active,,wikidata,,2026-09-14,
wd:Q19916406,wikidata,microtoponym,Парк чернобыльцев,,,,wd:Q15767,RU-KDA,44.9987,41.1184,Q19916406,,,,,active,,wikidata,,2026-09-14,
wd:Q29287877,wikidata,microtoponym,Парк Авиаторов (Ростов-на-Дону),,Park of Aviators,,wd:Q908,RU-ROS,47.250657,39.788477,Q29287877,,,,,active,,wikidata,,2026-09-14,
wd:Q4504337,wikidata,microtoponym,Центральный парк культуры и отдыха имени Мажита Гафури,,Tsentral'nyy Park Kul'tury I Otdykha Imeni Gafuri,,wd:Q911,RU-BA,54.77307,56.02271,Q4504337,8443618,,,,active,,wikidata,,2026-09-14,
wd:Q37817887,wikidata,microtoponym,Калиновский Лесопарк,,Kalinovsky Forest Park,,wd:Q887,RU-SVE,56.89611,60.65333,Q37817887,1545729,,,,active,,wikidata,,2026-09-14,
wd:Q13668122,wikidata,microtoponym,Удельный парк,,Udelny Park,,wd:Q656,RU-SPE,60.005,30.3125,Q13668122,,,,,active,,wikidata,,2026-09-14,
wd:Q13668149,wikidata,microtoponym,Парк культуры и отдыха имени Максима Горького (Ростов-на-Дону),,Gorky Park,,iso:RU-ROS,RU-ROS,47.222384,39.709731,Q13668149,,,,,active,,wikidata,,2026-09-14,
wd:Q4421715,wikidata,microtoponym,Сквер имени Ф. М. Решетникова,,Skver Imeni Reshetnikova,,iso:RU-PER,RU-PER,58.01833333,56.24222222,Q4421715,8142795,,,,active,,wikidata,,2026-09-14,
wd:Q4449599,wikidata,microtoponym,Таганский парк (Екатеринбург),,Tagansky Park in Yekaterinburg,,wd:Q887,RU-SVE,56.86527778,60.54638889,Q4449599,,,,,active,,wikidata,,2026-09-14,
wd:Q21636064,wikidata,microtoponym,Березовая роща,Берёзовая роща,,,wd:Q883,RU-NVS,55.04666667,82.95194444,Q21636064,,,,,active,,wikidata,,2026-09-14,
wd:Q21641331,wikidata,microtoponym,Лядской сад,,Lyadskoy garden,,wd:Q900,RU-TA,55.793023,49.134,Q21641331,8142774,,,,active,,wikidata,,2026-09-14,
wd:Q4429732,wikidata,microtoponym,Сосновый Лес (урочище),,,,wd:Q3490,RU-LIP,52.59611111,39.51555556,Q4429732,,,,,active,,wikidata,,2026-09-14,
wd:Q4404478,wikidata,microtoponym,Сад Бенуа,,Forest dairy farm of Julius Benois,,wd:Q656,RU-SPE,60.0175,30.37,Q4404478,,,,,active,,wikidata,,2026-09-14,
wd:Q21645779,wikidata,microtoponym,Щукинский лесопарк,,Shchukinsky Forest Park,,wd:Q649,RU-MOW,55.8068,37.4726,Q21645779,,,,,active,,wikidata,,2026-09-14,
wd:Q4504335,wikidata,microtoponym,Центральный парк культуры и отдыха им. Горького,,Maxim Gorky Central Park of Culture and Recreation,,wd:Q900,RU-TA,55.8,49.14722,Q4504335,,,,,active,,wikidata,,2026-09-14,
wd:Q37857779,wikidata,microtoponym,Лесопарк Лесоводов России,,Foresters of Russia Forest Park,,wd:Q887,RU-SVE,56.80444,60.67056,Q37857779,1545734,,,,active,,wikidata,,2026-09-14,
wd:Q4444064,wikidata,microtoponym,Строгановская дача,,Stroganova dacha,,wd:Q656,RU-SPE,59.983421,30.3072,Q4444064,,,,,active,,wikidata,,2026-09-14,
wd:Q13668132,wikidata,microtoponym,Милютинский сад,,Milyutinsky Garden,,wd:Q649,RU-MOW,55.75611111,37.64666667,Q13668132,,,,,active,,wikidata,,2026-09-14,
wd:Q28466596,wikidata,microtoponym,Детский парк имени Вити Черевичкина,,Vitya Cherevichkin Children's Park,,wd:Q908,RU-ROS,47.2272,39.7492,Q28466596,,,,,active,,wikidata,,2026-09-14,
wd:Q25396107,wikidata,microtoponym,Парк культуры и отдыха,,Park of Culture and Rest,,wd:Q3118,RU-ORL,52.973676,36.07001,Q25396107,,,,,active,,wikidata,,2026-09-14,
wd:Q4417968,wikidata,microtoponym,Дубки,,Nearest Dubki Park,,wd:Q194084,RU-SPE,60.08978,29.933796,Q4417968,,,,,active,,wikidata,,2026-09-14,
wd:Q21287163,wikidata,microtoponym,Петровский парк (Выборг),,Petrovsky Park in Vyborg,,wd:Q14657,RU-LEN,60.71666667,28.72333333,Q21287163,,,,,active,,wikidata,,2026-09-14,
wd:Q4404492,wikidata,microtoponym,Сад имени Салавата Юлаева,,"Salavat Yulayev Garden, Ufa",,wd:Q911,RU-BA,54.7123,55.9526,Q4404492,,,,,active,,wikidata,,2026-09-14,
wd:Q23304777,wikidata,microtoponym,Первомайский сад,,Pervomaysky Garden,,wd:Q3426,RU-VOR,51.676003,39.211427,Q23304777,,,,,active,,wikidata,,2026-09-14,
wd:Q13668143,wikidata,microtoponym,Городской сад (Курган),,Gorodskoy Garden,,wd:Q13379,RU-KGN,55.43916667,65.34444444,Q13668143,,,,,active,,wikidata,,2026-09-14,
wd:Q19909165,wikidata,microtoponym,Щепкинский лес,,Schepkinsky Forest,,wd:Q908,RU-ROS,47.33056111,39.78028056,Q19909165,,,,,active,,wikidata,,2026-09-14,
wd:Q13668128,wikidata,microtoponym,Зеленая Роща,Зелёная Роща,Zelenaya Roscha,,wd:Q887,RU-SVE,56.82222222,60.59444444,Q13668128,,,,,active,,wikidata,,2026-09-14,
wd:Q29347389,wikidata,microtoponym,Парк имени Октября (Ростов-на-Дону),,October Park,,wd:Q908,RU-ROS,47.259727,39.681308,Q29347389,,,,,active,,wikidata,,2026-09-14,
wd:Q20279500,wikidata,microtoponym,Парк Северного речного вокзала,,Park of North River Terminal,,wd:Q649,RU-MOW,55.851597,37.469486,Q20279500,,,,,active,,wikidata,,2026-09-14,
wd:Q4404480,wikidata,microtoponym,Сад Ермака,,Garden of Ermak,,wd:Q168782,RU-TYU,58.19833333,68.25694444,Q4404480,,,,,active,,wikidata,,2026-09-14,
wd:Q21406859,wikidata,microtoponym,У моря Обского (парк),,,,wd:Q883,RU-NVS,54.845,82.96139,Q21406859,,,,,active,,wikidata,,2026-09-14,
wd:Q25396450,wikidata,microtoponym,Средний парк,,Sredny park (Sestroretsk),,wd:Q194084,RU-SPE,60.104,29.952,Q25396450,,,,,active,,wikidata,,2026-09-14,
wd:Q4493322,wikidata,microtoponym,Фуксовский сад,,Fuchs garden,,wd:Q900,RU-TA,55.79973056,49.12991111,Q4493322,8142778,,,,active,,wikidata,,2026-09-14,
wd:Q25394485,wikidata,microtoponym,Парк Мира,,,,wd:Q1957,RU-VLG,59.245,39.884,Q25394485,,,,,active,,wikidata,,2026-09-14,
wd:Q28465819,wikidata,microtoponym,Елизаветинский парк (Таганрог),,Elizabeth Park,,wd:Q170513,RU-ROS,47.1997,38.8811,Q28465819,,,,,active,,wikidata,,2026-09-14,
wd:Q4410311,wikidata,microtoponym,Светлая Поляна (эколого-этнографический парк),,Svetlaya Polyana,,iso:RU-BU,RU-BU,53.271458,108.758538,Q4410311,,,,,active,,wikidata,,2026-09-14,
wd:Q28925065,wikidata,microtoponym,Парк имени 1 Мая (Ростов-на-Дону),,May Day Park,,wd:Q908,RU-ROS,47.2275,39.74,Q28925065,,,,,active,,wikidata,,2026-09-14,
wd:Q13668155,wikidata,microtoponym,Парк культуры и отдыха имени Николая Островского,,Nikolai Ostrovsky Recreation Park,,wd:Q908,RU-ROS,47.2445887,39.75930691,Q13668155,8145365,,,,active,,wikidata,,2026-09-14,
wd:Q37969081,wikidata,microtoponym,Парк Имени Гагарина,,Park Imeni Gagarina,,iso:RU-CHE,RU-CHE,55.16333333,61.36583333,Q37969081,8430483,,,,active,,wikidata,,2026-09-14,
wd:Q4504336,wikidata,microtoponym,Центральный парк культуры и отдыха им. П. П. Белоусова,,P. Belousov Central Park of Culture and Recreation,,wd:Q2770,RU-TUL,54.18138889,37.58638889,Q4504336,,,,,active,,wikidata,,2026-09-14,
wd:Q25396461,wikidata,microtoponym,Нижний парк,,Nizhny park (Sestroretsk),,wd:Q194084,RU-SPE,60.098146,29.949868,Q25396461,,,,,active,,wikidata,,2026-09-14,
wd:Q37963020,wikidata,microtoponym,Шувакишский лесопарк,,Shuvakishskiy Lesopark,,iso:RU-SVE,RU-SVE,56.8975,60.54388889,Q37963020,1545725,,,,active,,wikidata,,2026-09-14,
wd:Q4537468,wikidata,microtoponym,Ялтинский парк,,Yalta Park,,wd:Q1829,RU-KGD,54.70805556,20.54166667,Q4537468,,,,,active,,wikidata,,2026-09-14,
wd:Q37969390,wikidata,microtoponym,Парк Гвардейский,,Park Gvardeyskiy,,wd:Q919,RU-KYA,56.05611111,92.98305556,Q37969390,8477124,,,,active,,wikidata,,2026-09-14,
wd:Q4504340,wikidata,microtoponym,Центральный парк культуры и отдыха имени С. М. Кирова,,Kirov Central Park,,wd:Q656,RU-SPE,59.979257,30.260092,Q4504340,,,,,active,,wikidata,,2026-09-14,
wd:Q33916748,wikidata,microtoponym,Папульский парк,,Park of Papula in Vyborg,,wd:Q14657,RU-LEN,60.72055556,28.77416667,Q33916748,,,,,active,,wikidata,,2026-09-14,
wd:Q4533987,wikidata,microtoponym,Южно-Сибирский ботанический сад,,South Siberian Botanical Garden,,wd:Q6014,RU-ALT,53.26666667,83.66666667,Q4533987,,,,,active,,wikidata,,2026-09-14,
wd:Q4419397,wikidata,microtoponym,Сильвия (парк),,Sylvia park (Gatchina),,wd:Q7436,RU-LEN,59.56847222,30.09388889,Q4419397,,,,,active,,wikidata,,2026-09-14,
wd:Q28792804,wikidata,microtoponym,Александровский парк (Шахты),,,,wd:Q198206,RU-ROS,47.706017,40.205273,Q28792804,,,,,active,,wikidata,,2026-09-14,
wd:Q4504332,wikidata,microtoponym,Центральный парк культуры и отдыха им. В. Г. Белинского,,"Belinsky Park, Penza",,wd:Q5540,RU-PNZ,53.185901,45.00052,Q4504332,,,,,active,,wikidata,,2026-09-14,
